Datum,Mahlzeit,Produkt,Menge,Kalorien,Protein (g),Fett (g),Kohlenhydrate (g)
2023-08-16,breakfast,Spiegelei,140.0g,273.0,18.2,22.1,1.4
2023-08-16,breakfast,Schinkenwürfel,40.0g,92.8,10.8,1.2,0.4
2023-08-16,breakfast,"Kuhmilch (Vollmilch) 3,5% Fett",75.0g,48.8,2.5,2.7,3.5
2023-08-16,breakfast,Parmesan Käse,40.0g,158.4,12.3,12.2,0.0
2023-08-16,breakfast,"Nektarine, frisch",125.0g,71.2,1.1,0.1,15.5
2023-08-16,lunch,Singapur Nudeln ,470.0g,681.5,21.6,22.6,94.0
2023-08-16,snack,Gruyère,100.0g,455.3,15.8,15.8,60.5
2023-08-16,snack,Gruyère,38.0g,173.0,6.0,6.0,23.0
2023-08-16,snack,Total Protein Cinni Crunchy Shake,25.0g,40.0,4.5,1.8,1.2
2023-08-17,breakfast,Spiegelei,140.0g,273.0,18.2,22.1,1.4
2023-08-17,breakfast,Schinkenwürfel,40.0g,92.8,10.8,1.2,0.4
2023-08-17,breakfast,"Kuhmilch (Vollmilch) 3,5% Fett",75.0g,48.8,2.5,2.7,3.5
2023-08-17,breakfast,Parmesan Käse,40.0g,158.4,12.3,12.2,0.0
2023-08-17,snack,Fanta Exotic,500.0g,15.0,0.0,0.0,2.5
2023-08-17,lunch,Dürüm Döner,400.0g,700.0,44.0,28.0,72.0
2023-08-17,dinner,Dürüm Döner,400.0g,700.0,44.0,28.0,72.0
2023-08-17,snack,"Nektarine, frisch",125.0g,71.2,1.1,0.1,15.5
2023-08-17,snack,"Nektarine, frisch",250.0g,142.5,2.2,0.2,31.0
2023-08-18,breakfast,Mozzarella,200.0g,540.0,42.0,40.0,1.6
2023-08-18,lunch,"Frikadellen (Bouletten, Hackfleischbällchen)",170.0g,362.1,27.4,23.6,9.9
2023-08-18,lunch,Ofenkartoffeln (Folienkartoffeln),120.0g,84.0,2.3,0.0,17.3
2023-08-18,lunch,Dinkelspätzle,60.0g,106.2,4.8,3.0,15.0
2023-08-18,snack,Energy milk high protein,330.0g,194.7,26.4,3.3,16.5
2023-08-18,snack,"Erdnüsse im Teigmantel, Paprika",50.0g,279.0,7.5,17.5,22.0
2023-08-18,dinner,BBQ Poulet -Grillfackeln,500.0g,680.0,95.0,31.0,5.0
2023-08-18,breakfast,Vollkornsandwich,150.0g,382.5,12.0,7.5,61.5
2023-08-19,breakfast,Skyr Natur,500.0g,315.0,53.0,1.0,20.0
2023-08-19,breakfast,1 Scheibe Roggenbrot,20.0g,46.0,1.2,0.1,3.7
2023-08-19,dinner,Kartoffelwürfel,150.0g,270.0,4.7,6.8,45.0
2023-08-19,dinner,Fisch Filet Wels,200.0g,366.0,37.4,24.0,0.0
2023-08-19,snack,Zitronenrahmsauce,60.0g,52.8,2.4,2.5,5.5
2023-08-19,snack,Bounty,28.5g,139.1,1.1,7.4,16.7
2023-08-19,snack,"Saft vom Fass, alkohilfrei",1000.0g,180.0,1.0,0.0,42.0
2023-08-19,snack,Pringles Original,40.0g,211.2,2.5,12.4,21.6
2023-08-19,lunch,Cervelas,100.0g,245.0,14.0,21.0,0.0
2023-08-19,lunch,"Nektarine, frisch",125.0g,71.2,1.1,0.1,15.5
2023-08-19,lunch,"Nektarine, frisch",125.0g,71.2,1.1,0.1,15.5
2023-08-19,lunch,1 Scheibe Roggenbrot,80.0g,184.0,4.8,0.2,14.9
2023-08-20,breakfast,Dinkelzopf,100.0g,319.0,9.1,7.5,52.0
2023-08-20,breakfast,magerquark M- Budget,500.0g,315.0,48.5,2.5,28.5
2023-08-20,lunch,Pouletschenkel,150.0g,261.0,25.5,16.5,2.5
2023-08-20,lunch,Risotto,350.0g,462.0,24.5,14.0,35.0
2023-08-20,dinner,Dinkelzopf,200.0g,638.0,18.2,15.0,104.0
2023-08-20,dinner,Hamburger (patty),90.0g,189.0,16.2,13.5,0.7
2023-08-20,dinner,"Eisbergsalat, frisch",100.0g,15.0,1.0,0.2,1.6
2023-08-20,dinner,Schweinsnierstück plätzli,100.0g,163.0,22.7,3.0,0.1
2023-08-21,breakfast,Quarkhimmel,500.0g,265.0,43.0,2.5,22.5
2023-08-21,breakfast,Briochezopf,50.0g,181.5,4.3,6.5,25.0
2023-08-21,lunch,Pouletschenkel,300.0g,522.0,51.0,33.0,5.1
2023-08-21,lunch,Risotto,350.0g,462.0,24.5,14.0,35.0
2023-08-21,breakfast,Alpstein Bergkäse,35.0g,132.3,9.4,10.5,0.0
2023-08-21,dinner,Alpstein Bergkäse,25.0g,94.5,6.8,7.5,0.0
2023-08-21,snack,Kokos-Mandel Protein Riegel,70.0g,265.3,31.5,10.5,2.1
2023-08-21,dinner,"Garnelen, gar",200.0g,184.0,35.0,3.6,2.2
2023-08-21,dinner,Sojabohnensalat,100.0g,124.0,7.4,5.1,9.8
2023-08-21,dinner,Quark mit Früchten ,60.0g,44.8,2.2,0.3,8.7
2023-08-22,breakfast,magerquark M- Budget,300.0g,189.0,29.1,1.5,17.1
2023-08-22,lunch,Grüner Salat,50.0g,6.0,0.7,0.1,0.6
2023-08-22,breakfast,"Apfel (mit Schale), frisch",84.5g,54.9,0.3,0.1,12.1
2023-08-22,breakfast,Banana,105.0g,93.5,1.2,0.3,23.9
2023-08-22,lunch,Spaghetti Bolognese,300.0g,429.0,18.6,10.5,62.4
2023-08-22,snack,Crispy Cookie,55.0g,210.7,20.4,8.2,2.8
2023-08-22,snack,Kokos-Mandel Protein Riegel,35.0g,132.7,15.8,5.2,1.1
2023-08-22,dinner,Pouletschenkel Steak,200.0g,230.0,40.0,8.0,1.0
2023-08-22,dinner,Mandeln,75.0g,458.2,18.0,39.8,4.3
2023-08-22,snack,Gruyère,38.0g,173.0,6.0,6.0,23.0
2023-08-23,breakfast,magerquark M- Budget,300.0g,189.0,29.1,1.5,17.1
2023-08-23,breakfast,magerquark M- Budget,500.0g,315.0,48.5,2.5,28.5
2023-08-23,breakfast,Urdinkelbrötli,70.0g,189.7,7.1,2.6,33.0
2023-08-23,breakfast,Alpstein Bergkäse,35.0g,132.3,9.4,10.5,0.0
2023-08-23,lunch,Gemischter Salat,480.0g,172.8,7.2,1.4,30.7
2023-08-23,lunch,Chicken Nuggets,160.0g,491.2,25.4,32.6,23.8
2023-08-23,snack,Heidelbeere Energy Drink,250.0g,115.0,0.0,0.0,27.0
2023-08-23,dinner,Urdinkelbrötli,70.0g,189.7,7.1,2.6,33.0
2023-08-23,dinner,Mozzarella,160.0g,432.0,33.6,32.0,1.3
2023-08-24,breakfast,magerquark M- Budget,500.0g,315.0,48.5,2.5,28.5
2023-08-24,breakfast,Apfelschorle (Apfelsaftschorle),1000.0g,330.0,2.0,0.0,78.0
2023-08-24,breakfast,"Apfel (mit Schale), frisch",130.0g,84.5,0.4,0.1,18.6
2023-08-24,breakfast,"Pfirsich, frisch",130.0g,57.2,1.0,0.1,11.6
2023-08-24,breakfast,Banana 1 medium,100.0g,0.0,0.0,0.0,0.0
2023-08-24,breakfast,Lowcarp Magerquark Pizza,500.0g,718.5,75.0,33.5,23.5
2023-08-24,snack,Schokokuchen ,150.0g,562.5,9.0,24.0,76.5
2023-08-24,dinner,Hamburger,220.0g,558.8,25.7,26.8,54.6
2023-08-25,breakfast,magerquark M- Budget,500.0g,315.0,48.5,2.5,28.5
2023-08-25,snack,Laugenbrezel mit Butter,70.0g,241.5,5.5,8.2,36.1
2023-08-25,snack,Kinder Bueno,43.0g,246.0,3.7,16.0,21.3
2023-08-25,lunch,Pouletschenkel,300.0g,522.0,51.0,33.0,5.1
2023-08-25,lunch,Risotto,250.0g,330.0,17.5,10.0,25.0
2023-08-25,dinner,Mozzarella,300.0g,810.0,63.0,60.0,2.4
2023-08-25,dinner,Maiskörner Migros,285.0g,210.9,5.7,2.9,37.0
2023-08-26,dinner,Pizza mit Hack Sauce Hollondaise und Brokkoli,500.0g,1500.0,33.5,66.5,66.5
2023-08-26,breakfast,magerquark M- Budget,500.0g,315.0,48.5,2.5,28.5
2023-08-26,breakfast,Dinkelzopf,200.0g,638.0,18.2,15.0,104.0
2023-08-26,lunch,Maiskörner Migros,285.0g,210.9,5.7,2.9,37.0
2023-08-26,lunch,Rosa Thunfisch im Salzwasser,155.0g,162.8,38.8,0.9,0.0
2023-08-26,lunch,"Eisbergsalat, frisch",100.0g,15.0,1.0,0.2,1.6
2023-08-26,lunch,"Salatgurke (ohne Schale), frisch",160.0g,19.2,1.0,0.3,3.5
2023-08-26,lunch,Salatsauce French Dressing,170.0g,384.2,1.5,40.8,2.5
2023-08-27,breakfast,magerquark M- Budget,500.0g,315.0,48.5,2.5,28.5
2023-08-27,lunch,Griechischer Tomatenreis,400.0g,700.0,12.0,24.0,108.0
2023-08-27,lunch,Gyros/Drehspieß vom Griechen,150.0g,219.0,25.4,12.4,1.5
2023-08-27,lunch,Griechischer Gurkensalat,350.0g,373.8,10.5,17.5,14.0
2023-08-28,breakfast,Rührei (2 Eier),100.0g,140.0,12.0,10.0,1.0
2023-08-28,breakfast,Vorder-Schinkenwürfeli,80.0g,111.2,14.4,5.6,0.8
2023-08-28,breakfast,Alpstein Bergkäse,50.0g,189.0,13.5,15.0,0.0
2023-08-28,lunch,Schübling,100.0g,238.0,10.1,20.6,1.3
2023-08-28,lunch,"Brokkoli (Broccoli), gekocht",100.0g,27.0,2.8,0.2,2.0
2023-08-28,lunch,Spiral-Nudeln ,200.0g,730.0,30.0,5.6,136.0
2023-08-28,dinner,Protein Bar - Crispy Cookie,55.0g,210.7,20.4,8.2,20.4
2023-08-28,dinner,Mozzarella,200.0g,488.0,38.0,36.0,3.0
2023-08-29,breakfast,"Erdnüsse, geröstet & gesalzen",100.0g,619.0,24.0,51.0,11.0
2023-08-29,breakfast,Urdinkelbrötli,70.0g,189.7,7.1,2.6,33.0
2023-08-29,breakfast,Protein Bar - Crispy Cookie,55.0g,210.7,20.4,8.2,20.4
2023-08-29,dinner,Poulet Sweet & Sour,230.0g,582.8,20.7,23.0,71.1
2023-08-29,lunch,Pouletschnitzel,100.0g,118.0,25.0,2.0,0.0
2023-08-29,lunch,"Fischfrikadelle, gebraten",100.0g,180.0,14.9,8.1,11.2
2023-08-29,lunch,Kartoffelwürfel (Airfryer) ,350.0g,350.0,7.0,8.8,59.5
2023-08-30,dinner,Reis mit Vegi Curry,1.0 Portion(en),1039.5,43.0,24.8,153.6
2023-08-30,dinner,"Nektarine, frisch",125.0g,71.2,1.1,0.1,15.5
2023-08-30,dinner,Protein Bar - Crispy Cookie,55.0g,210.7,20.4,8.2,20.4
2023-08-30,lunch,Pouletbrust,120.0g,136.8,30.0,1.8,1.2
2023-08-30,lunch,"Spaghetti, cooked",400.0g,632.0,23.2,3.6,123.6
2023-08-30,dinner,Butter Chicken mit Basmati Reis,440.0g,722.5,33.4,31.2,74.8
2023-08-30,breakfast,Roggenbrötchen,60.0g,133.8,3.6,0.6,27.8
2023-08-30,breakfast,Alpstein Bergkäse,50.0g,189.0,13.5,15.0,0.0
2023-08-31,dinner,Tafeltrauben hell kernlos,250.0g,167.5,1.8,0.8,38.0
2023-08-31,dinner,Mandeln,250.0g,1527.5,60.0,132.5,14.2
2023-08-31,lunch,Maisgrieß (Polenta),120.0g,424.8,10.6,1.3,88.6
2023-08-31,lunch,"Lauch (Porree), gekocht",125.0g,36.2,2.6,0.4,4.1
2023-08-31,lunch,Schweins Voressen,100.0g,143.0,21.0,7.0,1.0
2023-08-31,lunch,Kalbs Voressen,150.0g,163.5,31.5,3.8,1.5
2023-09-01,breakfast,Joghurt Mokka,200.0g,186.0,7.0,6.0,26.0
2023-09-01,breakfast,Bauernbrot,100.0g,225.0,7.4,1.0,45.9
2023-09-01,breakfast,Pouletbrust Aufschnitt,91.0g,83.7,18.2,0.9,0.5
2023-09-01,lunch,"Rind, Hackfleisch Gehacktes, gar",300.0g,819.0,76.2,54.6,0.0
2023-09-01,lunch,Kartoffelstock ,200.0g,206.0,4.2,10.4,23.6
2023-09-01,snack,Apero tete de moine AOP,52.0g,217.9,13.0,17.8,0.1
2023-09-01,snack,apero gruyère AOP,52.0g,215.8,17.2,16.1,0.5
2023-09-01,snack,White chocolate almond ,55.0g,200.2,19.8,8.2,15.9
2023-09-01,dinner,chicken strips paprika ,138.0g,133.9,24.8,2.8,2.1
2023-09-02,breakfast,Quarkhimmel,500.0g,265.0,43.0,2.5,22.5
2023-09-02,breakfast,Trutenbrust,100.0g,108.0,21.0,2.0,1.0
2023-09-02,snack,"Nektarine, frisch",125.0g,71.2,1.1,0.1,15.5
2023-09-02,snack,"Nektarine, frisch",125.0g,71.2,1.1,0.1,15.5
2023-09-02,dinner,Trutenbrust hauchdünn,150.0g,142.5,31.5,1.5,0.8
2023-09-02,dinner,"Erdnüsse, geröstet & gesalzen",200.0g,1238.0,48.0,102.0,22.0
2023-09-03,breakfast,magerquark M- Budget,500.0g,315.0,48.5,2.5,28.5
2023-09-03,lunch,Mozzarella,150.0g,366.0,28.5,27.0,2.2
2023-09-03,lunch,BBQ Pouletbrust Spiessli,300.0g,333.0,66.3,6.6,2.4
2023-09-04,breakfast,Trutenbrust,44.0g,47.5,9.2,0.9,0.4
2023-09-04,breakfast,Magerquark,500.0g,315.0,50.0,2.5,20.0
2023-09-04,lunch,30% Protein Plus Chocolate Powerbar,55.0g,190.3,17.1,4.3,17.1
2023-09-04,lunch,"Dinkelnudeln, gekocht",300.0g,384.0,13.8,3.3,72.0
2023-09-04,lunch,"Ghackets, selfmade",200.0g,290.6,26.4,16.8,6.8
2023-09-04,dinner,Pouletfilet-Spiessli nature,320.0g,316.8,76.2,1.6,1.6
2023-09-04,dinner,Älplermagronen,150.0g,209.8,8.4,9.6,22.8
2023-09-04,snack,White chocolate almond ,55.0g,200.2,19.8,8.2,15.9
2023-09-04,breakfast,Kokos-Mandel Protein Riegel,35.0g,132.7,15.8,5.2,1.1
2023-09-05,lunch,Lasagne Bolognese,500.0g,855.0,40.5,42.5,74.5
2023-09-05,breakfast,magerquark M- Budget,500.0g,315.0,48.5,2.5,28.5
2023-09-05,snack,White chocolate almond ,55.0g,200.2,19.8,8.2,15.9
2023-09-05,snack,Kokos-Mandel Protein Riegel,35.0g,132.7,15.8,5.2,1.1
2023-09-05,dinner,Corn Strips,70.0g,336.7,5.5,15.4,42.0
2023-09-05,dinner,Rinds-Geschnetzeltes,50.0g,57.0,11.0,1.3,0.4
2023-09-05,dinner,"Kartoffelstock, gekocht",192.0g,138.2,4.4,2.1,23.0
2023-09-06,breakfast,magerquark M- Budget,500.0g,315.0,48.5,2.5,28.5
2023-09-06,lunch,Rinds-Geschnetzeltes,100.0g,114.0,22.0,2.6,0.8
2023-09-06,lunch,"Kartoffelstock, gekocht",300.0g,216.0,6.9,3.3,36.0
2023-09-07,breakfast,magerquark M- Budget,500.0g,315.0,48.5,2.5,28.5
2023-09-07,lunch,Döner Kebab,360.0g,626.4,37.8,17.6,74.9
2023-09-07,dinner,Kartoffelsalat,500.0g,520.0,8.5,24.0,63.0
2023-09-09,dinner,Pouletgeschnetzeltes mit Nudeln,500.0g,820.0,33.0,36.0,80.0
2023-09-09,lunch,Penne cinque pi,500.0g,1240.0,36.5,53.5,153.5
2023-09-15,lunch,Apero Sbrinz AOP,70.0g,301.0,21.0,23.8,0.3
2023-09-15,lunch,apero gruyère AOP,52.0g,215.8,17.2,16.1,0.5
2023-09-15,lunch,Tagliatelle verdi al Prosciutto Crudo,360.0g,684.0,31.3,31.7,64.8
2023-09-15,breakfast,"Apfel (mit Schale), frisch",130.0g,84.5,0.4,0.1,18.6
2023-09-15,breakfast,Banana,105.0g,93.5,1.2,0.3,23.9
2023-09-15,breakfast,Gruyère,38.0g,173.0,6.0,6.0,23.0
2023-09-19,snack,Whey&Crispy  white chocolate,50.0g,269.0,15.5,16.5,14.5
2023-09-22,lunch,Appenzeller Siedwurst roh,240.0g,585.6,26.4,52.8,2.4
2023-09-22,lunch,Käsenudeln,300.0g,411.6,19.5,16.8,44.7
2023-09-29,dinner,Pasta Chicken Alfredo,660.0g,1287.0,41.6,81.2,93.1
2023-11-06,lunch,Pouletbrust mit Curry,150.0g,157.5,33.0,2.1,1.4
2023-11-06,lunch,Bürli,200.0g,534.0,22.0,2.0,104.0
2023-11-06,breakfast,Gruyère,140.0g,637.4,22.1,22.1,84.7
2023-11-06,breakfast,Farmer joghurt,26.0g,113.9,2.6,4.2,16.4
2023-11-07,breakfast,magerquark M- Budget,500.0g,315.0,48.5,2.5,28.5
2023-11-07,snack,Energy Oat Cake Vanille,120.0g,500.4,7.7,21.6,62.4
2023-11-07,snack,More Clear Glow Peptides Rhabarber-Vanille,30.0g,105.6,24.6,0.0,1.2
2023-11-07,lunch,"Dinkelnudeln, gekocht",400.0g,512.0,18.4,4.4,96.0
2023-11-07,lunch,Filets de poulet,100.0g,102.0,23.6,0.7,0.0
2023-11-07,dinner,Maiskörner Migros,285.0g,210.9,5.7,2.9,37.0
2023-11-07,dinner,Alpstein Bergkäse,50.0g,189.0,13.5,15.0,0.0
2023-11-07,dinner,Gruyère,100.0g,455.3,15.8,15.8,60.5
2023-11-08,dinner,Laugenbrezel mit Butter,140.0g,483.0,10.9,16.4,72.2
2023-11-08,snack,Energy Oat Cake Vanille,120.0g,500.4,7.7,21.6,62.4
2023-11-08,lunch,Gehacktes mit Hörnli,600.0g,732.0,48.0,18.0,90.0
2023-11-08,breakfast,Schinkensandwich,200.0g,440.0,25.6,16.6,40.8
2023-11-08,snack,More Clear Glow Peptides Rhabarber-Vanille,30.0g,105.6,24.6,0.0,1.2
2023-11-09,dinner,chicken strips paprika ,138.0g,133.9,24.8,2.8,2.1
2023-11-09,dinner,Pouletbrust mit Curry,150.0g,157.5,33.0,2.1,1.4
2023-11-09,dinner,Mandeln,100.0g,611.0,24.0,53.0,5.7
2023-11-09,dinner,Alpstein Bergkäse,50.0g,189.0,13.5,15.0,0.0
2023-11-09,dinner,Schinkensandwich,200.0g,440.0,25.6,16.6,40.8
2023-11-09,lunch,Gehacktes mit Hörnli,500.0g,610.0,40.0,15.0,75.0
2023-11-09,breakfast,magerquark M- Budget,500.0g,315.0,48.5,2.5,28.5
2023-11-11,dinner,Berliner Pfannkuchen (Kräppel),65.0g,209.3,5.2,8.3,27.9
2023-11-11,dinner,Chicken Nuggets mit Pommes,200.0g,456.0,14.4,21.4,50.2
2023-11-11,lunch,Pommes Frites,100.0g,312.0,3.4,15.0,41.0
2023-11-12,breakfast,Gruyère,100.0g,455.3,15.8,15.8,60.5
2023-11-12,lunch,Mandeln,100.0g,611.0,24.0,53.0,5.7
2023-11-16,breakfast,"Naturjoghurt 1,5%",500.0g,270.0,26.0,7.5,24.5
2023-11-16,lunch,Penne alle  cinque P,380.0g,634.6,5.7,16.0,98.8
2023-11-16,dinner,Apero Sbrinz AOP,70.0g,301.0,21.0,23.8,0.3
2023-11-16,dinner,Apero tete de moine AOP,52.0g,217.9,13.0,17.8,0.1
2023-11-16,dinner,Protein Cracker,85.0g,382.5,27.2,17.0,25.5
2023-11-16,snack,More Clear Glow Peptides Rhabarber-Vanille,30.0g,105.6,24.6,0.0,1.2
2023-11-16,dinner,Mandeln,100.0g,611.0,24.0,53.0,5.7
2023-11-17,lunch,"Putenschnitzel (Truthahnschnitzel), natur",150.0g,201.0,36.1,6.2,0.0
2023-11-17,lunch,Ravioli alla napoletana,860.0g,911.6,25.8,34.4,103.2
2023-11-19,breakfast,Tonno  rosa naturale,155.0g,170.5,40.3,1.1,0.0
2023-11-19,breakfast,Süssmais,200.0g,196.0,5.0,2.0,38.0
2023-11-19,breakfast,Salatsauce französisch,100.0g,392.0,1.5,46.6,0.4
2023-11-19,breakfast,Mozzarella,100.0g,263.0,17.1,21.0,1.8
2023-11-19,lunch,Schmelzkäse,60.0g,168.0,11.4,13.8,0.0
2023-11-19,lunch,Biscuit,76.0g,327.6,9.1,9.9,45.6
2023-11-19,dinner,Rinderfilet,162.5g,196.6,34.1,6.5,0.0
2023-11-19,dinner,Pommes Frites,200.0g,624.0,6.8,30.0,82.0
2023-11-20,lunch,Protein Drink Macchiato,500.0g,260.0,37.0,2.5,26.5
2023-11-20,lunch,High Protein Drink Himbeere,500.0g,250.0,36.0,2.5,25.5
2023-11-20,lunch,Rinderfilet,162.5g,196.6,34.1,6.5,0.0
2023-11-20,lunch,Kartoffelbrei / Kartoffelpüree,250.0g,232.5,5.8,4.5,39.8
2023-11-20,breakfast,Himbeerjoghurt,150.0g,127.5,4.8,4.3,17.1
2023-11-20,breakfast,Vollkornmüsli,40.0g,139.2,3.8,1.1,26.6
2023-11-20,lunch,Mandeln,200.0g,1222.0,48.0,106.0,11.4
2023-11-21,breakfast,Appenzeller Käse 50% Fett,100.0g,386.0,24.8,31.7,0.4
2023-11-21,breakfast,Banane,150.0g,133.5,1.6,0.5,34.2
2023-11-23,breakfast,magerquark M- Budget,500.0g,315.0,48.5,2.5,28.5
2023-11-23,lunch,Pouletbrust,175.0g,187.2,43.8,1.8,0.0
2023-11-23,lunch,Rotkraut,50.0g,22.0,0.6,0.2,3.8
2023-11-23,lunch,Kartoffelstock ,350.0g,360.5,7.3,18.2,41.3
2023-11-23,dinner,Butterbrezel,70.0g,256.2,4.5,13.4,29.3
2023-11-23,dinner,Alpstein Bergkäse,50.0g,189.0,13.5,15.0,0.0
2023-11-23,dinner,Chicken,125.0g,121.2,22.5,2.5,1.9
2023-11-23,dinner,Pouletbrust mit Curry,150.0g,157.5,33.0,2.1,1.4
2023-11-23,lunch,More Clear Glow Peptides Rhabarber-Vanille,30.0g,105.6,24.6,0.0,1.2
2023-11-25,breakfast,Bauernbrot,100.0g,225.0,7.4,1.0,45.9
2023-11-25,breakfast,Appenzeller Käse,150.0g,589.5,37.8,48.0,0.0
2023-11-25,lunch,Nudeleintopf mit Hackbällchen,700.0g,1652.0,168.0,28.0,182.0
2023-11-25,dinner,More Clear Glow Peptides Rhabarber-Vanille,30.0g,105.6,24.6,0.0,1.2
2023-11-25,dinner,Mandeln,50.0g,305.5,12.0,26.5,2.9
2023-11-26,dinner,Mandeln,50.0g,305.5,12.0,26.5,2.9
2023-11-26,breakfast,1x Brotscheibe mit Honig pur,150.0g,304.1,0.1,0.0,74.0
2023-11-26,breakfast,Appenzeller Käse 50% Fett,30.0g,115.8,7.4,9.5,0.1
2023-11-26,lunch,Spätzle Pfanne mit Gemüse,300.0g,294.0,13.8,9.0,36.6
2023-11-26,lunch,Kalbs Plätzli,650.0g,695.5,136.5,16.2,6.5
2023-11-27,breakfast,Appenzeller Käse,100.0g,393.0,25.2,32.0,0.0
2023-11-27,breakfast,magerquark M- Budget,500.0g,315.0,48.5,2.5,28.5
2023-11-27,lunch,Pizza rustica,410.0g,922.5,39.4,33.2,114.8
2023-11-27,lunch,High Protein Drink Choco,500.0g,275.0,38.0,2.5,25.5
2023-11-28,breakfast,magerquark M- Budget,500.0g,315.0,48.5,2.5,28.5
2023-11-28,dinner,Appenzeller Käse,100.0g,393.0,25.2,32.0,0.0
2023-11-28,lunch,One Pot Nudeln mit Hackbällchen,400.0g,580.0,29.6,18.8,71.2
2023-11-28,lunch,Ofenschinken,87.5g,103.2,18.4,3.0,0.0
2023-12-01,dinner,Bodylab Whey Marzipan,35.0g,134.8,26.2,1.8,2.6
2023-12-04,dinner,Rührei (2 Eier),300.0g,420.0,36.0,30.0,3.0
2023-12-05,dinner,Proteinshake,1.0 Portion(en),753.8,60.8,36.9,39.5
2023-12-05,breakfast,magerquark M- Budget,500.0g,315.0,48.5,2.5,28.5
2023-12-05,lunch,Döner Kebab,360.0g,626.4,37.8,17.6,74.9
2023-12-05,snack,Mini Poulet Cordon Bleu 2 ST,320.0g,595.2,54.4,28.8,28.5
2023-12-05,breakfast,Gruyère,38.0g,173.0,6.0,6.0,23.0
2023-12-05,snack,Cotto Schinken,50.0g,52.0,8.0,2.0,1.0
2023-12-06,dinner,Proteinshake,1.0 Portion(en),753.8,60.8,36.9,39.5
2023-12-06,breakfast,Malzkornbrot,175.0g,390.2,12.2,1.8,77.0
2023-12-06,lunch,Spaghetti Bolognese,500.0g,715.0,31.0,17.5,104.0
2023-12-06,snack,White chocolate almond ,55.0g,200.2,19.8,8.2,15.9
2023-12-06,breakfast,Butter,20.0g,148.2,0.1,16.6,0.1
2023-12-06,snack,Mandeln,50.0g,305.5,12.0,26.5,2.9
2023-12-07,dinner,Pizza High Protein,1.0 Portion(en),462.4,31.2,14.6,49.5
2023-12-07,breakfast,Magerquark,500.0g,315.0,57.5,0.5,20.0
2023-12-07,lunch,Quick Schüfeli,150.0g,240.0,28.5,13.5,1.1
2023-12-07,lunch,Salzkartoffeln,300.0g,210.0,5.4,0.3,46.2
2023-12-07,lunch,"Sauerkraut, Konserve",140.0g,28.0,2.0,0.4,0.8
2023-12-08,lunch,Pizza High Protein,1.0 Portion(en),462.4,31.2,14.6,49.5
2023-12-08,dinner,Apero tete de moine AOP,52.0g,217.9,13.0,17.8,0.1
2023-12-08,dinner,Apero Sbrinz AOP,70.0g,301.0,21.0,23.8,0.3
2023-12-08,dinner,apero gruyère AOP,52.0g,215.8,17.2,16.1,0.5
2023-12-08,breakfast,magerquark M- Budget,500.0g,315.0,48.5,2.5,28.5
2023-12-08,lunch,Karottensalat,75.0g,82.5,1.6,0.0,9.0
2023-12-08,lunch,Maissalat 2,75.0g,68.2,3.7,4.3,3.5
2023-12-08,dinner,Mandeln,150.0g,916.5,36.0,79.5,8.6
2023-12-09,dinner,Protein Wraps,1.0 Portion(en),1258.9,84.7,53.2,104.2
2023-12-09,breakfast,Pouletschenkel,100.0g,172.0,18.0,11.0,0.5
2023-12-09,breakfast,Luzerner Rahmkäse,60.0g,227.4,13.2,19.8,0.1
2023-12-09,breakfast,Bauernbrot,100.0g,225.0,7.4,1.0,45.9
2023-12-09,breakfast,Erdnussbutter (Erdnussmus),20.0g,127.6,4.5,10.7,2.4
2023-12-09,lunch,"Langkornreis, gekocht",100.0g,122.0,2.2,0.2,27.2
2023-12-09,lunch,Kartoffelsalat,100.0g,104.0,1.7,4.8,12.6
2023-12-09,lunch,More Clear Glow Peptides Rhabarber-Vanille,30.0g,105.6,24.6,0.0,1.2
2023-12-09,dinner,Trutenbrust indisch,100.0g,108.0,20.0,2.0,1.0
2023-12-09,dinner,Mandeln,100.0g,611.0,24.0,53.0,5.7
2023-12-09,dinner,"Hefezopf (Striezel, Butterzopf)",100.0g,282.0,7.5,7.3,45.2
2023-12-10,breakfast,magerquark M- Budget,500.0g,315.0,48.5,2.5,28.5
2023-12-10,lunch,Pouletbrust,400.0g,456.0,100.0,6.0,4.0
2023-12-10,lunch,Rahmsauce,150.0g,568.5,1.8,55.5,16.5
2023-12-10,lunch,Pommes Frittes,400.0g,988.0,16.0,50.0,116.0
2023-12-10,breakfast,"Hefezopf (Striezel, Butterzopf)",100.0g,282.0,7.5,7.3,45.2
2023-12-10,dinner,Trutenbrust indisch,100.0g,108.0,20.0,2.0,1.0
2023-12-10,dinner,Trutenbrust indisch,100.0g,108.0,20.0,2.0,1.0
2023-12-11,breakfast,magerquark M- Budget,500.0g,315.0,48.5,2.5,28.5
2023-12-12,breakfast,magerquark M- Budget,500.0g,315.0,48.5,2.5,28.5
2023-12-12,breakfast,Trutenbrust indisch,110.0g,118.8,22.0,2.2,1.1
2023-12-12,dinner,Chicken Dürüm,215.0g,466.6,17.0,18.7,55.9
2023-12-12,lunch,"Putenschnitzel (Truthahnschnitzel), natur",250.0g,335.0,60.2,10.2,0.0
2023-12-12,dinner,Thon tonno ,120.0g,186.2,8.0,9.5,16.7
2023-12-12,lunch,Spiral-Nudeln ,100.0g,365.0,15.0,2.8,68.0
2023-12-12,dinner,Bio-Jasminreis-Mix,100.0g,121.0,3.6,0.4,25.0
2023-12-13,breakfast,Overnight Oats,1.0 Portion(en),637.5,56.4,19.9,54.2
2023-12-13,lunch,Pouletbrust,270.0g,307.8,67.5,4.0,2.7
2023-12-13,lunch,Omelett,200.0g,356.0,23.8,27.8,3.4
2023-12-14,breakfast,Overnight Oats,1.0 Portion(en),637.5,56.4,19.9,54.2
2023-12-14,snack,Döner Kebab,360.0g,626.4,37.8,17.6,74.9
2023-12-14,dinner,Mozzarella,200.0g,540.0,42.0,40.0,1.6
2023-12-14,dinner,Kartoffel Sticks Sour Cream,100.0g,544.0,5.7,34.0,52.0
2023-12-14,lunch,Trutenbrust indisch,110.0g,118.8,22.0,2.2,1.1
2023-12-14,lunch,Dinkel locken,100.0g,357.0,12.0,1.7,72.0
2023-12-15,breakfast,Overnight Oats,1.0 Portion(en),637.5,56.4,19.9,54.2
2023-12-15,dinner,Trutenbrust indisch,110.0g,118.8,22.0,2.2,1.1
2023-12-15,lunch,Pouletbrust,270.0g,307.8,67.5,4.0,2.7
2023-12-15,lunch,Dinkel locken,100.0g,357.0,12.0,1.7,72.0
2023-12-15,dinner,Vollfett hartkäse,100.0g,400.0,27.0,32.0,0.1
2023-12-15,snack,"Apfel (mit Schale), frisch",260.0g,169.0,0.8,0.3,37.2
2023-12-15,snack,Mandeln,80.0g,488.8,19.2,42.4,4.6
2023-12-16,breakfast,Overnight Oats,1.0 Portion(en),637.5,56.4,19.9,54.2
2023-12-16,lunch,Trutenbrust indisch,110.0g,118.8,22.0,2.2,1.1
2023-12-16,lunch,Mandeln,100.0g,611.0,24.0,53.0,5.7
2023-12-16,lunch,Butterzopf,200.0g,612.0,18.0,14.0,102.0
2023-12-16,dinner,More Clear Glow Peptides Multifruit ,30.0g,105.3,25.2,0.0,0.5
2023-12-16,dinner,Pizza poulet,300.0g,627.0,33.0,17.1,81.0
2023-12-17,breakfast,Overnight Oats,1.0 Portion(en),637.5,56.4,19.9,54.2
2023-12-17,lunch,Mandeln,100.0g,611.0,24.0,53.0,5.7
2023-12-18,breakfast,Overnight Oats,1.0 Portion(en),637.5,56.4,19.9,54.2
2023-12-18,dinner,chicken Nuggets coop,240.0g,626.4,19.7,40.8,43.2
2023-12-18,dinner,Crispy Cookie,55.0g,210.7,20.4,8.2,2.8
2023-12-18,dinner,Crispy Cookie,55.0g,210.7,20.4,8.2,2.8
2023-12-18,dinner,Thon tonno ,120.0g,186.2,8.0,9.5,16.7
2023-12-18,lunch,Spaghetti Bolognese,350.0g,500.5,21.7,12.2,72.8
2023-12-19,breakfast,Overnight Oats,1.0 Portion(en),637.5,56.4,19.9,54.2
2023-12-19,dinner,Mini Poulet Cordon Bleu 2 ST,320.0g,595.2,54.4,28.8,28.5
2023-12-19,dinner,Thon tonno ,120.0g,186.2,8.0,9.5,16.7
2023-12-19,dinner,Crispy Cookie,55.0g,210.7,20.4,8.2,2.8
2023-12-20,breakfast,Overnight Oats,1.0 Portion(en),637.5,56.4,19.9,54.2
2023-12-20,snack,Isoclear,30.0g,103.5,24.0,0.0,0.8
2023-12-20,dinner,Dinkelpizza mit Thunfisch ,200.0g,500.0,42.0,10.0,60.0
2023-12-21,snack,Proteinshake,1.0 Portion(en),475.4,39.5,24.5,26.5
2023-12-21,breakfast,Overnight Oats,1.0 Portion(en),637.5,56.4,19.9,54.2
2023-12-21,dinner,Rosa Thunfisch im Salzwasser,155.0g,162.8,38.8,0.9,0.0
2023-12-21,lunch,Kartoffelbrei / Kartoffelpüree,200.0g,186.0,4.6,3.6,31.8
2023-12-21,dinner,Bratwurst & Zwiebelsauce - Saucisse aux Oignons,470.0g,770.8,25.4,39.5,75.2
2023-12-21,snack,Snack Rings Onion Rings,40.0g,206.0,1.4,12.0,22.0
2023-12-22,breakfast,Overnight Oats,1.0 Portion(en),637.5,56.4,19.9,54.2
2023-12-22,lunch,Lasagne Bolognese,400.0g,684.0,32.4,34.0,59.6
2023-12-22,lunch,Gelbe Rübensuppe,100.0g,56.0,0.8,3.7,4.4
2023-12-22,snack,Raffaello,50.0g,314.0,3.6,24.3,19.1
2023-12-22,snack,Red Bull Energy Drink,250.0g,112.5,0.0,0.0,27.5
2023-12-23,breakfast,Overnight Oats,1.0 Portion(en),637.5,56.4,19.9,54.2
2023-12-23,snack,Hot&Spicy,100.0g,519.0,6.3,29.0,55.0
2023-12-23,lunch,Lasagne Bolognese,400.0g,684.0,32.4,34.0,59.6
2023-12-23,dinner,Fondue,100.0g,256.0,15.0,18.0,4.0
2023-12-23,dinner,Bauernbrot,100.0g,225.0,7.4,1.0,45.9
2023-12-23,snack,Raffaello Torte,250.0g,542.8,0.0,5.8,48.5
2023-12-24,breakfast,Overnight Oats,1.0 Portion(en),637.5,56.4,19.9,54.2
2023-12-24,lunch,Mozzarella,200.0g,488.0,38.0,36.0,3.0
2023-12-24,dinner,"Langkornreis, gekocht",300.0g,366.0,6.6,0.6,81.6
2023-12-24,dinner,Pommes Frites,40.0g,124.8,1.4,6.0,16.4
2023-12-24,dinner,Médaillon de filet de poulet,350.0g,374.5,80.5,5.6,1.8
2023-12-24,dinner,"Fondue Chinoise, Rind",170.0g,188.7,37.4,4.2,0.8
2023-12-24,snack,Raffaello,70.0g,439.6,5.0,34.0,26.8
2023-12-25,breakfast,Overnight Oats,1.0 Portion(en),637.5,56.4,19.9,54.2
2023-12-25,dinner,Pouletbrust,400.0g,456.0,100.0,6.0,4.0
2023-12-25,dinner,"Nudeln, gekocht (aus Hartweizengrieß)",300.0g,429.0,15.0,1.5,84.3
2023-12-25,lunch,Penne cinque pi,200.0g,496.0,14.6,21.4,61.4
2023-12-25,snack,Raffaello,70.0g,439.6,5.0,34.0,26.8
2023-12-26,breakfast,Overnight Oats,1.0 Portion(en),637.5,56.4,19.9,54.2
2023-12-26,dinner,Salatsauce mit Magerquark,1.0 Portion(en),1135.4,28.0,108.2,15.9
2023-12-26,lunch,Apfelstrudel mit Vanillesauce,200.0g,386.0,6.0,20.0,47.4
2023-12-26,snack,More Clear Glow Peptides Multifruit ,30.0g,105.3,25.2,0.0,0.5
2023-12-26,dinner,Tonno  rosa naturale,155.0g,170.5,40.3,1.1,0.0
2023-12-26,dinner,Süssmais,300.0g,294.0,7.5,3.0,57.0
2023-12-26,dinner,Appenzeller Käse,150.0g,589.5,37.8,48.0,0.0
2023-12-26,snack,Fleischpastete,60.0g,195.0,7.2,12.6,13.2
2023-12-27,breakfast,Overnight Oats,1.0 Portion(en),637.5,56.4,19.9,54.2
2023-12-27,lunch,Pommes Frites,300.0g,936.0,10.2,45.0,123.0
2023-12-27,lunch,Chicken Nuggets,140.0g,414.4,21.4,27.7,19.7
2023-12-27,snack,More Clear Glow Peptides Multifruit ,60.0g,210.6,50.4,0.0,1.0
2023-12-27,snack,Ovomaltine mit Vollmilch,250.0g,219.0,10.0,9.0,23.0
2023-12-28,breakfast,Mild würzig / Doux aromatique,40.0g,156.0,10.0,12.8,0.0
2023-12-28,breakfast,Buttergipfel,100.0g,417.0,10.0,23.0,41.0
2023-12-28,breakfast,Dolce Gusto Chocochino,200.0g,906.0,31.8,31.6,114.4
2023-12-28,lunch,Pouletkeule mit Petersilien-Chimichurri,300.0g,297.0,13.5,18.9,17.4
2023-12-28,lunch,Pouletbrust mit Curry,108.0g,113.4,23.8,1.5,1.0
2023-12-28,dinner,Penne cinque pi,400.0g,992.0,29.2,42.8,122.8
2023-12-28,snack,More Clear Glow Peptides Multifruit ,60.0g,210.6,50.4,0.0,1.0
2023-12-29,breakfast,Keimkraftgipfel,105.0g,413.7,11.6,22.1,39.9
2023-12-29,lunch,Alpstein Bergkäse,100.0g,378.0,27.0,30.0,0.0
2023-12-29,breakfast,Urdinkelbrötli,60.0g,173.4,7.2,2.7,28.8
2023-12-29,lunch,"Kartoffeln (ohne Schale), gekocht",580.0g,522.0,11.6,0.0,109.6
2023-12-29,breakfast,"Ovomaltine, Pulver",15.0g,56.4,1.4,0.3,11.7
2023-12-29,breakfast,Warme Milch,250.0g,160.0,8.2,8.8,11.8
2023-12-29,dinner,Pouletbrust,380.0g,433.2,95.0,5.7,3.8
2023-12-29,snack,Gerstensuppe,200.0g,160.0,6.0,7.2,18.0
2023-12-29,snack,"Bratwurst (Rostbratwurst), fein",20.0g,57.8,2.6,5.3,0.1
2023-12-30,breakfast,Salatsauce mit Magerquark,1.0 Portion(en),1135.4,28.0,108.2,15.9
2023-12-30,dinner,Dinkelzopf,1.0 Portion(en),3419.0,121.2,92.1,498.8
2023-12-30,breakfast,Rosa Thunfisch im Salzwasser,310.0g,325.5,77.5,1.9,0.0
2023-12-30,lunch,Dinkelvollkornnudeln,150.0g,541.5,19.5,4.7,99.0
2023-12-30,lunch,Carbonara Sauce,100.0g,102.0,4.6,5.4,8.5
2023-12-30,dinner,Mandeln,100.0g,611.0,24.0,53.0,5.7
2023-12-30,snack,Fondue,100.0g,256.0,15.0,18.0,4.0
2023-12-31,breakfast,Overnight Oats,1.0 Portion(en),637.5,56.4,19.9,54.2
2023-12-31,dinner,Salatsauce mit Magerquark,1.0 Portion(en),1135.4,28.0,108.2,15.9
2023-12-31,lunch,Mozzarella,250.0g,610.0,47.5,45.0,3.8
2023-12-31,lunch,Dinkel Vollkorn Nudeln,80.0g,275.2,10.4,1.9,49.6
2023-12-31,lunch,Alpstein Bergkäse,50.0g,189.0,13.5,15.0,0.0
2023-12-31,dinner,Mozzarella,125.0g,305.0,23.8,22.5,1.9
2023-12-31,dinner,Quick Nuss-Schinkli,280.0g,358.4,70.0,9.0,0.0
2023-12-31,dinner,Salzkartoffeln,200.0g,178.0,4.0,0.0,37.8
2023-12-31,dinner,"Mais, Konserve",50.0g,40.5,1.6,0.6,6.3
2023-12-31,snack,Ovo break,19.5g,98.3,1.3,4.8,12.2
2024-01-01,breakfast,Overnight Oats,1.0 Portion(en),637.5,56.4,19.9,54.2
2024-01-01,lunch,Mozzarella,305.0g,744.2,58.0,54.9,4.6
2024-01-01,dinner,Quick Nuss-Schinkli,123.0g,157.4,30.8,3.9,0.0
2024-01-01,dinner,Lasagne  vegetariane,500.0g,730.0,28.5,33.5,75.0
2024-01-01,snack,Gruyère,38.0g,173.0,6.0,6.0,23.0
2024-01-02,breakfast,Mandeln,100.0g,611.0,24.0,53.0,5.7
2024-01-02,snack,Kinder Bueno White,39.0g,222.7,3.3,14.0,20.7
2024-01-02,lunch,Karotten Mais Weißkraut Salat mit French Dressing,280.0g,226.8,4.5,16.5,9.0
2024-01-02,lunch,Lasagne vegetarisch mit Sojagranulat,450.0g,558.0,35.1,26.6,41.4
2024-01-02,dinner,Filets de poulet,380.0g,387.6,89.7,2.7,0.0
2024-01-02,snack,Gruyère,38.0g,173.0,6.0,6.0,23.0
2024-01-02,dinner,Rahmsauce,100.0g,53.0,1.2,3.1,4.9
2024-01-02,breakfast,Urdinkelbrötli,200.0g,578.0,24.0,9.0,96.0
2024-01-03,breakfast,Overnight Oats,1.0 Portion(en),637.5,56.4,19.9,54.2
2024-01-03,dinner,Filets de poulet,300.0g,306.0,70.8,2.1,0.0
2024-01-03,dinner,Salat mit Karotten und Mais,300.0g,90.0,3.6,0.9,15.6
2024-01-03,dinner,Salatsauce French Dressing,100.0g,226.0,0.9,24.0,1.5
2024-01-03,lunch,Salzkartoffeln,224.0g,199.4,4.5,0.0,42.3
2024-01-03,lunch,Quick Nuss-Schinkli,300.0g,384.0,75.0,9.6,0.0
2024-01-03,lunch,"Sauerkraut, Konserve",100.0g,20.0,1.4,0.3,0.6
2024-01-04,breakfast,Overnight Oats,1.0 Portion(en),637.5,56.4,19.9,54.2
2024-01-04,lunch,Ravioli Alla Napoletana,600.0g,636.0,21.0,20.4,90.0
2024-01-04,lunch,Reibkäse,100.0g,345.0,34.0,23.0,0.5
2024-01-04,dinner,Döner Kebap,360.0g,691.2,43.2,18.0,79.2
2024-01-04,snack,More Clear Glow Peptides Multifruit ,30.0g,105.3,25.2,0.0,0.5
2024-01-04,snack,Butterlaugebrezel,70.0g,241.5,5.5,8.2,36.4
2024-01-05,breakfast,Overnight Oats,1.0 Portion(en),637.5,56.4,19.9,54.2
2024-01-05,dinner,Kräftig-Würzig,110.0g,430.1,25.3,35.2,0.0
2024-01-05,dinner,Trutenbrust hauchdünn,150.0g,142.5,31.5,1.5,0.8
2024-01-05,lunch,Knöpfli wie Hausgemacht,300.0g,471.0,21.0,7.5,78.0
2024-01-05,lunch,Hackfleischbällchen,400.0g,680.0,94.0,33.2,12.0
2024-01-06,breakfast,Vollkornbrötchen,65.0g,150.8,5.4,1.0,27.6
2024-01-06,breakfast,Mandeln,40.0g,244.4,9.6,21.2,2.3
2024-01-06,breakfast,Kräftig-Würzig,63.0g,246.3,14.5,20.2,0.0
2024-01-06,snack,More Clear Glow Peptides Multifruit ,55.0g,193.1,46.2,0.0,0.9
2024-01-06,snack,Twix top,21.0g,105.6,1.1,5.3,12.8
2024-01-06,snack,"Kuhmilch (Vollmilch) 3,5% Fett",400.0g,260.0,13.6,14.4,18.8
2024-01-06,snack,"Ovomaltine, Pulver",30.0g,112.8,2.9,0.6,23.4
2024-01-06,dinner,Poulet XXL (sauce Tartare),365.0g,1043.9,32.9,54.8,102.2
2024-01-06,lunch,Älpler Magronen,400.0g,556.0,18.8,23.2,64.0
2024-01-06,breakfast,Poitrine de poulet rôti,150.0g,141.0,27.0,2.2,3.0
2024-01-06,snack,Crispy Cookie,55.0g,210.7,20.4,8.2,2.8
2024-01-07,breakfast,Poitrine de poulet rôti,150.0g,141.0,27.0,2.2,3.0
2024-01-07,breakfast,Mandeln,30.0g,183.3,7.2,15.9,1.7
2024-01-07,breakfast,Butterzopf,60.0g,183.6,5.4,4.2,30.6
2024-01-07,lunch,Hot Dog,400.0g,940.0,36.8,39.6,105.2
2024-01-07,snack,"Buttergipfel, vorgebacken",40.0g,136.8,2.4,7.2,15.2
2024-01-07,snack,Rot,400.0g,148.0,0.0,0.0,36.0
2024-01-07,dinner,Magerquark,500.0g,315.0,48.5,2.5,28.5
2024-01-07,snack,White chocolate almond ,55.0g,200.2,19.8,8.2,15.9
2024-01-07,dinner,Kräftig-Würzig,28.0g,109.5,6.4,9.0,0.0
2024-01-07,dinner,Kichererbsencurry,150.0g,211.5,6.5,6.2,31.5
2024-01-07,dinner,"Langkornreis, gekocht",200.0g,244.0,4.4,0.4,54.4
2024-01-08,breakfast,Overnight Oats,1.0 Portion(en),637.5,56.4,19.9,54.2
2024-01-08,snack,HighProtein Choco DRINK,500.0g,290.0,40.0,8.0,14.5
2024-01-08,snack,Crispy Cookie,55.0g,210.7,20.4,8.2,2.8
2024-01-08,lunch,"Basmatireis, gekocht",500.0g,660.0,16.5,1.5,140.5
2024-01-08,lunch,Kichererbsencurry,300.0g,423.0,12.9,12.3,63.0
2024-01-08,snack,Thon tonno ,120.0g,186.2,8.0,9.5,16.7
2024-01-09,breakfast,Overnight Oats,1.0 Portion(en),637.5,56.4,19.9,54.2
2024-01-09,snack,HighProtein Vanilla Taste DRINK,500.0g,280.0,40.0,7.0,14.0
2024-01-09,lunch,Rösti,230.0g,377.2,6.9,18.9,46.0
2024-01-09,lunch,Nudeln mit Tomatensauce,100.0g,158.0,4.2,4.9,24.0
2024-01-09,lunch,Quick Nuss-Schinkli,250.0g,320.0,62.5,8.0,0.0
2024-01-09,dinner,Mozzarella,207.0g,505.1,39.3,37.3,3.1
2024-01-10,breakfast,Overnight Oats,1.0 Portion(en),637.5,56.4,19.9,54.2
2024-01-10,lunch,Banane,150.0g,133.5,1.6,0.5,34.2
2024-01-10,lunch,Cremerolle,40.0g,133.2,1.6,8.4,12.8
2024-01-10,snack,Trutensandwich,200.0g,532.0,18.6,5.4,32.0
2024-01-10,dinner,Mozzarella,184.0g,449.0,35.0,33.1,2.8
2024-01-10,dinner,Alpstein Bergkäse,100.0g,378.0,27.0,30.0,0.0
2024-01-10,lunch,Lasagne,500.0g,725.5,35.5,35.5,65.5
2024-01-10,snack,Orange,184.0g,86.5,1.7,0.2,21.7
2024-01-11,breakfast,Overnight Oats,1.0 Portion(en),637.5,56.4,19.9,54.2
2024-01-11,lunch,Reibkäse,72.0g,248.4,24.5,16.6,0.4
2024-01-11,dinner,Penne al Tartufo ,230.0g,425.5,3.5,14.0,59.8
2024-01-11,lunch,Bolognese,300.0g,492.0,26.1,30.0,9.0
2024-01-11,lunch,"Spaghetti, gekocht",280.0g,400.4,14.0,1.4,78.7
2024-01-11,snack,Apero Sbrinz AOP,70.0g,301.0,21.0,23.8,0.3
2024-01-11,snack,Isoclear Green Apple,30.0g,103.5,23.1,0.0,0.7
2024-01-11,snack,Pouletbrust mit Curry,150.0g,157.5,33.0,2.1,1.4
2024-01-12,breakfast,Overnight Oats,1.0 Portion(en),637.5,56.4,19.9,54.2
2024-01-12,snack,Cookie aux pépites de chocolat,40.0g,189.6,2.0,9.3,25.6
2024-01-12,snack,Pouletbrust mit Curry,150.0g,157.5,33.0,2.1,1.4
2024-01-12,lunch,Penne al Tartufo ,200.0g,370.0,3.0,12.2,52.0
2024-01-12,dinner,Mozzarella,200.0g,488.0,38.0,36.0,3.0
2024-01-12,dinner,Kräftig-Würzig,60.0g,234.6,13.8,19.2,0.0
2024-01-12,lunch,Salzkartoffeln,200.0g,178.0,4.0,0.0,37.8
2024-01-12,lunch,Filets de poulet,230.0g,234.6,54.3,1.6,0.0
2024-01-12,snack,Farmer Soft Brombeer & Apfel,26.0g,113.1,2.3,4.4,15.6
2024-01-13,breakfast,Overnight Oats,1.0 Portion(en),637.5,56.4,19.9,54.2
2024-01-13,breakfast,Pouletbrust mit Curry,150.0g,157.5,33.0,2.1,1.4
2024-01-13,dinner,Mozzarella,332.0g,810.1,63.1,59.8,5.0
2024-01-13,lunch,Salzkartoffeln,250.0g,222.5,5.0,0.0,47.2
2024-01-13,lunch,"Leberkäse (Fleischkäse), gebraten",70.0g,215.6,8.7,20.2,0.3
2024-01-13,lunch,Kartoffelsalat,100.0g,104.0,1.7,4.8,12.6
2024-01-13,lunch,Randensalat,100.0g,44.0,0.9,1.7,5.0
2024-01-13,snack,Crank Pump Pro,30.0g,96.0,0.0,0.0,0.0
2024-01-13,snack,Blevita Bio Spinat-Basilikum,38.0g,161.5,4.6,4.6,24.3
2024-01-14,breakfast,Overnight Oats,1.0 Portion(en),637.5,56.4,19.9,54.2
2024-01-14,breakfast,Kräftig-Würzig,120.0g,469.2,27.6,38.4,0.0
2024-01-14,lunch,"Nudeln, gekocht (aus Hartweizengrieß)",100.0g,143.0,5.0,0.5,28.1
2024-01-14,lunch,"Brokkoli (Broccoli), gekocht",100.0g,27.0,2.8,0.2,2.0
2024-01-14,lunch,Pouletbrustfilet  paniert Premium,250.0g,480.0,45.0,17.5,35.0
2024-01-14,snack,Lindor Pistazie,12.5g,78.2,0.7,6.0,5.4
2024-01-14,dinner,"Langkornreis, gekocht",100.0g,122.0,2.2,0.2,27.2
2024-01-14,snack,Isoclear,30.0g,103.5,24.0,0.0,0.8
2024-01-14,dinner,Mozzarella,114.7g,279.9,21.8,20.6,1.7
2024-01-15,lunch,Reis mit Pouletgeschnetzeltem,1.0 Portion(en),712.7,58.0,20.3,72.5
2024-01-15,breakfast,Peanut Butter,30.0g,176.4,6.6,14.8,7.2
2024-01-15,snack,Power Proteinbar Müsli-Yoghurt,35.0g,139.3,8.4,4.5,16.4
2024-01-15,snack,Highprotein strawberry drink,500.0g,285.0,40.0,7.0,15.0
2024-01-15,dinner,Mozzarella,222.0g,541.7,42.2,40.0,3.3
2024-01-15,breakfast,Whey Protein White Chocolate ,20.0g,77.4,14.6,1.3,1.7
2024-01-15,breakfast,Vanillejoghurt,200.0g,192.0,7.8,7.0,8.6
2024-01-15,breakfast,"Kuhmilch (Vollmilch) 3,5% Fett",175.0g,113.8,6.0,6.3,8.2
2024-01-15,breakfast,Haferflocken,70.0g,261.1,9.2,4.7,41.6
2024-01-15,dinner,Kräftig-Würzig,40.0g,156.4,9.2,12.8,0.0
2024-01-16,lunch,Reis mit Pouletgeschnetzeltem,1.0 Portion(en),712.7,58.0,20.3,72.5
2024-01-16,breakfast,Urdinkelbrot,160.0g,403.2,17.6,5.3,67.2
2024-01-16,breakfast,Mandeln,111.0g,678.2,26.6,58.8,6.3
2024-01-16,snack,Isoclear,30.0g,103.5,24.0,0.0,0.8
2024-01-16,dinner,magerquark M- Budget,500.0g,315.0,48.5,2.5,28.5
2024-01-16,dinner,Kräftig-Würzig,40.5g,158.4,9.3,13.0,0.0
2024-01-17,dinner,Bolognese,1.0 Portion(en),3903.5,269.9,281.5,48.0
2024-01-17,lunch,Bolognese,1.0 Portion(en),3903.5,269.9,281.5,48.0
2024-01-17,breakfast,M Classic Toast Rustico Dunkel,50.0g,129.0,5.5,2.0,20.5
2024-01-17,breakfast,Mandeln,50.0g,305.5,12.0,26.5,2.9
2024-01-17,dinner,Filets de poulet,300.0g,306.0,70.8,2.1,0.0
2024-01-17,dinner,"Nudeln, gekocht (aus Hartweizengrieß)",200.0g,286.0,10.0,1.0,56.2
2024-01-17,breakfast,magerquark M- Budget,500.0g,315.0,48.5,2.5,28.5
2024-01-17,lunch,Kartoffel Gnocchi,260.0g,356.2,9.6,1.3,75.4
2024-01-18,breakfast,Overnight Oats,1.0 Portion(en),637.5,56.4,19.9,54.2
2024-01-18,lunch,Bolognese,1.0 Portion(en),3903.5,269.9,281.5,48.0
2024-01-18,lunch,"Nudeln, gekocht (aus Hartweizengrieß)",300.0g,429.0,15.0,1.5,84.3
2024-01-18,lunch,Italienische Tomatensoße,100.0g,61.0,1.0,4.7,3.2
2024-01-18,lunch,Reibkäse,125.0g,431.2,42.5,28.8,0.6
2024-01-18,dinner,Mozzarella,200.0g,488.0,38.0,36.0,3.0
2024-01-18,dinner,Kräftig-Würzig,100.0g,391.0,23.0,32.0,0.0
2024-01-18,snack,"Karotten (Möhren), frisch",150.0g,58.5,1.2,0.3,10.2
2024-01-19,breakfast,Overnight Oats,1.0 Portion(en),637.5,56.4,19.9,54.2
2024-01-19,lunch,Reis mit Pouletgeschnetzeltem,1.0 Portion(en),712.7,58.0,20.3,72.5
2024-01-19,dinner,Gruyère,67.0g,305.1,10.6,10.6,40.5
2024-01-19,dinner,Weizenmehl Type 405,70.0g,243.6,7.0,0.7,50.6
2024-01-19,dinner,magerquark M- Budget,70.0g,44.1,6.8,0.3,4.0
2024-01-19,dinner,Cotto Schinken,30.0g,31.2,4.8,1.2,0.6
2024-01-19,dinner,Mozzarella,30.0g,90.0,6.7,6.7,0.7
2024-01-19,dinner,Mozzarella,300.0g,732.0,57.0,54.0,4.5
2024-01-20,breakfast,Overnight Oats,1.0 Portion(en),637.5,56.4,19.9,54.2
2024-01-20,breakfast,Urdinkelbrot,90.0g,226.8,9.9,3.0,37.8
2024-01-20,breakfast,Mandeln,60.0g,366.6,14.4,31.8,3.4
2024-01-20,lunch,Salzkartoffeln,210.0g,186.9,4.2,0.0,39.7
2024-01-20,lunch,Quick Nuss-Schinkli,250.0g,320.0,62.5,8.0,0.0
2024-01-20,snack,More Clear Glow Peptides Rhabarber-Vanille,30.0g,105.6,24.6,0.0,1.2
2024-01-20,dinner,Mozzarella,200.0g,488.0,38.0,36.0,3.0
2024-01-20,snack,Branche Classic,23.0g,129.0,1.6,8.4,11.8
2024-01-21,breakfast,Overnight Oats,1.0 Portion(en),637.5,56.4,19.9,54.2
2024-01-21,snack,Highprotein strawberry drink,500.0g,285.0,40.0,7.0,15.0
2024-01-21,snack,Bio tea freddo al limone ,355.0g,117.2,0.0,0.0,29.5
2024-01-21,lunch,Chicken Strips,108.0g,315.4,19.7,16.4,22.1
2024-01-21,lunch,Long Chicken,210.0g,581.7,21.6,30.7,52.7
2024-01-22,lunch,Blanc de poulet,320.0g,336.0,64.0,7.7,2.9
2024-01-25,breakfast,Toastbrot Vollkorn (Vollkorntoastbrot),50.0g,120.5,4.1,1.9,21.5
2024-01-25,lunch,Mozzarella,125.0g,328.8,21.4,26.2,2.2
2024-01-25,lunch,Wrap jambon brebis,190.0g,465.5,18.6,20.1,49.8
2024-01-25,dinner,Gemüsesuppe,200.0g,118.0,9.8,5.8,4.8
2024-01-25,dinner,Bratkartoffeln mit Schinken & Zwiebeln,300.0g,264.0,8.1,3.9,45.0
2024-02-04,dinner,Nudelauflauf,1.0 Portion(en),5843.7,466.4,211.5,435.8
2024-02-04,breakfast,Mozzarella,300.0g,810.0,63.0,60.0,2.4
2024-02-04,lunch,Grisettini,42.0g,215.5,13.0,18.1,0.4
2024-02-04,snack,Isoclear,30.0g,103.5,24.0,0.0,0.8
2024-02-04,snack,Gruyère,38.0g,174.8,6.1,6.1,22.8
2024-02-05,dinner,Nudelauflauf,1.0 Portion(en),5843.7,466.4,211.5,435.8
2024-02-05,dinner,Proteinbaguette ,1.0 Portion(en),262.1,22.3,7.5,25.1
2024-02-05,breakfast,Overnight Oats,1.0 Portion(en),637.5,56.4,19.9,54.2
2024-02-05,lunch,Poulet Sweet & Sour,230.0g,582.8,20.7,23.0,71.1
2024-02-05,lunch,HighProtein Choco DRINK,500.0g,290.0,40.0,8.0,14.5
2024-02-05,snack,White chocolate almond ,55.0g,200.2,19.8,8.2,15.9
2024-02-05,lunch,Thon tonno ,120.0g,186.2,8.0,9.5,16.7
2024-02-06,lunch,Reis mit Pouletgeschnetzeltem,1.0 Portion(en),712.7,58.0,20.3,72.5
2024-02-06,breakfast,Overnight Oats,1.0 Portion(en),637.5,56.4,19.9,54.2
2024-02-06,snack,Dinkelbrötli Grillgemüse,80.0g,151.2,5.6,5.4,18.4
2024-02-06,snack,Thon tonno ,120.0g,186.2,8.0,9.5,16.7
2024-02-06,dinner,Protein Wraps,120.0g,382.8,21.6,10.4,46.8
2024-02-06,dinner,Veggie Hack aus Erbsenprotein und Jackfruit ,20.0g,76.6,14.2,1.8,0.4
2024-02-06,dinner,"Kidneybohnen (Rote Bohnen), Konserve",70.0g,86.8,6.6,0.4,10.8
2024-02-06,dinner,"Mais, Konserve",50.0g,40.5,1.6,0.6,6.3
2024-02-06,dinner,Yogos  Griechischer Art,50.0g,29.0,3.0,1.0,2.0
2024-02-06,dinner,Guacamole,50.0g,74.5,0.9,6.8,1.0
2024-02-07,breakfast,Overnight Oats,1.0 Portion(en),637.5,56.4,19.9,54.2
2024-02-07,snack,Gruyère,38.0g,174.8,6.1,6.1,22.8
2024-02-07,dinner,Bloch Käse,90.0g,351.0,25.2,28.8,0.5
2024-02-07,dinner,Buttergipfeli,75.0g,138.0,3.0,7.0,15.0
2024-02-07,dinner,Cotto Schinken,20.0g,20.8,3.2,0.8,0.4
2024-02-07,dinner,Frischkäse mit Kräutern 30% Fett i.Tr.,40.0g,55.6,4.4,3.6,1.2
2024-02-07,dinner,Tonno  rosa naturale,155.0g,170.5,40.3,1.1,0.0
2024-02-07,dinner,French Dressing,100.0g,210.0,1.0,21.0,2.5
2024-02-07,lunch,Kartoffelstock ,250.0g,257.5,5.2,13.0,29.5
2024-02-07,lunch,"Putenschnitzel (Truthahnschnitzel), natur",250.0g,335.0,60.2,10.2,0.0
2024-02-07,lunch,Dunkle Bratensauce ,50.0g,50.0,1.8,2.5,2.6
2024-02-07,lunch,"Brokkoli (Broccoli), gekocht",100.0g,27.0,2.8,0.2,2.0
2024-02-08,breakfast,Overnight Oats,1.0 Portion(en),637.5,56.4,19.9,54.2
2024-02-08,snack,Laugenbrezel mit Butter,70.0g,241.5,5.5,8.2,36.1
2024-02-08,dinner,Tonno  rosa naturale,155.0g,170.5,40.3,1.1,0.0
2024-02-08,dinner,French Dressing,100.0g,210.0,1.0,21.0,2.5
2024-02-08,dinner,Filets de poulet,80.0g,81.6,18.9,0.6,0.0
2024-02-08,dinner,Bloch Käse,80.0g,312.0,22.4,25.6,0.4
2024-02-08,lunch,Erbsen und Karotten,140.0g,81.2,4.6,1.0,7.7
2024-02-08,lunch,Wildreis(gekocht),215.0g,268.8,10.3,1.1,53.8
2024-02-08,lunch,Filets de poulet,283.0g,288.7,66.8,2.0,0.0
2024-02-09,breakfast,Overnight Oats,1.0 Portion(en),637.5,56.4,19.9,54.2
2024-02-09,lunch,Nudelauflauf,1.0 Portion(en),5843.7,466.4,211.5,435.8
2024-02-09,dinner,apero gruyère AOP,52.0g,215.8,17.2,16.1,0.5
2024-02-09,dinner,Apero tete de moine AOP,52.0g,217.9,13.0,17.8,0.1
2024-02-09,dinner,Apero Sbrinz AOP,70.0g,301.0,21.0,23.8,0.3
2024-02-10,breakfast,Overnight Oats,1.0 Portion(en),637.5,56.4,19.9,54.2
2024-02-10,lunch,Nudeln mit Thunfisch Tomaten Soße,100.0g,599.5,33.5,7.4,94.8
2024-02-10,lunch,Schnitzelbrötchen,255.0g,357.0,56.1,15.3,0.0
2024-02-11,breakfast,Butterzopf,40.0g,122.4,3.6,2.8,20.4
2024-02-11,snack,Multivitamine,200.0g,96.0,1.0,1.0,24.0
2024-02-11,dinner,"Spaghetti, gekocht",60.0g,85.8,3.0,0.3,16.9
2024-02-11,dinner,Puten-Hackfleisch,300.0g,393.0,68.7,12.6,0.0
2024-02-11,snack,Isoclear,30.0g,103.5,24.0,0.0,0.8
2024-02-12,lunch,Erdnüsse geröstet & gesalzen ,60.0g,371.4,14.4,30.6,6.6
2024-02-12,lunch,Gruyère,57.0g,259.5,9.0,9.0,34.5
2024-02-12,snack,Multivitamine,200.0g,96.0,1.0,1.0,24.0
2024-02-12,lunch,Lauchgemüse mit Sauce,100.0g,170.0,2.0,16.0,3.0
2024-02-12,lunch,Kabissalat,100.0g,144.0,1.1,11.0,9.1
2024-02-12,snack,More Clear Glow Peptides Rhabarber-Vanille,60.0g,211.2,49.2,0.0,2.3
2024-02-12,snack,Isoclear,30.0g,103.5,24.0,0.0,0.8
2024-02-13,lunch,Kartoffelgratin,1.0 Portion(en),396.1,7.8,25.3,33.0
2024-02-13,breakfast,Multivitamine,200.0g,96.0,1.0,1.0,24.0
2024-02-13,breakfast,Capri-Sonne Multivitamin ,200.0g,62.0,1.0,1.0,14.6
2024-02-13,lunch,Cordon bleu,187.5g,367.5,35.6,13.1,26.2
2024-02-13,snack,Isoclear,30.0g,103.5,24.0,0.0,0.8
2024-02-13,dinner,Döner Kebab,360.0g,626.4,37.8,17.6,74.9
2024-02-14,lunch,Bolognese,1.0 Portion(en),3903.5,269.9,281.5,48.0
2024-02-14,breakfast,Trutenbrust hauchdünn,150.0g,142.5,31.5,1.5,0.8
2024-02-14,lunch,Kartoffelgnocchi,260.0g,356.2,9.6,1.3,75.4
2024-02-14,snack,Capri-Sonne Multivitamin ,200.0g,62.0,1.0,1.0,14.6
2024-02-14,snack,Capri-Sonne Multivitamin ,200.0g,62.0,1.0,1.0,14.6
2024-02-14,dinner,"Thunfisch (in Wasser), Konserve",265.0g,265.0,60.7,1.1,2.1
2024-02-14,dinner,Mayonnaise à la française,30.0g,221.7,0.3,24.4,0.1
2024-02-14,dinner,Salatsauce ,135.0g,715.5,2.0,79.7,13.5
2024-02-15,breakfast,Pouletbrust mit Curry,150.0g,157.5,33.0,2.1,1.4
2024-02-15,lunch,Satay Chicken Noodles,420.0g,781.2,39.9,40.7,58.8
2024-02-15,dinner,Kokos-Schoko Cake,100.0g,371.0,3.5,23.0,36.0
2024-02-15,snack,Mozzarella,100.0g,238.0,17.0,18.0,2.0
2024-02-15,snack,Pouletbrust mit Curry,150.0g,157.5,33.0,2.1,1.4
2024-02-15,snack,Quarkhimmel,350.0g,185.5,30.1,1.8,15.8
2024-02-15,snack,"Zucker, weiß",15.0g,60.8,0.0,0.0,15.0
2024-02-15,snack,"Maracuja (Passionsfrucht), frisch",80.0g,53.6,1.9,0.3,7.6
2024-02-16,breakfast,Overnight Oats,1.0 Portion(en),637.5,56.4,19.9,54.2
2024-02-16,lunch,Reis mit Pouletgeschnetzeltem,1.0 Portion(en),712.7,58.0,20.3,72.5
2024-02-16,snack,Apfelstrudel,20.0g,40.2,0.6,1.6,5.4
2024-02-17,breakfast,Overnight Oats,1.0 Portion(en),637.5,56.4,19.9,54.2
2024-02-17,lunch,Reis mit Pouletgeschnetzeltem,1.0 Portion(en),712.7,58.0,20.3,72.5
2024-02-17,snack,Kaiserschmarrn ,1.0 Portion(en),687.3,53.2,17.0,79.8
2024-02-17,breakfast,Multifruchtsaft,200.0g,92.0,1.2,1.0,22.0
2024-02-17,snack,Mandeln,60.0g,366.6,14.4,31.8,3.4
2024-02-17,snack,Zimtzucker,10.0g,39.4,0.0,0.0,9.8
2024-02-18,lunch,Overnight Oats,1.0 Portion(en),637.5,56.4,19.9,54.2
2024-02-18,snack,Poulet Gehacktes mit Linsennudeln,1.0 Portion(en),623.1,55.1,17.4,57.1
2024-02-18,snack,Mayonnaise à la française,40.0g,295.6,0.4,32.6,0.1
2024-02-18,snack,Tomato Ketchup / Tomaten Ketchup,15.0g,15.3,0.2,0.0,3.5
2024-02-18,snack,"Delikatess Senf, mittelscharf",5.0g,5.5,0.3,0.3,0.2
2024-02-18,snack,Multivitamin,200.0g,62.0,1.0,1.0,14.6
2024-02-19,lunch,Poulet Gehacktes mit Linsennudeln,1.0 Portion(en),623.1,55.1,17.4,57.1
2024-02-19,snack,Darvida,46.0g,194.1,5.5,5.5,28.1
2024-02-19,snack,Banane,150.0g,133.5,1.6,0.5,34.2
2024-02-19,snack,"Apfel (mit Schale), frisch",130.0g,84.5,0.4,0.1,18.6
2024-02-19,snack,White chocolate almond ,55.0g,200.2,19.8,8.2,15.9
2024-02-19,snack,Multivitamine,200.0g,96.0,1.0,1.0,24.0
2024-02-20,breakfast,Darvida,46.0g,194.1,5.5,5.5,28.1
2024-02-20,breakfast,Banane,150.0g,133.5,1.6,0.5,34.2
2024-02-20,breakfast,"Apfel (mit Schale), frisch",130.0g,84.5,0.4,0.1,18.6
2024-02-20,lunch,Thon tonno ,120.0g,186.2,8.0,9.5,16.7
2024-02-20,lunch,Poulet Tartare,235.0g,622.8,18.6,32.9,61.1
2024-02-20,snack,White chocolate almond ,55.0g,200.2,19.8,8.2,15.9
2024-02-20,dinner,Mozzarella,160.0g,393.6,30.4,30.4,1.6
2024-02-21,lunch,"Hackfleisch, gemischt",280.0g,627.2,54.3,45.9,0.3
2024-02-21,lunch,Kartoffelstock ,250.0g,257.5,5.2,13.0,29.5
2024-02-21,lunch,"Brokkoli (Broccoli), gekocht",100.0g,27.0,2.8,0.2,2.0
2024-02-21,lunch,Dunkle Bratensauce ,50.0g,50.0,1.8,2.5,2.6
2024-02-21,dinner,Grisettini,28.0g,143.6,8.7,12.0,0.3
2024-02-21,snack,rheintaler ribelmais,50.0g,184.5,4.0,2.0,37.0
2024-02-21,dinner,Isoclear,30.0g,103.5,24.0,0.0,0.8
2024-02-21,breakfast,Mozzarella,160.0g,393.6,30.4,30.4,1.6
2024-02-22,breakfast,Multivitamin Saft,200.0g,76.0,0.8,0.2,20.0
2024-02-22,breakfast,Joghurt Mocca,180.0g,172.8,6.5,5.6,24.3
2024-02-22,lunch,Maisgrieß (Polenta),100.0g,354.0,8.8,1.1,73.8
2024-02-22,lunch,Hasenfleisch,30.0g,45.9,9.0,1.2,0.0
2024-02-22,dinner,Grisettini,42.0g,215.5,13.0,18.1,0.4
2024-02-22,snack,Mozzarella,195.0g,475.8,37.0,35.1,2.9
2024-02-22,dinner,Isoclear,30.0g,103.5,24.0,0.0,0.8
2024-02-22,dinner,Erbsen und Karotten,100.0g,58.0,3.3,0.7,5.5
2024-02-22,dinner,Rösti,100.0g,164.0,3.0,8.2,20.0
2024-02-23,breakfast,Overnight Oats,1.0 Portion(en),637.5,56.4,19.9,54.2
2024-02-23,breakfast,UrDinkelbrot,40.0g,92.8,3.9,0.4,17.6
2024-02-23,lunch,Pizza poulet,437.0g,913.3,48.1,24.9,118.0
2024-02-23,lunch,Pizza Prosciutto,62.5g,181.2,8.8,4.5,23.8
2024-02-23,dinner,Salami,20.0g,74.2,4.7,6.2,0.1
2024-02-23,dinner,Magenbrot,20.0g,71.6,1.1,0.3,16.2
2024-02-24,breakfast,Overnight Oats,1.0 Portion(en),637.5,56.4,19.9,54.2
2024-02-24,breakfast,Multivitamin Saft,200.0g,76.0,0.8,0.2,20.0
2024-02-24,breakfast,Mozzarella,200.0g,488.0,38.0,36.0,3.0
2024-02-24,lunch,Multivitamin Saft,170.0g,64.6,0.7,0.2,17.0
2024-02-24,dinner,Dürüm Döner,400.0g,700.0,44.0,28.0,72.0
2024-02-25,snack,Himmlische Apfeltorte,1.0 Portion(en),108.3,0.6,5.9,12.7
2024-02-25,dinner,Poulet Gehacktes mit Linsennudeln,1.0 Portion(en),623.1,55.1,17.4,57.1
2024-02-25,snack,Tete de Moin Rosetten,120.0g,498.0,30.0,42.0,0.6
2024-02-25,snack,Orangensaft,200.0g,84.0,1.6,0.0,17.6
2024-02-25,dinner,Reibkäse,60.0g,207.0,20.4,13.8,0.3
2024-02-26,lunch,Poulet nudeln,1.0 Portion(en),677.1,49.9,17.3,71.9
2024-02-26,breakfast,Tete de Moin Rosetten,88.0g,365.2,22.0,30.8,0.4
2024-02-26,breakfast,Urdinkelbrot,85.0g,214.2,9.3,2.8,35.7
2024-02-26,snack,White chocolate almond ,110.0g,400.4,39.6,16.5,31.9
2024-02-26,snack,Thon tonno ,120.0g,186.2,8.0,9.5,16.7
2024-02-27,dinner,"Crevettes, en boîte",100.0g,100.0,20.4,1.4,0.0
2024-02-27,dinner,Blumenkohlauflauf mit Käse ,250.0g,550.0,35.8,36.8,16.8
2024-02-27,breakfast,Tete de Moin Rosetten,70.0g,290.5,17.5,24.5,0.3
2024-02-27,breakfast,Säntis bergkäse,40.0g,149.2,11.2,11.6,0.0
2024-02-27,breakfast,Joghurt Mocca,180.0g,172.8,6.5,5.6,24.3
2024-02-27,lunch,Thon tonno ,120.0g,186.2,8.0,9.5,16.7
2024-02-27,lunch,Poulet Tartare,235.0g,622.8,18.6,32.9,61.1
2024-02-27,lunch,White chocolate almond ,55.0g,200.2,19.8,8.2,15.9
2024-02-28,breakfast,Mozzarella,240.0g,590.4,45.6,45.6,2.4
2024-02-28,snack,Butterlaugebrezel,70.0g,241.5,5.5,8.2,36.4
2024-02-28,lunch,FelFel Chimichurri Chicken,450.0g,634.5,32.9,31.1,54.0
2024-02-28,dinner,Felfel Le Gruyère,100.0g,415.0,33.0,31.0,1.0
2024-02-28,dinner,FelFel Chimichurri Chicken,450.0g,634.5,32.9,31.1,54.0
2024-02-29,lunch,Poulet nudeln,1.0 Portion(en),677.1,49.9,17.3,71.9
2024-02-29,breakfast,Overnight Oats,1.0 Portion(en),637.5,56.4,19.9,54.2
2024-02-29,lunch,Butterlaugebrezel,70.0g,241.5,5.5,8.2,36.4
2024-02-29,snack,Blanc weisse schokolade,21.0g,116.5,1.1,6.9,12.5
2024-02-29,dinner,Dürüm Döner,560.0g,980.0,61.6,39.2,100.8
2024-03-01,breakfast,Overnight Oats,1.0 Portion(en),637.5,56.4,19.9,54.2
2024-03-01,lunch,Wildreis(gekocht),270.0g,337.5,13.0,1.4,67.5
2024-03-01,lunch,Putenfleisch,300.0g,465.0,62.7,23.1,1.2
2024-03-01,lunch,"Brokkoli (Broccoli), gekocht",300.0g,81.0,8.4,0.6,6.0
2024-03-01,snack,Butterlaugebrezel,70.0g,241.5,5.5,8.2,36.4
2024-03-01,dinner,Käseknöpfle,300.0g,420.0,16.5,7.5,78.0
2024-03-02,breakfast,Overnight Oats,1.0 Portion(en),637.5,56.4,19.9,54.2
2024-03-02,lunch,Cordon bleu (aus Schweinefleisch),165.0g,364.6,36.8,16.8,15.2
2024-03-02,lunch,Kartoffelgratin (überbacken),250.0g,425.0,13.8,26.8,31.0
2024-03-02,dinner,Spaghetti Bolognese,150.0g,214.5,9.3,5.2,31.2
2024-03-02,dinner,Spaghetti Carbonara,150.0g,286.5,12.2,8.0,38.5
2024-03-02,snack,"Saft vom Fass, alkohilfrei",500.0g,90.0,0.5,0.0,21.0
2024-03-02,snack,Rio doro Tropical bay,200.0g,78.0,1.0,1.0,18.6
2024-03-03,breakfast,Overnight Oats,1.0 Portion(en),637.5,56.4,19.9,54.2
2024-03-03,lunch,Knöpfli wie Hausgemacht,60.0g,94.2,4.2,1.5,15.6
2024-03-03,lunch,Mozzarella,248.0g,605.1,47.1,44.6,3.7
2024-03-03,dinner,Magertopfen,230.0g,165.6,32.2,1.1,9.4
2024-03-03,dinner,Kartoffeln roh,400.0g,308.0,8.0,0.4,64.0
2024-03-04,breakfast,Overnight Oats,1.0 Portion(en),637.5,56.4,19.9,54.2
2024-03-04,lunch,Ghackets mit Härdöpfelstock,1.0 Portion(en),2923.6,196.2,227.2,19.7
2024-03-04,dinner,Thon tonno ,120.0g,186.2,8.0,9.5,16.7
2024-03-04,dinner,White chocolate almond ,55.0g,200.2,19.8,8.2,15.9
2024-03-05,breakfast,Overnight Oats,1.0 Portion(en),637.5,56.4,19.9,54.2
2024-03-05,lunch,Poulet nudeln,1.0 Portion(en),677.1,49.9,17.3,71.9
2024-03-05,dinner,Ciabatta Poulet,245.0g,666.4,19.4,31.9,73.5
2024-03-05,snack,White chocolate almond ,55.0g,200.2,19.8,8.2,15.9
2024-03-05,snack,Isoclear,30.0g,103.5,24.0,0.0,0.8
2024-03-06,lunch,Ghackets mit Härdöpfelstock,1.0 Portion(en),2923.6,196.2,227.2,19.7
2024-03-06,breakfast,Overnight Oats,1.0 Portion(en),637.5,56.4,19.9,54.2
2024-03-06,dinner,Hüttenkäse,270.0g,234.9,27.0,10.8,7.3
2024-03-06,dinner,Tilsiter mild,60.0g,207.0,15.0,16.2,0.3
2024-03-06,snack,Pouletstreifen,150.0g,213.0,40.5,5.4,0.8
2024-03-06,lunch,Kartoffelstock ,250.0g,257.5,5.2,13.0,29.5
2024-03-06,lunch,"Rotkohl (Blaukraut), gekocht",300.0g,75.0,4.2,0.6,9.6
2024-03-06,snack,Protein bar Haselnuss & Nougat,55.0g,205.7,19.8,8.8,15.9
2024-03-07,lunch,Poulet nudeln,1.0 Portion(en),677.1,49.9,17.3,71.9
2024-03-07,breakfast,Overnight Oats,1.0 Portion(en),637.5,56.4,19.9,54.2
2024-03-07,snack,Mandelgipfel,40.0g,146.8,3.5,8.6,14.2
2024-03-07,dinner,Butterlaugebrezel,70.0g,241.5,5.5,8.2,36.4
2024-03-07,snack,Mozzarella,200.0g,522.0,42.0,38.0,3.0
2024-03-07,snack,Poulet crispy,100.0g,206.0,15.0,7.1,20.0
2024-03-07,dinner,Allgäuer Hartkäse,40.0g,158.4,10.7,12.8,0.0
2024-03-08,breakfast,Overnight Oats,1.0 Portion(en),637.5,56.4,19.9,54.2
2024-03-08,lunch,"Nudeln, gekocht (aus Hartweizengrieß)",200.0g,286.0,10.0,1.0,56.2
2024-03-08,lunch,Soße Bolognese,479.0g,359.2,23.9,20.1,19.2
2024-03-08,lunch,Reibkäse M BudGet,60.0g,211.2,19.8,14.4,0.6
2024-03-08,snack,Pouletstreifen,150.0g,213.0,40.5,5.4,0.8
2024-03-08,dinner,Allgäuer Hartkäse,34.0g,134.6,9.1,10.9,0.0
2024-03-09,breakfast,Overnight Oats,1.0 Portion(en),637.5,56.4,19.9,54.2
2024-03-09,breakfast,Pouletstreifen,150.0g,213.0,40.5,5.4,0.8
2024-03-09,lunch,Pommes Frites (frittiert und gesalzen),100.0g,295.0,4.2,14.5,35.7
2024-03-09,lunch,Pouletbrust,200.0g,228.0,50.0,3.0,2.0
2024-03-09,lunch,Rahmsauce,100.0g,53.0,1.2,3.1,4.9
2024-03-09,snack,Rumpunsch,200.0g,80.0,2.0,0.0,20.0
2024-03-09,dinner,Isoclear,30.0g,103.5,24.0,0.0,0.8
2024-03-10,breakfast,Overnight Oats,1.0 Portion(en),637.5,56.4,19.9,54.2
2024-03-10,snack,Salatdressing,1.0 Portion(en),9351.7,49.3,1021.8,19.3
2024-03-10,dinner,Bloch Käse,90.0g,351.0,25.2,28.8,0.5
2024-03-10,dinner,Mozzarella,160.0g,417.6,33.6,30.4,2.4
2024-03-10,dinner,Poulet crispy,200.0g,412.0,30.0,14.2,40.0
2024-03-10,dinner,"Karotten (Möhren), frisch",150.0g,58.5,1.2,0.3,10.2
2024-03-10,snack,Sweet Corn Süssmais,200.0g,156.0,4.8,3.4,24.0
2024-03-11,breakfast,Overnight Oats,1.0 Portion(en),637.5,56.4,19.9,54.2
2024-03-11,lunch,Onion Rings 6 Stück,70.0g,168.7,2.7,8.1,21.1
2024-03-11,lunch,Supreme Classic,250.0g,655.0,32.0,35.0,51.0
2024-03-11,dinner,Isoclear,45.0g,155.2,36.0,0.0,1.1
2024-03-11,dinner,Isoclear,30.0g,103.5,24.0,0.0,0.8
2024-03-11,dinner,Mozzarella,150.0g,391.5,31.5,28.5,2.2
2024-03-11,breakfast,White chocolate almond ,55.0g,200.2,19.8,8.2,15.9
2024-03-11,lunch,Fuze Tea,400.0g,120.0,0.0,0.0,28.8
2024-03-11,dinner,Kichererbsencurry,200.0g,282.0,8.6,8.2,42.0
2024-03-11,dinner,"Langkornreis, gekocht",150.0g,183.0,3.3,0.3,40.8
2024-03-12,breakfast,Mozzarella,58.0g,151.4,12.2,11.0,0.9
2024-03-12,snack,Petit beurre au chocolat noir,12.5g,62.0,0.8,3.0,7.8
2024-03-12,dinner,26g high protein,330.0g,217.8,26.4,5.0,17.2
2024-03-12,dinner,Thon tonno ,120.0g,186.2,8.0,9.5,16.7
2024-03-12,snack,White chocolate almond ,55.0g,200.2,19.8,8.2,15.9
2024-03-12,dinner,Poulet,150.0g,181.5,33.0,4.2,2.7
2024-03-12,snack,Tropical Bay Orange,200.0g,78.0,1.0,1.0,18.6
2024-03-12,lunch,Kartoffelstock ,300.0g,309.0,6.3,15.6,35.4
2024-03-12,lunch,Putenfleisch,150.0g,232.5,31.4,11.6,0.6
2024-03-12,lunch,Brokoli und Blumenkohl ,350.0g,122.5,9.1,3.5,11.6
2024-03-12,breakfast,Yogourt & Quark/Séré  Nature,500.0g,285.0,42.5,2.5,22.5
2024-03-13,lunch,Poulet nudeln,1.0 Portion(en),677.1,49.9,17.3,71.9
2024-03-13,breakfast,Overnight Oats,1.0 Portion(en),637.5,56.4,19.9,54.2
2024-03-13,snack,Tilsiter mild,80.0g,276.0,20.0,21.6,0.4
2024-03-13,dinner,Protein Riegel Schoko-Geschmack,45.0g,159.0,15.0,5.0,12.0
2024-03-13,dinner,Döner Kebab,720.0g,1252.8,75.6,35.3,149.8
2024-03-14,breakfast,Overnight Oats,1.0 Portion(en),637.5,56.4,19.9,54.2
2024-03-14,dinner,Tenz‘ Momos - Chicken (with Spicy Sauce),240.0g,461.0,24.0,13.7,60.0
2024-03-14,dinner,Apero Sbrinz AOP,70.0g,301.0,21.0,23.8,0.3
2024-03-14,dinner,Apero tete de moine AOP,52.0g,217.9,13.0,17.8,0.1
2024-03-14,lunch,Protein Riegel Schoko-Geschmack,45.0g,159.0,15.0,5.0,12.0
2024-03-14,lunch,Kartoffelgratin (überbacken),300.0g,510.0,16.5,32.1,37.2
2024-03-14,lunch,Putenfleisch,170.0g,263.5,35.5,13.1,0.7
2024-03-15,lunch,Poulet nudeln,1.0 Portion(en),677.1,49.9,17.3,71.9
2024-03-15,dinner,Kartoffeltaler,1.0 Portion(en),1079.7,85.2,67.7,30.3
2024-03-15,breakfast,Overnight Oats,1.0 Portion(en),637.5,56.4,19.9,54.2
2024-03-15,snack,Schokogipfel Cailler,85.0g,392.7,7.6,21.8,39.0
2024-03-15,dinner,apero gruyère AOP,52.0g,215.8,17.2,16.1,0.5
2024-03-15,snack,Pouletstreifen,150.0g,213.0,40.5,5.4,0.8
2024-03-16,breakfast,Overnight Oats,1.0 Portion(en),637.5,56.4,19.9,54.2
2024-03-16,dinner,Malzkornbrot,270.0g,648.0,29.7,13.5,91.8
2024-03-16,dinner,Peanut Butter,40.1g,240.6,9.9,18.7,6.5
2024-03-16,snack,Pouletstreifen,150.0g,213.0,40.5,5.4,0.8
2024-03-16,lunch,"Nudeln, gekocht (aus Hartweizengrieß)",300.0g,429.0,15.0,1.5,84.3
2024-03-16,lunch,BURRATINA,125.0g,303.8,15.0,26.2,1.9
2024-03-16,dinner,"Apfel (mit Schale), frisch",130.0g,84.5,0.4,0.1,18.6
2024-03-16,dinner,Banane,150.0g,133.5,1.6,0.5,34.2
2024-03-17,lunch,Salatdressing,1.0 Portion(en),9351.7,49.3,1021.8,19.3
2024-03-17,dinner,Salatdressing,1.0 Portion(en),9351.7,49.3,1021.8,19.3
2024-03-17,breakfast,Mozarella Stange,200.0g,488.0,38.0,36.0,3.0
2024-03-17,lunch,Rosa Thon,310.0g,337.9,80.6,1.6,0.0
2024-03-17,dinner,Hüttenkäse,188.0g,163.6,18.8,7.5,5.1
2024-03-17,dinner,Omelette,122.0g,187.9,12.9,14.3,0.7
2024-03-17,dinner,Peanut Butter,37.5g,220.5,8.2,18.6,9.0
2024-03-17,dinner,Lotuscreme,20.0g,116.8,0.6,7.6,11.4
2024-03-17,dinner,Sweet Corn Süssmais,199.5g,155.6,4.8,3.4,23.9
2024-03-17,snack,"Kuhmilch (Vollmilch) 3,5% Fett",200.0g,130.0,6.8,7.2,9.4
2024-03-17,snack,"Himbeeren, frisch",50.0g,21.5,0.7,0.1,2.4
2024-03-17,snack,Mandeln,60.0g,366.6,14.4,31.8,3.4
2024-03-17,snack,Whey Protein,15.0g,57.8,11.6,0.8,1.1
2024-03-18,breakfast,Overnight Oats,1.0 Portion(en),637.5,56.4,19.9,54.2
2024-03-18,lunch,Ghackets mit Härdöpfelstock,1.0 Portion(en),2923.6,196.2,227.2,19.7
2024-03-18,dinner,Thon tonno ,120.0g,186.2,8.0,9.5,16.7
2024-03-18,dinner,White chocolate almond ,55.0g,200.2,19.8,8.2,15.9
2024-03-18,snack,Proteinpizza,100.0g,375.0,33.9,5.1,39.6
2024-03-19,breakfast,Overnight Oats,1.0 Portion(en),637.5,56.4,19.9,54.2
2024-03-19,lunch,Rindsbraten,100.0g,125.0,20.0,5.0,0.0
2024-03-19,lunch,"Dinkelnudeln, gekocht",450.0g,576.0,20.7,5.0,108.0
2024-03-19,dinner,Crispy Cookie,55.0g,210.7,20.4,8.2,2.8
2024-03-19,snack,Total Protein Buttermilk Lime,25.0g,93.2,18.6,1.2,1.5
2024-03-19,dinner,Trutenbrust hauchdünn,150.0g,142.5,31.5,1.5,0.8
2024-03-20,breakfast,Overnight Oats,1.0 Portion(en),637.5,56.4,19.9,54.2
2024-03-20,lunch,Tortelloni Formagio,400.0g,800.0,36.4,20.8,112.8
2024-03-20,dinner,"Karotten (Möhren), frisch",534.0g,208.3,4.3,1.1,36.3
2024-03-20,dinner,Bloch Käse,40.0g,156.0,11.2,12.8,0.2
2024-03-20,dinner,Mandeln,30.0g,183.3,7.2,15.9,1.7
2024-03-20,snack,Pouletstreifen,150.0g,213.0,40.5,5.4,0.8
2024-03-20,snack,Butterlaugebrezel,80.0g,276.0,6.2,9.4,41.6
2024-03-20,dinner,Rio doro Tropical bay,200.0g,78.0,1.0,1.0,18.6
2024-03-20,snack,Crispy Cookie,55.0g,210.7,20.4,8.2,2.8
2024-03-21,breakfast,Overnight Oats,1.0 Portion(en),637.5,56.4,19.9,54.2
2024-03-21,lunch,Schinkensandwich,115.0g,253.0,14.7,9.5,23.5
2024-03-21,lunch,Dorum poulet,100.0g,626.0,38.0,6.8,79.0
2024-03-21,dinner,Mandeln,50.0g,305.5,12.0,26.5,2.9
2024-03-21,lunch,"Putenschnitzel, paniert",250.0g,657.5,39.5,29.2,57.0
2024-03-21,snack,Mozzarella,70.0g,170.8,13.3,12.6,1.1
2024-03-21,snack,Beerenmischung,250.0g,167.5,2.8,1.2,32.5
2024-03-21,snack,Magertopfen,250.0g,180.0,35.0,1.2,10.2
2024-03-21,snack,High Protein Milk Nature,300.0g,150.0,21.9,1.5,15.0
2024-03-22,breakfast,Overnight Oats,1.0 Portion(en),637.5,56.4,19.9,54.2
2024-03-22,snack,Greek Chicken Gyro Bowl,370.0g,329.3,24.4,10.0,32.9
2024-03-22,snack,apero gruyère AOP,52.0g,215.8,17.2,16.1,0.5
2024-03-22,lunch,Spaghetti Bolognese,659.0g,784.2,50.7,14.5,114.0
2024-03-22,lunch,Sbrinz,100.0g,430.0,30.0,34.0,0.1
2024-03-22,snack,Apero Sbrinz AOP,70.0g,301.0,21.0,23.8,0.3
2024-03-22,dinner,Vollkornbrötchen,160.0g,371.2,13.3,2.4,67.8
2024-03-22,dinner,Mandeln,80.0g,488.8,19.2,42.4,4.6
2024-03-23,breakfast,Overnight Oats,1.0 Portion(en),637.5,56.4,19.9,54.2
2024-03-23,lunch,Salatsauce neu ,1.0 Portion(en),1191.7,66.6,89.6,28.8
2024-03-23,breakfast,Mozarella,100.0g,244.0,19.0,18.0,1.5
2024-03-23,lunch,Goldmais,180.0g,131.4,4.9,2.5,19.8
2024-03-23,lunch,thunfisch,155.0g,170.5,40.3,1.1,0.0
2024-03-23,lunch,Pizza Prosciutto,200.0g,580.0,28.0,14.4,76.0
2024-03-23,dinner,Urdinkelbrot,80.0g,201.6,8.8,2.6,33.6
2024-03-23,dinner,Mandeln,70.0g,427.7,16.8,37.1,4.0
2024-03-23,dinner,Buttergipfeli,60.0g,110.4,2.4,5.6,12.0
2024-03-23,snack,Beerenmischung,250.0g,167.5,2.8,1.2,32.5
2024-03-23,snack,Magertopfen,250.0g,180.0,35.0,1.2,10.2
2024-03-23,snack,High Protein Milk Nature,300.0g,150.0,21.9,1.5,15.0
2024-03-23,dinner,"Saft vom Fass, alkohilfrei",500.0g,90.0,0.5,0.0,21.0
2024-03-23,dinner,Multivitaminnektar Rio Doro ,250.0g,117.5,1.2,1.2,13.8
2024-03-24,breakfast,Salatsauce neu ,1.0 Portion(en),1191.7,66.6,89.6,28.8
2024-03-24,lunch,Poulet mit Spinat,1.0 Portion(en),2422.8,281.4,112.0,57.1
2024-03-24,dinner,Poulet mit Spinat,1.0 Portion(en),2422.8,281.4,112.0,57.1
2024-03-24,breakfast,Mozzarella,150.0g,369.0,28.5,28.5,1.5
2024-03-24,breakfast,"Karotten (Möhren), frisch",300.0g,117.0,2.4,0.6,20.4
2024-03-24,lunch,"Nudeln, gekocht (aus Hartweizengrieß)",300.0g,429.0,15.0,1.5,84.3
2024-03-24,dinner,"Nudeln, gekocht (aus Hartweizengrieß)",250.0g,357.5,12.5,1.2,70.2
2024-03-24,snack,Rio doro Tropical bay,200.0g,78.0,1.0,1.0,18.6
2024-03-24,snack,Isoclear,30.0g,103.5,24.0,0.0,0.8
2024-03-25,lunch,Poulet Gehacktes mit Linsennudeln,1.0 Portion(en),623.1,55.1,17.4,57.1
2024-03-25,breakfast,Mozzarella,105.0g,258.3,19.9,19.9,1.1
2024-03-25,breakfast,"Magerquark ""milfina""",340.0g,217.6,37.4,1.0,15.0
2024-03-25,dinner,Sandwich Poulet Tartar,235.0g,622.8,18.6,32.9,61.1
2024-03-25,dinner,Thon tonno ,120.0g,186.2,8.0,9.5,16.7
2024-03-25,dinner,Crispy Cookie,55.0g,210.7,20.4,8.2,2.8
2024-03-25,snack,Rio doro Tropical bay,200.0g,78.0,1.0,1.0,18.6
2024-03-26,lunch,Poulet mit Spinat,1.0 Portion(en),2422.8,281.4,112.0,57.1
2024-03-26,breakfast,Bürlibrot,60.0g,154.2,7.2,0.6,28.8
2024-03-26,breakfast,Mandeln,35.0g,213.8,8.4,18.6,2.0
2024-03-26,breakfast,Gruyère,38.0g,173.0,6.0,6.0,23.0
2024-03-26,lunch,"Nudeln, gekocht (aus Hartweizengrieß)",300.0g,429.0,15.0,1.5,84.3
2024-03-26,snack,Crispy Cookie,55.0g,210.7,20.4,8.2,2.8
2024-03-26,dinner,Isoclear,30.0g,103.5,24.0,0.0,0.8
2024-03-26,dinner,Mini Poulet Cordon Bleu 2 ST,160.0g,297.6,27.2,14.4,14.2
2024-03-26,dinner,Kabissalat,150.0g,171.0,5.0,13.2,0.3
2024-03-26,dinner,"Brokkoli (Broccoli), gekocht",200.0g,54.0,5.6,0.4,4.0
2024-03-27,lunch,Nudeln mit Pouletbrust ,1.0 Portion(en),1510.8,129.7,45.7,138.2
2024-03-27,breakfast,Magerquark,500.0g,315.0,50.0,2.5,20.0
2024-03-27,snack,apero gruyère AOP,52.0g,215.8,17.2,16.1,0.5
2024-03-27,dinner,Butter Chicken Delhi Style,500.0g,675.0,34.0,29.5,65.0
2024-03-27,dinner,Tofu-Zucchini-Pfanne,300.0g,318.6,25.8,21.0,6.6
2024-03-27,dinner,Bratkartoffeln,250.0g,300.0,4.5,14.8,35.2
2024-03-28,breakfast,Overnight Oats,1.0 Portion(en),637.5,56.4,19.9,54.2
2024-03-28,lunch,Poulet mit Spinat,1.0 Portion(en),2422.8,281.4,112.0,57.1
2024-03-28,dinner,Salatsauce ohne Öl & Mayo,1.0 Portion(en),642.5,46.9,37.2,27.3
2024-03-28,dinner,Salatsauce ohne Öl & Mayo,1.0 Portion(en),642.5,46.9,37.2,27.3
2024-03-28,lunch,"Nudeln, gekocht (aus Hartweizengrieß)",300.0g,429.0,15.0,1.5,84.3
2024-03-28,dinner,Goldmais,285.0g,208.1,7.7,4.0,31.4
2024-03-28,snack,Chips Paprika,40.0g,204.0,2.4,12.4,20.4
2024-03-29,breakfast,Overnight Oats,1.0 Portion(en),637.5,56.4,19.9,54.2
2024-03-29,lunch,Salatsauce ohne Öl & Mayo,1.0 Portion(en),642.5,46.9,37.2,27.3
2024-03-29,dinner,Salatsauce ohne Öl & Mayo,1.0 Portion(en),642.5,46.9,37.2,27.3
2024-03-29,breakfast,Fruchtcocktail,200.0g,96.0,0.0,0.0,22.0
2024-03-29,breakfast,Multivitamin Saft,200.0g,76.0,0.8,0.2,20.0
2024-03-29,breakfast,Mandeln,30.0g,183.3,7.2,15.9,1.7
2024-03-29,breakfast,Urdinkelbrot,50.0g,127.0,5.5,1.8,21.0
2024-03-29,snack,Chunky Cookie White,16.0g,83.8,0.8,5.0,8.6
2024-03-29,lunch,Bordelaise Schlemmerfisch,323.0g,471.6,42.0,26.2,17.1
2024-03-29,lunch,Salzkartoffeln,210.0g,186.9,4.2,0.0,39.7
2024-03-29,lunch,"Fischstäbchen, gefroren",90.0g,164.7,10.9,7.7,12.7
2024-03-29,dinner,Crank Pump Pro,30.0g,96.0,0.0,0.0,0.0
2024-03-29,dinner,Snickers Mini,18.0g,88.2,1.6,4.1,10.8
2024-03-29,dinner,Käsetoast,60.0g,111.0,7.0,6.7,15.1
2024-03-29,dinner,"Karotten (Möhren), frisch",250.0g,97.5,2.0,0.5,17.0
2024-03-29,snack,More Clear Skin Glow Multifrucht,30.0g,105.3,24.9,0.0,0.5
2024-03-30,breakfast,Overnight Oats,1.0 Portion(en),637.5,56.4,19.9,54.2
2024-03-30,breakfast,Butterzopf,40.0g,122.4,3.6,2.8,20.4
2024-03-30,breakfast,Mandeln,30.0g,183.3,7.2,15.9,1.7
2024-03-30,snack,Chunky Cookie White,16.0g,83.8,0.8,5.0,8.6
2024-03-30,lunch,Filets de poulet,500.0g,510.0,118.0,3.5,0.0
2024-03-31,breakfast,Overnight Oats,1.0 Portion(en),637.5,56.4,19.9,54.2
2024-03-31,dinner,Mandeln,100.0g,611.0,24.0,53.0,5.7
2024-03-31,lunch,"Spaghetti, gekocht",286.0g,409.0,14.3,1.4,80.4
2024-03-31,lunch,BURRATINA,125.0g,303.8,15.0,26.2,1.9
2024-03-31,lunch,sauce cinque pi,120.0g,104.4,5.4,4.6,9.7
2024-03-31,snack,Isoclear,30.0g,103.5,24.0,0.0,0.8
2024-03-31,dinner,Filets de poulet,282.0g,287.6,66.6,2.0,0.0
2024-03-31,dinner,Rio doro Tropical bay,200.0g,78.0,1.0,1.0,18.6
2024-03-31,dinner,Gruyère,38.0g,173.0,6.0,6.0,23.0
2024-03-31,dinner,Butterzopf,60.0g,183.6,5.4,4.2,30.6
2024-04-01,breakfast,Overnight Oats,1.0 Portion(en),637.5,56.4,19.9,54.2
2024-04-01,lunch,Salatsauce nur Magerquark ,1.0 Portion(en),174.8,21.7,3.5,15.2
2024-04-01,breakfast,Butterzopf,50.0g,153.0,4.5,3.5,25.5
2024-04-01,breakfast,Mandeln,40.0g,244.4,9.6,21.2,2.3
2024-04-01,breakfast,Potz Blitz,30.0g,130.5,6.9,11.3,0.1
2024-04-01,lunch,Tonno  rosa naturale,155.0g,170.5,40.3,1.1,0.0
2024-04-01,dinner,Mozzarella,233.0g,573.2,44.3,44.3,2.3
2024-04-01,dinner,Pain paillasse,100.0g,243.0,7.9,0.9,50.1
2024-04-02,lunch,Nudeln mit Pouletbrust ,1.0 Portion(en),1510.8,129.7,45.7,138.2
2024-04-02,breakfast,Morgenshake,1.0 Portion(en),617.3,69.9,13.1,57.0
2024-04-02,dinner,Thon tonno ,120.0g,186.2,8.0,9.5,16.7
2024-04-02,dinner,Crispy Cookie,55.0g,210.7,20.4,8.2,2.8
2024-04-02,dinner,Sandwich Poulet Tartar,235.0g,622.8,18.6,32.9,61.1
2024-04-02,snack,Ostereili,11.0g,64.2,0.7,4.4,5.3
2024-04-02,snack,Bloch Käse,40.0g,156.0,11.2,12.8,0.2
2024-04-02,dinner,Mandeln,30.0g,183.3,7.2,15.9,1.7
2024-04-03,breakfast,Milch,330.0g,151.8,10.6,5.0,16.2
2024-04-03,breakfast,Choco Crispies,100.0g,380.0,10.0,2.2,77.0
2024-04-03,dinner,Pouletbrust mit Curry,150.0g,157.5,33.0,2.1,1.4
2024-04-03,lunch,Polenta (zubereitet),200.0g,190.0,4.8,3.6,33.2
2024-04-03,lunch,Wildreis(gekocht),150.0g,187.5,7.2,0.8,37.5
2024-04-03,lunch,"Hackfleisch, gemischt",120.0g,268.8,23.3,19.7,0.1
2024-04-03,lunch,Bolognese Sauce,150.0g,118.5,10.3,7.7,5.0
2024-04-03,snack,Mandeln,75.0g,458.2,18.0,39.8,4.3
2024-04-03,snack,Kartoffelcremesuppe,350.0g,262.5,10.5,14.0,24.5
2024-04-03,dinner,Proteinbrot YOU,200.0g,400.0,34.0,5.6,46.0
2024-04-04,breakfast,Peanut Butter creamy,19.0g,117.0,4.2,9.5,2.9
2024-04-04,breakfast,Proteinbrot YOU,200.0g,596.0,52.0,30.0,18.6
2024-04-04,lunch,"Putenschnitzel (Truthahnschnitzel), natur",220.0g,294.8,53.0,9.0,0.0
2024-04-04,breakfast,Mandeln,20.0g,122.2,4.8,10.6,1.1
2024-04-04,lunch,"Dinkelnudeln, gekocht",360.0g,460.8,16.6,4.0,86.4
2024-04-04,dinner,St.Galler OLMA-Bratwurst ,160.0g,392.0,20.8,33.6,1.4
2024-04-04,dinner,Bürlibrot,60.0g,154.2,7.2,0.6,28.8
2024-04-04,snack,Butterlaugebrezel,80.0g,276.0,6.2,9.4,41.6
2024-04-04,dinner,Blevita Bio Spinat-Basilikum,38.0g,161.5,4.6,4.6,24.3
2024-04-05,breakfast,Overnight Oats,1.0 Portion(en),637.5,56.4,19.9,54.2
2024-04-05,lunch,Poulet mit Spinat,1.0 Portion(en),2422.8,281.4,112.0,57.1
2024-04-05,snack,Apero tete de moine AOP,52.0g,217.9,13.0,17.8,0.1
2024-04-05,snack,Apero Sbrinz AOP,70.0g,301.0,21.0,23.8,0.3
2024-04-05,snack,Bergkäserei Geis,35.0g,130.6,9.8,10.2,0.2
2024-04-06,breakfast,Chunky Cookie White,32.0g,167.7,1.7,9.9,17.3
2024-04-06,snack,Bilz Panaché,330.0g,92.4,0.0,0.0,21.8
2024-04-06,dinner,Mozzarella,125.0g,311.2,22.5,23.8,1.9
2024-04-06,dinner,Tortilla chips nature,42.0g,199.9,2.9,8.8,24.8
2024-04-06,dinner,Butterlaugebrezel,80.0g,276.0,6.2,9.4,41.6
2024-04-06,dinner,Gruyère,38.0g,174.8,6.1,6.1,22.8
2024-04-06,snack,Isoclear,30.0g,103.5,24.0,0.0,0.8
2024-04-06,lunch,Satay Chicken Noodles,420.0g,781.2,39.9,40.7,58.8
2024-04-06,breakfast,Magerquark,500.0g,315.0,50.0,2.5,20.0
2024-04-06,snack,"Karotten (Möhren), frisch",750.0g,292.5,6.0,1.5,51.0
2024-04-06,dinner,"Hühnerei, Eier, roh",240.0g,328.8,28.3,22.3,3.6
2024-04-07,breakfast,Magerquark,500.0g,315.0,50.0,2.5,20.0
2024-04-07,lunch,Schweinscordonbleu,400.0g,732.0,72.0,28.0,48.0
2024-04-07,lunch,Pommes Frites (frittiert und gesalzen),100.0g,295.0,4.2,14.5,35.7
2024-04-07,lunch,Kroketten,150.0g,271.5,4.5,13.5,42.8
2024-04-07,lunch,"Gemüsepfanne, fettarm",300.0g,123.0,6.0,3.9,15.6
2024-04-07,dinner,Mozzarella,162.0g,437.4,34.0,32.4,1.3
2024-04-08,lunch,Ghackets mit Härdöpfelstock,1.0 Portion(en),2923.6,196.2,227.2,19.7
2024-04-08,breakfast,"Apfel (mit Schale), frisch",130.0g,84.5,0.4,0.1,18.6
2024-04-08,breakfast,Banane,150.0g,133.5,1.6,0.5,34.2
2024-04-08,breakfast,Butterzopf,114.0g,348.8,10.3,8.0,58.1
2024-04-08,breakfast,Mandeln,50.0g,305.5,12.0,26.5,2.9
2024-04-08,snack,Gruyère,38.0g,173.0,6.0,6.0,23.0
2024-04-08,dinner,Pouletstreifen,150.0g,213.0,40.5,5.4,0.8
2024-04-08,dinner,Crevetten,170.0g,122.4,28.9,1.4,1.4
2024-04-08,dinner,Spargelrisotto ,500.0g,611.5,13.0,21.5,90.0
2024-04-09,breakfast,Morge,1.0 Portion(en),302.1,48.6,4.2,16.0
2024-04-09,lunch,Poulet mit Spinat,1.0 Portion(en),2422.8,281.4,112.0,57.1
2024-04-09,snack,mozzarella,150.0g,376.5,28.5,28.5,1.5
2024-04-09,dinner,"Eismeergarnelen,gekocht,geschält",180.0g,156.6,32.4,2.0,0.0
2024-04-10,lunch,Cinque pi Crevetten,1.0 Portion(en),779.7,41.1,43.6,52.0
2024-04-10,breakfast,Overnight Oats,1.0 Portion(en),637.5,56.4,19.9,54.2
2024-04-10,dinner,Putensandwich,400.0g,904.0,44.0,50.0,68.0
2024-04-10,snack,Butterzopf,100.0g,306.0,9.0,7.0,51.0
2024-04-10,snack,Mandeln,45.0g,274.9,10.8,23.9,2.6
2024-04-10,snack,Kräuter Philadelfia,120.0g,259.2,6.4,24.0,4.8
2024-04-10,breakfast,Banane,300.0g,267.0,3.3,0.9,68.4
2024-04-10,lunch,Shorley,100.0g,26.0,0.1,0.0,6.2
2024-04-11,breakfast,Overnight Oats,1.0 Portion(en),637.5,56.4,19.9,54.2
2024-04-11,dinner,Laugenbrezel mit Butter,70.0g,241.5,5.5,8.2,36.1
2024-04-11,dinner,mozzarella,150.0g,376.5,28.5,28.5,1.5
2024-04-11,lunch,Hörnli Urdinkel,100.0g,351.0,14.0,2.0,66.0
2024-04-11,lunch,Hackfleisch Soße LQ,300.0g,271.2,24.3,15.9,7.5
2024-04-11,snack,Magerquark,136.0g,85.7,13.6,0.7,5.4
2024-04-11,snack,Thomynaise,41.0g,125.5,0.3,12.9,1.8
2024-04-11,snack,High Protein Milk Drink,81.0g,31.6,5.7,0.1,2.0
2024-04-11,snack,"Karotten (Möhren), frisch",250.0g,97.5,2.0,0.5,17.0
2024-04-11,snack,Mandeln,45.0g,274.9,10.8,23.9,2.6
2024-04-11,snack,Malzkornbrot,65.0g,156.0,7.2,3.2,22.1
2024-04-12,breakfast,Overnight Oats,1.0 Portion(en),637.5,56.4,19.9,54.2
2024-04-12,lunch,Ravioli,700.0g,588.0,25.9,15.4,84.0
2024-04-12,lunch,Grana Padano,80.0g,318.4,26.4,23.2,0.1
2024-04-12,snack,Gruyère,38.0g,173.0,6.0,6.0,23.0
2024-04-12,dinner,mozzarella,150.0g,376.5,28.5,28.5,1.5
2024-04-12,snack,Crispy Cookie,55.0g,210.7,20.4,8.2,2.8
2024-04-12,dinner,Lamelles de poulet,133.0g,139.7,25.3,3.6,1.3
2024-04-12,dinner,"Karotten (Möhren), frisch",444.0g,173.2,3.6,0.9,30.2
2024-04-13,breakfast,Frischkäse (Kräuter und Knoblauch),30.0g,86.4,1.4,8.4,1.3
2024-04-13,breakfast,Mandeln,30.0g,183.3,7.2,15.9,1.7
2024-04-13,breakfast,Proteinbrot YOU,207.0g,616.9,53.8,31.1,19.3
2024-04-14,breakfast,Proteinbrot YOU,185.0g,551.3,48.1,27.8,17.2
2024-04-14,breakfast,Frischkäse (Kräuter und Knoblauch),30.0g,86.4,1.4,8.4,1.3
2024-04-14,breakfast,Mandeln,30.0g,183.3,7.2,15.9,1.7
2024-04-14,breakfast,Trutenbrust mit Bratrand,100.0g,96.0,21.0,1.0,0.6
2024-04-14,lunch,Blevita Sesam,38.0g,164.5,4.6,5.7,20.5
2024-04-14,snack,Multivitamin,200.0g,62.0,1.0,1.0,14.6
2024-04-14,snack,Nutmix,100.0g,626.0,24.0,53.0,8.2
2024-04-14,dinner,Isoclear,30.0g,103.5,24.0,0.0,0.8
2024-04-14,dinner,mozzarella,150.0g,376.5,28.5,28.5,1.5
2024-04-15,breakfast,Overnight Oats,1.0 Portion(en),637.5,56.4,19.9,54.2
2024-04-15,lunch,Poulet mit Spinat,1.0 Portion(en),2422.8,281.4,112.0,57.1
2024-04-15,breakfast,Redbull,250.0g,115.0,0.0,0.0,27.5
2024-04-15,dinner,Herbs light Dressing,100.0g,103.0,0.6,9.6,3.0
2024-04-16,breakfast,Schweizer Sennenkäse,50.0g,185.0,13.1,14.8,0.0
2024-04-16,breakfast,Appenzeller Käse 50% Fett,48.0g,185.3,11.9,15.2,0.2
2024-04-16,breakfast,Gruyère,38.0g,173.0,6.0,6.0,23.0
2024-04-16,snack,Pouletstreifen,150.0g,213.0,40.5,5.4,0.8
2024-04-16,dinner,Rosa Thon,155.0g,168.9,40.3,0.8,0.0
2024-04-16,dinner,Sweet Corn Süssmais,285.0g,222.3,6.8,4.8,34.2
2024-04-16,dinner,Herbs light Dressing,175.0g,180.2,1.1,16.8,5.2
2024-04-16,snack,Mini Burrata,50.0g,129.5,5.2,11.7,1.0
2024-04-16,lunch,Lasagne,700.0g,945.0,51.1,34.3,107.8
2024-04-17,lunch,Ghackets mit Härdöpfelstock,1.0 Portion(en),2923.6,196.2,227.2,19.7
2024-04-17,breakfast,Mozarella,200.0g,488.0,38.0,36.0,3.0
2024-04-17,snack,Ovomaltine Crunchy Biscuit,62.0g,311.9,4.4,15.1,39.4
2024-04-17,dinner,Mozarella,150.0g,366.0,28.5,27.0,2.2
2024-04-17,dinner,"Karotten (Möhren), frisch",300.0g,117.0,2.4,0.6,20.4
2024-04-17,dinner,"Kopfsalat, frisch",150.0g,21.0,1.8,0.3,1.6
2024-04-17,dinner,Herbs light Dressing,200.0g,206.0,1.2,19.2,6.0
2024-04-17,breakfast,Pouletstreifen,150.0g,213.0,40.5,5.4,0.8
2024-04-17,dinner,"Erdnuss, geröstet ohne Öl und gesalzen",100.0g,556.0,25.0,44.0,15.0
2024-04-17,dinner,Salami,29.0g,107.6,6.8,9.0,0.1
2024-04-17,dinner,Cottage Cheese,30.0g,24.9,3.0,1.2,0.8
2024-04-18,lunch,Kartoffelgratin,1.0 Portion(en),396.1,7.8,25.3,33.0
2024-04-18,dinner,Nudeln mit Pouletbrust ,1.0 Portion(en),1510.8,129.7,45.7,138.2
2024-04-18,breakfast,Penut butter,36.0g,231.5,7.9,19.8,4.3
2024-04-18,breakfast,Frischkäse (Kräuter und Knoblauch),30.0g,86.4,1.4,8.4,1.3
2024-04-18,breakfast,Weggli/Schwöbli,65.0g,202.8,6.5,5.7,30.6
2024-04-18,lunch,Hasenfleisch,85.0g,130.1,25.5,3.4,0.0
2024-04-18,lunch,Brokolie gekocht,200.0g,44.0,5.6,0.4,4.0
2024-04-18,dinner,Rosa Thon,155.0g,168.9,40.3,0.8,0.0
2024-04-18,dinner,Herbs light Dressing,100.0g,103.0,0.6,9.6,3.0
2024-04-18,dinner,Linzertörtli,74.0g,297.5,4.9,11.1,43.7
2024-04-18,dinner,"Erdnuss, geröstet ohne Öl und gesalzen",50.0g,278.0,12.5,22.0,7.5
2024-04-19,breakfast,Protein morning shake,1.0 Portion(en),775.3,83.0,12.2,79.4
2024-04-19,lunch,Nudeln mit Pouletbrust ,1.0 Portion(en),1510.8,129.7,45.7,138.2
2024-04-19,dinner,Säntis bergkäse,46.0g,171.6,12.9,13.3,0.0
2024-04-19,dinner,"Erdnuss, geröstet ohne Öl und gesalzen",100.0g,556.0,25.0,44.0,15.0
2024-04-19,dinner,"Lachs, gebraten",300.0g,594.0,67.2,36.6,0.0
2024-04-19,dinner,erbsen mit pariser karotten,420.0g,205.8,13.0,2.1,23.5
2024-04-20,breakfast,Protein morning shake,1.0 Portion(en),775.3,83.0,12.2,79.4
2024-04-20,breakfast,Vollkornbrot ,60.0g,127.8,4.4,0.7,23.3
2024-04-20,breakfast,Ovomaltine Pulver,15.0g,55.8,1.9,0.3,11.1
2024-04-20,breakfast,"Kuhmilch (Vollmilch) 3,5% Fett",200.0g,130.0,6.8,7.2,9.4
2024-04-20,lunch,Dürüm ,80.0g,276.0,7.8,7.0,44.1
2024-04-20,lunch,Soße Bolognese,80.0g,60.0,4.0,3.4,3.2
2024-04-20,lunch,Mozarella,50.0g,122.0,9.5,9.0,0.8
2024-04-20,dinner,Fleischvogel,525.0g,955.5,94.5,63.0,0.0
2024-04-20,dinner,"Kartoffelstock, gekocht",300.0g,216.0,6.9,3.3,36.0
2024-04-20,dinner,"Gemüsepfanne, fettarm",300.0g,123.0,6.0,3.9,15.6
2024-04-21,breakfast,Pancakes,1.0 Portion(en),1209.3,107.3,23.8,130.5
2024-04-21,breakfast,Peanut Butter,25.0g,150.0,6.2,11.7,4.0
2024-04-21,lunch,"Erdnuss, geröstet ohne Öl und gesalzen",100.0g,556.0,25.0,44.0,15.0
2024-04-21,lunch,Mozarella,200.0g,488.0,38.0,36.0,3.0
2024-04-21,lunch,Pizza Prosciutto,200.0g,580.0,28.0,14.4,76.0
2024-04-21,dinner,"Risotto, gekocht",345.0g,269.1,4.8,6.6,46.9
2024-04-21,dinner,Poulet Geschnetzeltes,10.0g,10.9,2.5,0.1,0.0
2024-04-21,dinner,Thai Red Curry Soße mit Kokosmilch,100.0g,108.0,0.8,4.8,15.0
2024-04-21,dinner,Isoclear,30.0g,103.5,24.0,0.0,0.8
2024-04-22,breakfast,Pancakes,1.0 Portion(en),1209.3,107.3,23.8,130.5
2024-04-22,lunch,Risotto mit Poulet,1.0 Portion(en),712.4,63.1,19.0,74.4
2024-04-22,breakfast,Peanut Butter,20.0g,120.0,4.9,9.3,3.2
2024-04-22,breakfast,Mozarella,200.0g,488.0,38.0,36.0,3.0
2024-04-22,snack,Crispy Cookie,55.0g,210.7,20.4,8.2,2.8
2024-04-22,dinner,Chicken dürüm,215.0g,466.6,17.0,18.7,55.9
2024-04-22,snack,Crispy Cookie,55.0g,210.7,20.4,8.2,2.8
2024-04-23,breakfast,Crispy Cookie,55.0g,210.7,20.4,8.2,2.8
2024-04-23,breakfast,Sandwich Poulet Tartar,235.0g,622.8,18.6,32.9,61.1
2024-04-23,breakfast,Kokos-Mandel Protein Riegel,35.0g,132.7,15.8,5.2,1.1
2024-04-23,lunch,Focus water,500.0g,85.0,0.0,0.0,20.0
2024-04-23,lunch,Crispy Cookie,55.0g,210.7,20.4,8.2,2.8
2024-04-23,dinner,Bergkäserei Geis,30.0g,111.9,8.4,8.7,0.1
2024-04-23,lunch,"Langkornreis, gekocht",300.0g,366.0,6.6,0.6,81.6
2024-04-23,lunch,Putenfleisch,160.0g,248.0,33.4,12.3,0.6
2024-04-23,dinner,Trutenbrust hauchdünn,150.0g,142.5,31.5,1.5,0.8
2024-04-23,dinner,"Erdnuss, geröstet ohne Öl und gesalzen",70.0g,389.2,17.5,30.8,10.5
2024-04-24,lunch,Bolognese,1.0 Portion(en),3903.5,269.9,281.5,48.0
2024-04-24,breakfast,Proteinbrot YOU,200.0g,596.0,52.0,30.0,18.6
2024-04-24,breakfast,Mandeln,25.0g,152.8,6.0,13.2,1.4
2024-04-24,breakfast,Penut butter,25.0g,160.8,5.5,13.8,3.0
2024-04-24,lunch,"Risotto, gekocht",280.0g,218.4,3.9,5.3,38.1
2024-04-24,snack,Water Active Pineapple,500.0g,85.0,0.0,0.0,20.0
2024-04-24,dinner,"Erdnuss, geröstet ohne Öl und gesalzen",90.0g,500.4,22.5,39.6,13.5
2024-04-24,snack,More Clear Skin Glow Multifrucht,35.0g,122.8,29.1,0.0,0.6
2024-04-24,snack,Mozarella,100.0g,244.0,19.0,18.0,1.5
2024-04-25,snack,Water Active Pineapple,500.0g,85.0,0.0,0.0,20.0
2024-04-25,dinner,Low Carb Lemon & Pepper Chicken,380.0g,402.8,22.0,18.2,35.0
2024-04-25,dinner,Mozzarella,130.0g,317.2,24.7,23.4,1.9
2024-04-25,dinner,Apero Sbrinz AOP,70.0g,301.0,21.0,23.8,0.3
2024-04-25,lunch,"Karotten (Möhren), frisch",175.0g,68.2,1.4,0.3,11.9
2024-04-25,snack,Redbull,250.0g,115.0,0.0,0.0,27.5
2024-04-25,snack,"Erdnuss, geröstet ohne Öl und gesalzen",50.0g,278.0,12.5,22.0,7.5
2024-04-25,breakfast,Proteinbrot YOU,200.0g,596.0,52.0,30.0,18.6
2024-04-25,lunch,Putenfleisch,80.0g,124.0,16.7,6.2,0.3
2024-04-25,lunch,"Kartoffeln (ohne Schale), gekocht",230.0g,207.0,4.6,0.0,43.5
2024-04-25,lunch,Mozzarella,113.0g,275.7,21.5,20.3,1.7
2024-04-26,breakfast,Overnight Oats,1.0 Portion(en),637.5,56.4,19.9,54.2
2024-04-26,lunch,Lasagne,700.0g,945.0,51.1,34.3,107.8
2024-04-26,dinner,Döner Kebap,360.0g,691.2,43.2,18.0,79.2
2024-04-26,dinner,Butterlaugebrezel,80.0g,276.0,6.2,9.4,41.6
2024-04-26,snack,Isoclear,30.0g,103.5,24.0,0.0,0.8
2024-04-27,breakfast,Overnight Oats,1.0 Portion(en),637.5,56.4,19.9,54.2
2024-04-27,dinner,Wedges mit Poulet,1.0 Portion(en),675.5,46.0,35.4,45.2
2024-04-27,breakfast,Urdinkelbrot,80.0g,201.6,8.8,2.6,33.6
2024-04-27,breakfast,Peanut Butter,20.0g,120.0,4.9,9.3,3.2
2024-04-27,breakfast,Mandeln,20.0g,122.2,4.8,10.6,1.1
2024-04-27,lunch,Schnelle Tomatenpasta,450.0g,382.5,22.5,2.2,65.2
2024-04-27,lunch,Weisswurst,65.0g,159.9,9.1,15.6,0.7
2024-04-27,snack,Soft milch,29.0g,129.3,3.8,5.2,16.2
2024-04-27,dinner,Rahmkäse,27.0g,102.9,5.7,8.9,0.0
2024-04-27,dinner,Butterzopf,100.0g,306.0,9.0,7.0,51.0
2024-04-27,lunch,More Clear Glow Peptides Rhabarber-Vanille,30.0g,105.6,24.6,0.0,1.2
2024-04-28,breakfast,Crunchy Cream,30.0g,164.1,1.1,9.7,17.8
2024-04-28,breakfast,Butterzopf,50.0g,153.0,4.5,3.5,25.5
2024-04-28,breakfast,Rahmkäse,35.0g,133.3,7.3,11.6,0.0
2024-04-28,breakfast,Dinkelzopf,50.0g,159.5,4.5,3.8,26.0
2024-04-28,lunch,Pouletbrust,500.0g,570.0,125.0,7.5,5.0
2024-04-28,lunch,Pommes Frites (frittiert und gesalzen),150.0g,442.5,6.3,21.8,53.5
2024-04-28,lunch,Butternudeln,100.0g,197.0,4.5,8.9,24.6
2024-04-28,dinner,Baumnussroulade,100.0g,284.0,6.0,19.0,22.0
2024-04-28,dinner,Mozarella,100.0g,244.0,19.0,18.0,1.5
2024-04-29,breakfast,Overnight Oats,1.0 Portion(en),637.5,56.4,19.9,54.2
2024-04-29,lunch,Wedges mit Poulet,1.0 Portion(en),675.5,46.0,35.4,45.2
2024-04-29,snack,Crispy Cookie,55.0g,210.7,20.4,8.2,2.8
2024-04-29,snack,Crispy Cookie,55.0g,210.7,20.4,8.2,2.8
2024-04-29,dinner,Le Gruyère Surchoix Switzerland,100.0g,396.0,27.0,32.0,0.0
2024-04-29,dinner,Poserbar Protein Softlayer white choc strawberry,55.0g,188.7,13.8,7.7,18.1
2024-04-29,lunch,"Erdnuss, geröstet ohne Öl und gesalzen",114.0g,633.8,28.5,50.2,17.1
2024-04-30,lunch,Bolognese,1.0 Portion(en),3903.5,269.9,281.5,48.0
2024-04-30,breakfast,Overnight Oats,1.0 Portion(en),637.5,56.4,19.9,54.2
2024-04-30,lunch,"Risotto, gekocht",280.0g,218.4,3.9,5.3,38.1
2024-04-30,dinner,This is food - Fresh Berry,500.0g,500.0,30.0,23.0,37.0
2024-04-30,snack,White chocolate almond ,55.0g,200.2,19.8,8.2,15.9
2024-04-30,snack,Crispy Cookie,55.0g,210.7,20.4,8.2,2.8
2024-05-01,breakfast,Overnight Oats,1.0 Portion(en),637.5,56.4,19.9,54.2
2024-05-01,lunch,Butter Chicken Delhi Style,500.0g,675.0,34.0,29.5,65.0
2024-05-01,dinner,apero gruyère AOP,52.0g,215.8,17.2,16.1,0.5
2024-05-01,dinner,Apero Sbrinz AOP,70.0g,301.0,21.0,23.8,0.3
2024-05-01,dinner,Apero tete de moine AOP,52.0g,217.9,13.0,17.8,0.1
2024-05-01,dinner,"Kartoffeln (ohne Schale), gekocht",400.0g,360.0,8.0,0.0,75.6
2024-05-01,snack,Omelette,90.0g,138.6,9.5,10.5,0.5
2024-05-01,snack,Crunchy Cream,20.0g,109.4,0.7,6.5,11.9
2024-05-02,breakfast,Protein morning shake,1.0 Portion(en),775.3,83.0,12.2,79.4
2024-05-02,snack,Nussgipfel,70.0g,304.5,4.9,17.5,30.8
2024-05-02,lunch,Spaghetti Bolognese,565.0g,808.0,35.0,19.8,117.5
2024-05-03,breakfast,"Apfel (mit Schale), frisch",130.0g,84.5,0.4,0.1,18.6
2024-05-03,breakfast,Gruyère,38.0g,173.0,6.0,6.0,23.0
2024-05-03,breakfast,Soft milch,29.0g,129.3,3.8,5.2,16.2
2024-05-03,breakfast,"Banane (ohne Schale), frisch",150.0g,139.5,1.6,0.3,30.0
2024-05-03,lunch,Massaman chicken Curry,600.0g,960.0,82.2,42.0,60.0
2024-05-04,breakfast,Putenbrust,200.0g,228.0,44.0,4.0,4.0
2024-05-04,breakfast,Bergkäserei Geis,72.0g,268.6,20.2,20.9,0.4
2024-05-04,lunch,Käsknöpfle,200.0g,326.0,16.2,12.4,37.0
2024-05-04,lunch,Soft milch,29.0g,129.3,3.8,5.2,16.2
2024-05-04,dinner,Schnitzelbrot poulet,216.0g,704.2,23.8,38.9,64.8
2024-05-04,dinner,Dürüm Döner,444.0g,777.0,48.8,31.1,79.9
2024-05-04,snack,Isoclear,30.0g,103.5,24.0,0.0,0.8
2024-05-05,breakfast,Mozzarella,200.0g,502.0,38.0,38.0,2.0
2024-05-05,lunch,Bergkäserei Geis,50.0g,186.5,14.0,14.5,0.2
2024-05-05,lunch,Rosa Thon,155.0g,162.8,38.8,0.9,0.0
2024-05-05,lunch,Thomynaise,41.0g,125.5,0.3,12.9,1.8
2024-05-05,lunch,Saurer Halbrahm,40.0g,65.2,1.2,6.0,1.6
2024-05-05,lunch,Soft milch,29.0g,129.3,3.8,5.2,16.2
2024-05-05,lunch,Darvida Fromage,46.0g,203.3,6.9,7.4,25.3
2024-05-05,lunch,Laugenzopf,80.0g,223.2,7.4,2.6,42.6
2024-05-05,dinner,Knöpfli,60.0g,197.4,8.4,3.6,32.4
2024-05-05,dinner,Schweinesteak,150.0g,180.0,31.5,7.5,0.0
2024-05-06,breakfast,Overnight Oats,1.0 Portion(en),637.5,56.4,19.9,54.2
2024-05-06,snack,White chocolate almond ,55.0g,200.2,19.8,8.2,15.9
2024-05-06,dinner,Hüttenkäse,200.0g,190.0,21.8,8.0,7.4
2024-05-06,dinner,Darvida Fromage,46.0g,203.3,6.9,7.4,25.3
2024-05-06,dinner,Cotto geschnitten,76.0g,79.0,10.6,3.8,0.4
2024-05-06,lunch,Lasagne vegetarisch mit Sojagranulat,732.0g,907.7,57.1,43.2,67.3
2024-05-07,breakfast,Overnight Oats,1.0 Portion(en),637.5,56.4,19.9,54.2
2024-05-07,lunch,Wedges mit Poulet,1.0 Portion(en),675.5,46.0,35.4,45.2
2024-05-07,snack,White chocolate almond ,55.0g,200.2,19.8,8.2,15.9
2024-05-07,snack,Crispy Cookie,55.0g,210.7,20.4,8.2,2.8
2024-05-07,dinner,Bergkäserei Geis,50.0g,186.5,14.0,14.5,0.2
2024-05-07,dinner,Mozzarella,100.0g,251.0,19.0,19.0,1.0
2024-05-08,breakfast,Overnight Oats,1.0 Portion(en),637.5,56.4,19.9,54.2
2024-05-08,lunch,Bratkartoffeln,177.0g,212.4,3.2,10.4,25.0
2024-05-08,lunch,Cordon Bleu,177.0g,371.7,42.8,18.9,7.1
2024-05-08,dinner,Lotus Cheesecake,100.0g,369.0,7.8,11.9,29.7
2024-05-08,dinner,Mozzarella,140.0g,351.4,26.6,26.6,1.4
2024-05-08,dinner,Cordon Bleu,130.0g,273.0,31.5,13.9,5.2
2024-05-08,dinner,More Clear Glow Peptides Multifruit ,30.0g,105.3,25.2,0.0,0.5
2024-05-09,breakfast,Overnight Oats,1.0 Portion(en),637.5,56.4,19.9,54.2
2024-05-09,lunch,Bratkartoffeln,130.0g,156.0,2.3,7.7,18.3
2024-05-09,lunch,Dinkellocken,50.0g,193.0,6.0,0.8,36.0
2024-05-09,lunch,Poulet Brust-Geschnetzeltes,100.0g,114.0,25.0,1.5,1.0
2024-05-09,lunch,Bratensauce,300.0g,225.0,5.1,16.8,12.3
2024-05-09,lunch,Gruyère,38.0g,173.0,6.0,6.0,23.0
2024-05-09,dinner,Schweinscordonbleu,225.0g,411.8,40.5,15.8,27.0
2024-05-09,dinner,Alpstein Bergkäse,67.0g,253.3,18.1,20.1,0.0
2024-05-09,snack,pizza mozzarella ,120.0g,295.2,22.7,22.2,1.2
2024-05-10,breakfast,Gruyère,38.0g,173.0,6.0,6.0,23.0
2024-05-10,breakfast,Bürlibrot,35.0g,90.0,4.2,0.3,16.8
2024-05-10,lunch,"Risotto, gekocht",280.0g,218.4,3.9,5.3,38.1
2024-05-10,lunch,Salatsauce French Dressing,100.0g,226.0,0.9,24.0,1.5
2024-05-10,snack,Chocolait,31.25g,163.1,2.1,8.4,19.4
2024-05-10,snack,lindt Milchschokolade,40.0g,216.4,2.7,12.4,22.8
2024-05-10,dinner,magerquark M- Budget,500.0g,315.0,48.5,2.5,28.5
2024-05-10,dinner,Crispy Cookie,55.0g,210.7,20.4,8.2,2.8
2024-05-10,dinner,Oh! High Protein Drink Ananas & Coco,500.0g,255.0,36.0,2.5,25.0
2024-05-10,dinner,Pouletbrust mit Curry,150.0g,157.5,33.0,2.1,1.4
2024-05-10,dinner,"Banane (ohne Schale), frisch",150.0g,139.5,1.6,0.3,30.0
2024-05-10,dinner,"Apfel (mit Schale), frisch",130.0g,84.5,0.4,0.1,18.6
2024-05-10,dinner,Penut butter,37.0g,237.9,8.1,20.4,4.4
2024-05-10,dinner,Dinkelbrötchen,90.0g,203.4,9.0,3.1,34.2
2024-05-11,breakfast,Morgenshake,1.0 Portion(en),617.3,69.9,13.1,57.0
2024-05-11,lunch,Hamburger,140.0g,355.6,16.4,17.1,34.7
2024-05-11,dinner,Magerquark,180.0g,113.4,18.0,0.9,7.2
2024-05-11,dinner,"Kartoffeln (ohne Schale), gekocht",758.0g,682.2,15.2,0.0,143.3
2024-05-11,snack,Chips Paprika,50.0g,255.0,3.0,15.5,25.5
2024-05-11,snack,Filets de poulet,200.0g,204.0,47.2,1.4,0.0
2024-05-12,breakfast,Bratkartoffeln,200.0g,240.0,3.6,11.8,28.2
2024-05-12,breakfast,Filets de poulet,250.0g,255.0,59.0,1.8,0.0
2024-05-12,snack,Multivitamin,400.0g,192.0,2.0,2.0,48.0
2024-05-12,lunch,Butterzopf,130.0g,397.8,11.7,9.1,66.3
2024-05-12,lunch,Mandeln,20.0g,122.2,4.8,10.6,1.1
2024-05-12,dinner,Hüttenkäse,160.0g,152.0,17.4,6.4,5.9
2024-05-12,dinner,Schweinesteak,130.0g,156.0,27.3,6.5,0.0
2024-05-12,dinner,pizza mozzarella ,200.0g,492.0,37.8,37.0,2.0
2024-05-13,lunch,Risotto mit Poulet,1.0 Portion(en),712.4,63.1,19.0,74.4
2024-05-13,breakfast,Overnight Oats,1.0 Portion(en),637.5,56.4,19.9,54.2
2024-05-13,snack,White chocolate almond ,110.0g,400.4,39.6,16.5,31.9
2024-05-13,dinner,calzone schinken mozzarella,120.0g,250.8,13.2,4.8,37.2
2024-05-13,dinner,Alpstein Bergkäse,40.0g,151.2,10.8,12.0,0.0
2024-05-13,dinner,granatapfel,200.0g,122.0,1.8,0.0,28.0
2024-05-14,breakfast,Overnight Oats,1.0 Portion(en),637.5,56.4,19.9,54.2
2024-05-14,snack,White chocolate almond ,110.0g,400.4,39.6,16.5,31.9
2024-05-14,dinner,Coconut & Indian Mango,45.0g,149.8,1.7,9.0,15.8
2024-05-14,dinner,poulet cocktail,255.0g,660.5,21.7,30.6,68.8
2024-05-14,snack,Hüttenkäse,200.0g,190.0,21.8,8.0,7.4
2024-05-14,lunch,"Dinkelnudeln, gekocht",464.0g,593.9,21.3,5.1,111.4
2024-05-15,breakfast,Overnight Oats,1.0 Portion(en),637.5,56.4,19.9,54.2
2024-05-15,lunch,"Dinkelnudeln, gekocht",400.0g,512.0,18.4,4.4,96.0
2024-05-15,breakfast,Gruyère,38.0g,173.0,6.0,6.0,23.0
2024-05-15,dinner,"Langkornreis, gekocht",700.0g,854.0,15.4,1.4,190.4
2024-05-15,dinner,Rosa Thon,50.0g,52.5,12.5,0.3,0.0
2024-05-15,snack,Isoclear,30.0g,103.5,24.0,0.0,0.8
2024-05-15,lunch,Butterlaugebrezel,80.0g,276.0,6.2,9.4,41.6
2024-05-15,snack,Mozarella,100.0g,244.0,19.0,18.0,1.5
2024-05-16,breakfast,Overnight Oats,1.0 Portion(en),637.5,56.4,19.9,54.2
2024-05-16,lunch,Wedges small,1.0 Portion(en),569.6,34.5,32.2,38.2
2024-05-16,snack,Marmorkuchen,50.0g,100.0,4.0,5.0,2.5
2024-05-17,breakfast,Overnight Oats,1.0 Portion(en),637.5,56.4,19.9,54.2
2024-05-17,lunch,"Dinkelnudeln, gekocht",200.0g,256.0,9.2,2.2,48.0
2024-05-17,lunch,Rindsbraten,100.0g,125.0,20.0,5.0,0.0
2024-05-17,dinner,Pizza Prosciutto,300.0g,870.0,42.0,21.6,114.0
2024-05-17,snack,Trutenbrust hauchdünn,65.0g,61.8,13.7,0.7,0.3
2024-05-18,breakfast,Overnight Oats,1.0 Portion(en),637.5,56.4,19.9,54.2
2024-05-18,lunch,Salatsauce neu ,1.0 Portion(en),1191.7,66.6,89.6,28.8
2024-05-18,lunch,Mozzarella,150.0g,330.0,25.5,24.0,3.0
2024-05-18,lunch,Nudelsalat,200.0g,278.0,7.6,9.6,38.4
2024-05-18,lunch,Maiskörner,140.0g,165.2,4.2,1.8,30.8
2024-05-18,dinner,Nudelsalat,100.0g,139.0,3.8,4.8,19.2
2024-05-18,snack,Grapefruit,500.0g,200.0,1.5,2.5,42.0
2024-05-18,dinner,Nature Cracker,19.0g,84.5,2.5,2.9,11.6
2024-05-18,dinner,Tilsiter Käse 40% Fett i.Tr.,70.0g,210.0,17.4,15.6,0.0
2024-05-18,dinner,Tete de Moin Rosetten,100.0g,415.0,25.0,35.0,0.5
2024-05-18,snack,Protein Riegel Schoko-Geschmack,45.0g,158.8,15.8,5.8,9.4
2024-05-19,breakfast,Birchermüesli,300.0g,426.0,10.5,13.8,60.0
2024-05-19,breakfast,Buttergipfeli,75.0g,138.0,3.0,7.0,15.0
2024-05-19,breakfast,Bürlibrot,150.0g,385.5,18.0,1.5,72.0
2024-05-19,breakfast,Kochschinken (Vorderschinken),30.0g,36.3,5.8,1.3,0.3
2024-05-19,breakfast,Rührei,120.0g,193.2,12.8,14.9,2.4
2024-05-19,snack,Protein Riegel Schoko-Geschmack,45.0g,158.8,15.8,5.8,9.4
2024-05-19,dinner,More Clear Skin Glow Multifrucht,40.0g,140.4,33.2,0.0,0.7
2024-05-19,dinner,Appenzeller Surchoix,140.0g,536.2,36.4,43.4,0.1
2024-05-19,snack,Tete de Moin Rosetten,18.0g,74.7,4.5,6.3,0.1
2024-05-19,dinner,Mischsalat mit Joghurtdressing,200.0g,228.0,4.0,18.0,12.0
2024-05-19,dinner,Hamburger,200.0g,508.0,23.4,24.4,49.6
2024-05-19,snack,Multivitamin,200.0g,62.0,1.0,1.0,14.6
2024-05-19,snack,"Saft vom Fass, alkohilfrei",500.0g,90.0,0.5,0.0,21.0
2024-05-20,breakfast,Overnight Oats,1.0 Portion(en),637.5,56.4,19.9,54.2
2024-05-20,lunch,Salatsauce neu ,1.0 Portion(en),1191.7,66.6,89.6,28.8
2024-05-20,breakfast,Tete de Moin Rosetten,30.0g,124.5,7.5,10.5,0.1
2024-05-20,breakfast,Baumnussbrot,50.0g,139.0,4.2,4.8,20.0
2024-05-20,lunch,"Salatgurke (mit Schale), frisch",150.0g,21.0,0.9,0.3,2.7
2024-05-20,lunch,"Karotten (Möhren), frisch",200.0g,78.0,1.6,0.4,13.6
2024-05-20,lunch,Mais,180.0g,127.8,4.5,2.2,19.8
2024-05-20,snack,Protein Riegel Schoko-Geschmack,45.0g,158.8,15.8,5.8,9.4
2024-05-20,lunch,Mozzarella fettreduziert,125.0g,367.5,22.5,23.8,1.9
2024-05-20,lunch,Rosa Thon,155.0g,162.8,38.8,0.9,0.0
2024-05-21,lunch,20.Mai Spiralnudeln mit Poulet,1.0 Portion(en),1068.6,76.3,40.6,97.4
2024-05-21,breakfast,Overnight Oats,1.0 Portion(en),637.5,56.4,19.9,54.2
2024-05-21,snack,Salatsauce neu ,1.0 Portion(en),1191.7,66.6,89.6,28.8
2024-05-21,dinner,Brezel (Laugenbrezel),66.0g,202.6,6.0,2.7,36.8
2024-05-21,dinner,Bergkäserei Geis,30.0g,111.9,8.4,8.7,0.1
2024-05-21,dinner,White chocolate almond ,55.0g,200.2,19.8,8.2,15.9
2024-05-21,snack,Gruyère,38.0g,173.0,6.0,6.0,23.0
2024-05-21,snack,weisskabis,400.0g,120.0,5.6,2.0,16.8
2024-05-22,lunch,Cinque pi Crevetten,1.0 Portion(en),779.7,41.1,43.6,52.0
2024-05-22,breakfast,Overnight Oats,1.0 Portion(en),637.5,56.4,19.9,54.2
2024-05-22,lunch,Salatsauce neu ,1.0 Portion(en),1191.7,66.6,89.6,28.8
2024-05-22,lunch,weisskabis,100.0g,30.0,1.4,0.5,4.2
2024-05-22,dinner,Apero tete de moine AOP,52.0g,217.9,13.0,17.8,0.1
2024-05-22,dinner,Le Maréchal,80.0g,316.0,20.0,26.4,0.4
2024-05-22,snack,Gnocchi (Nocken),200.0g,308.0,7.2,1.0,63.8
2024-05-22,snack,Tomatensoße (Tomatensauce) Konserve,200.0g,126.0,3.2,6.4,12.2
2024-05-22,snack,Grana Padano,20.0g,79.6,6.6,5.8,0.0
2024-05-23,lunch,Salatsauce neu ,1.0 Portion(en),1191.7,66.6,89.6,28.8
2024-05-23,breakfast,Overnight Oats,1.0 Portion(en),637.5,56.4,19.9,54.2
2024-05-23,dinner,Gruyère,38.0g,173.0,6.0,6.0,23.0
2024-05-23,dinner,Kornbrötchen,50.0g,82.5,4.0,7.0,1.5
2024-05-23,lunch,Rinds-Saftplätzli,420.0g,424.2,92.4,4.2,4.2
2024-05-23,lunch,"Langkornreis, gekocht",250.0g,305.0,5.5,0.5,68.0
2024-05-24,breakfast,Overnight Oats,1.0 Portion(en),637.5,56.4,19.9,54.2
2024-05-24,lunch,Tortelloni Formagio,400.0g,800.0,36.4,20.8,112.8
2024-05-24,dinner,Laugengipfeli,45.0g,143.6,2.7,7.2,16.2
2024-05-24,dinner,Mozzarella fettreduziert,125.0g,367.5,22.5,23.8,1.9
2024-05-24,dinner,Brezenstange (belegt),100.0g,262.0,8.3,3.8,49.0
2024-05-25,lunch,Salatsauce neu ,1.0 Portion(en),1191.7,66.6,89.6,28.8
2024-05-25,breakfast,Overnight Oats,1.0 Portion(en),637.5,56.4,19.9,54.2
2024-05-25,lunch,Mais,160.0g,113.6,4.0,1.9,17.6
2024-05-25,lunch,Rosa Thon,155.0g,168.9,40.3,0.8,0.0
2024-05-25,lunch,Mozzarella fettreduziert,125.0g,367.5,22.5,23.8,1.9
2024-05-25,dinner,Döner Kebap,360.0g,691.2,43.2,18.0,79.2
2024-05-25,dinner,Gruyère,38.0g,173.0,6.0,6.0,23.0
2024-05-26,lunch,Butterzopf,115.0g,351.9,10.3,8.1,58.6
2024-05-26,lunch,Cottage cheese ,50.0g,42.5,4.9,1.9,1.4
2024-05-26,lunch,Megaburgerbrötchen,75.0g,219.8,6.8,4.0,38.1
2024-05-26,breakfast,Isoclear,30.0g,103.5,24.0,0.0,0.8
2024-05-26,breakfast,Protein Riegel Schoko-Geschmack,90.0g,317.7,31.5,11.7,18.9
2024-05-26,snack,Capri Sonne Safari Fruits,500.0g,165.0,2.5,2.5,40.0
2024-05-26,lunch,Rinds Hamburger,90.0g,225.0,17.1,17.1,0.9
2024-05-26,lunch,Crème Fraîche (Creme Fraiche) 30% Fett,50.0g,146.5,1.2,15.0,1.5
2024-05-26,lunch,Magerquark,50.0g,31.5,5.0,0.2,2.0
2024-05-26,dinner,Chips Paprika,40.0g,204.0,2.4,12.4,20.4
2024-05-26,dinner,Mozzarella fettreduziert,125.0g,367.5,22.5,23.8,1.9
2024-05-26,dinner,Creamy quark vanilla ,228.0g,187.0,16.6,0.5,29.2
2024-05-26,snack,Berry,200.0g,200.0,16.0,5.2,20.0
2024-05-26,lunch,Gruyère,38.0g,173.0,6.0,6.0,23.0
2024-05-26,snack,Petit beurre,25.0g,124.8,1.7,6.0,15.8
2024-05-26,breakfast,Frischkäse-Fass,50.0g,128.5,2.8,12.0,2.3
2024-05-27,lunch,20.Mai Spiralnudeln mit Poulet,1.0 Portion(en),1068.6,76.3,40.6,97.4
2024-05-27,breakfast,Overnight Oats,1.0 Portion(en),637.5,56.4,19.9,54.2
2024-05-27,snack,Focus water,500.0g,85.0,0.0,0.0,20.0
2024-05-27,dinner,White chocolate almond ,55.0g,200.2,19.8,8.2,15.9
2024-05-28,breakfast,Overnight Oats,1.0 Portion(en),637.5,56.4,19.9,54.2
2024-05-28,lunch,Reibekäse,70.0g,233.1,23.1,15.4,0.0
2024-05-28,lunch,Polenta (zubereitet),300.0g,285.0,7.2,5.4,49.8
2024-05-28,lunch,"Hühnerei, Eier, roh",120.0g,164.4,14.2,11.2,1.8
2024-05-28,lunch,"Putenschnitzel (Truthahnschnitzel), natur",187.0g,250.6,45.1,7.7,0.0
2024-05-28,snack,Focus water,500.0g,85.0,0.0,0.0,20.0
2024-05-28,snack,Crispy Cookie,55.0g,210.7,20.4,8.2,2.8
2024-05-29,lunch,Poulet Curry mit Dinkel 09.05,1.0 Portion(en),775.0,69.0,24.5,69.5
2024-05-29,breakfast,Overnight Oats,1.0 Portion(en),637.5,56.4,19.9,54.2
2024-05-29,dinner,Butterlaugebrezel,70.0g,241.5,5.5,8.2,36.4
2024-05-29,snack,Gruyère,38.0g,173.0,6.0,6.0,23.0
2024-05-29,dinner,Crispy Cookie,55.0g,210.7,20.4,8.2,2.8
2024-05-29,snack,Oh! High Protein Drink Ananas & Coco,500.0g,255.0,36.0,2.5,25.0
2024-05-30,breakfast,Overnight Oats,1.0 Portion(en),637.5,56.4,19.9,54.2
2024-05-30,lunch,Lasagne,700.0g,945.0,51.1,34.3,107.8
2024-05-30,snack,Frischkäse-Fass,120.0g,308.4,6.6,28.8,5.5
2024-05-30,snack,Vollkorngipfel,120.0g,408.0,9.2,21.6,43.2
2024-05-30,dinner,Pouletaufschnitt,150.0g,160.5,31.5,3.0,1.5
2024-05-30,dinner,Banane,150.0g,133.5,1.6,0.5,34.2
2024-05-30,dinner,Complete Chocolate +,50.0g,112.5,9.4,1.4,13.7
2024-05-30,dinner,Milch 1.5%,400.0g,184.0,12.8,6.0,19.6
2024-05-31,breakfast,Overnight Oats,1.0 Portion(en),637.5,56.4,19.9,54.2
2024-05-31,lunch,20.Mai Spiralnudeln mit Poulet,1.0 Portion(en),1068.6,76.3,40.6,97.4
2024-05-31,breakfast,Big Laugengipfel,150.0g,543.0,13.9,24.0,66.0
2024-05-31,lunch,Buttergipfeli,100.0g,184.0,4.0,9.3,20.0
2024-05-31,dinner,poulet cocktail,255.0g,660.5,21.7,30.6,68.8
2024-06-01,lunch,Pizza Thon,1.0 Portion(en),1654.4,122.2,51.1,169.8
2024-06-01,dinner,Juice plus shake,1.0 Portion(en),578.4,60.4,9.4,57.1
2024-06-01,breakfast,Apero tete de moine AOP,52.0g,217.9,13.0,17.8,0.1
2024-06-01,breakfast,Le Maréchal,80.0g,316.0,20.0,26.4,0.4
2024-06-01,dinner,Complete Chocolate +,100.0g,225.0,18.8,2.8,27.4
2024-06-01,breakfast,Lasagne alla Bolognese ,400.0g,600.0,22.4,27.6,64.0
2024-06-02,lunch,Pizza Thon,1.0 Portion(en),1654.4,122.2,51.1,169.8
2024-06-02,breakfast,Overnight Oats,1.0 Portion(en),637.5,56.4,19.9,54.2
2024-06-02,lunch,poulet cocktail,255.0g,660.5,21.7,30.6,68.8
2024-06-02,snack,Protein Riegel Schoko-Geschmack,45.0g,158.8,15.8,5.8,9.4
2024-06-02,lunch,Hackbällchen,50.0g,137.0,10.6,7.5,0.0
2024-06-03,lunch,Hackbällchen mit Nudeln ,1.0 Portion(en),1096.8,68.8,58.5,72.0
2024-06-03,breakfast,Overnight Oats,1.0 Portion(en),637.5,56.4,19.9,54.2
2024-06-03,dinner,Gruyère,38.0g,173.0,6.0,6.0,23.0
2024-06-03,snack,Trutenbrust hauchdünn,150.0g,142.5,31.5,1.5,0.8
2024-06-04,breakfast,Overnight Oats,1.0 Portion(en),637.5,56.4,19.9,54.2
2024-06-04,lunch,poulet cocktail,255.0g,660.5,21.7,30.6,68.8
2024-06-04,lunch,Weggli mit Thon,120.0g,409.2,9.7,26.4,32.4
2024-06-04,dinner,Crispy Cookie,55.0g,210.7,20.4,8.2,2.8
2024-06-04,dinner,Chicken Strips Paprika & Honey,130.0g,167.7,31.2,3.8,2.1
2024-06-04,dinner,Texan Pecan,43.0g,163.4,2.2,10.3,15.5
2024-06-04,dinner,Coconut & Indian Mango,45.0g,149.8,1.7,9.0,15.8
2024-06-05,breakfast,Overnight Oats,1.0 Portion(en),637.5,56.4,19.9,54.2
2024-06-05,lunch,20.Mai Spiralnudeln mit Poulet,1.0 Portion(en),1068.6,76.3,40.6,97.4
2024-06-05,dinner,"Kartoffeln (mit Schale), gekocht",500.0g,370.0,10.0,0.5,74.0
2024-06-06,breakfast,Overnight Oats,1.0 Portion(en),637.5,56.4,19.9,54.2
2024-06-06,snack,Water Active Pineapple,500.0g,85.0,0.0,0.0,20.0
2024-06-06,dinner,Kebab de Poulet,400.0g,696.0,48.0,26.0,64.0
2024-06-06,lunch,Fackelspiess,266.0g,540.0,47.9,37.2,4.0
2024-06-06,lunch,"Nudeln, gekocht (aus Hartweizengrieß)",182.0g,260.3,9.1,0.9,51.1
2024-06-06,lunch,Bratkartoffeln,200.0g,240.0,3.6,11.8,28.2
2024-06-07,breakfast,Overnight Oats,1.0 Portion(en),637.5,56.4,19.9,54.2
2024-06-07,lunch,Fackelspiess Reis,1.0 Portion(en),789.1,51.4,42.6,49.4
2024-06-07,lunch,Maki Sushi (Sushirollen),120.0g,108.0,12.0,0.8,43.2
2024-06-07,snack,apero gruyère AOP,52.0g,215.8,17.2,16.1,0.5
2024-06-07,snack,Apero tete de moine AOP,52.0g,217.9,13.0,17.8,0.1
2024-06-08,breakfast,Linsendaal,350.0g,1697.5,80.9,63.0,178.5
2024-06-08,breakfast,Poulet Oriental - Style,405.0g,360.4,29.2,17.4,21.1
2024-06-08,breakfast,Doppelrahmfrischkäse,30.0g,72.3,1.4,6.9,1.1
2024-06-08,lunch,Sushi,125.0g,586.2,12.5,18.6,68.2
2024-06-08,dinner,Crank Pump Pro Cassis ,30.0g,0.0,0.0,0.0,0.0
2024-06-08,lunch,Rahmgeschnetzeltes,100.0g,117.3,5.8,3.7,14.1
2024-06-08,lunch,Rindsfilet,30.0g,36.0,6.6,0.9,0.0
2024-06-08,snack,Protein Riegel Schoko-Geschmack,45.0g,158.8,15.8,5.8,9.4
2024-06-08,snack,Gruyère,38.0g,173.0,6.0,6.0,23.0
2024-06-08,dinner,Doppelrahmfrischkäse,32.0g,77.1,1.4,7.4,1.1
2024-06-08,dinner,Peanut Butter,24.0g,144.0,5.9,11.2,3.9
2024-06-08,dinner,Butterzopf,100.0g,306.0,9.0,7.0,51.0
2024-06-08,snack,"Voll Milch 3,5%",250.0g,167.5,8.2,9.2,12.5
2024-06-08,snack,Complete Chocolate +,40.0g,90.0,7.5,1.1,11.0
2024-06-08,snack,Alpstein Bergkäse,55.0g,207.9,14.8,16.5,0.0
2024-06-09,lunch,Pouletknusper,1.0 Portion(en),753.8,78.9,17.9,63.9
2024-06-09,breakfast,Overnight Oats,1.0 Portion(en),637.5,56.4,19.9,54.2
2024-06-09,lunch,Gruyère,38.0g,173.0,6.0,6.0,23.0
2024-06-09,lunch,Farmer,24.0g,104.4,2.4,4.1,14.4
2024-06-10,breakfast,Overnight Oats,1.0 Portion(en),637.5,56.4,19.9,54.2
2024-06-10,lunch,Sushi,125.0g,586.2,12.5,18.6,68.2
2024-06-10,lunch,Crispy Cookie,110.0g,421.3,40.7,16.5,5.5
2024-06-10,dinner,Mini Poulet Cordon Bleu 2 ST,160.0g,297.6,27.2,14.4,14.2
2024-06-10,snack,Mozarella,120.0g,292.8,22.8,21.6,1.8
2024-06-11,breakfast,Overnight Oats,1.0 Portion(en),637.5,56.4,19.9,54.2
2024-06-11,breakfast,Overnight Oats,1.0 Portion(en),637.5,56.4,19.9,54.2
2024-06-11,dinner,Gemüsequiche,500.0g,850.0,50.0,25.0,50.0
2024-06-12,breakfast,Overnight Oats,1.0 Portion(en),637.5,56.4,19.9,54.2
2024-06-12,lunch,Spaghetti Bolognese,735.0g,1051.0,45.6,25.7,152.9
2024-06-13,breakfast,Overnight Oats,1.0 Portion(en),637.5,56.4,19.9,54.2
2024-06-13,lunch,Pouletknusper,1.0 Portion(en),753.8,78.9,17.9,63.9
2024-06-13,lunch,Dip-Sauce,1.0 Portion(en),374.0,31.1,17.3,20.2
2024-06-13,dinner,Poulet au café de Paris,415.0g,547.8,30.3,19.5,62.2
2024-06-13,dinner,Apero tete de moine AOP,52.0g,217.9,13.0,17.8,0.1
2024-06-14,breakfast,Overnight Oats,1.0 Portion(en),637.5,56.4,19.9,54.2
2024-06-14,lunch,More Clear Glow Peptides Rhabarber-Vanille,60.0g,211.2,49.2,0.0,2.3
2024-06-14,lunch,Protein Riegel Schoko-Geschmack,112.5g,397.1,39.4,14.6,23.6
2024-06-14,dinner,Pouletbrust,50.0g,57.0,11.0,1.0,1.0
2024-06-14,dinner,Sushi  Family box  Tokyo,430.0g,675.1,20.2,19.8,103.2
2024-06-14,dinner,Proteinbar Erdnussgeschmack,45.0g,157.1,22.5,4.1,11.5
2024-06-14,dinner,Awake,1000.0g,170.0,0.0,0.0,42.0
2024-06-14,lunch,Röstkartoffeln,225.0g,396.0,6.3,18.2,48.6
2024-06-14,lunch,Pouletbrust,150.0g,171.0,37.5,2.2,1.5
2024-06-14,lunch,Yoghurtglace,60.0g,90.0,1.8,3.2,13.1
2024-06-14,lunch,Barre Glacée Snickers,53.0g,180.7,3.2,10.6,17.5
2024-06-15,dinner,Kirsche & Erbeershake,1.0 Portion(en),589.0,53.4,13.9,55.2
2024-06-15,breakfast,Surchoix  Kräftig Würzig,88.0g,344.1,22.9,28.2,0.4
2024-06-15,breakfast,Magerquark,500.0g,315.0,50.0,2.5,20.0
2024-06-15,snack,Ciabatta Poulet döner,180.0g,385.2,16.4,10.6,54.0
2024-06-15,lunch,Kartoffelstock ,400.0g,412.0,8.4,20.8,47.2
2024-06-15,lunch,Putenfleisch,120.0g,186.0,25.1,9.2,0.5
2024-06-15,lunch,Bratensauce,200.0g,150.0,3.4,11.2,8.2
2024-06-16,breakfast,Overnight Oats,1.0 Portion(en),637.5,56.4,19.9,54.2
2024-06-16,lunch,Thunfischaufstrich,1.0 Portion(en),631.5,78.2,33.4,4.5
2024-06-16,breakfast,Kartoffelstock ,300.0g,309.0,6.3,15.6,35.4
2024-06-16,breakfast,Putenfleisch,60.0g,93.0,12.5,4.6,0.2
2024-06-16,snack,Gruyère,38.0g,173.0,6.0,6.0,23.0
2024-06-16,dinner,Kebab de Poulet,500.0g,870.0,60.0,32.5,80.0
2024-06-16,lunch,Butterzopf,55.0g,168.3,5.0,3.9,28.1
2024-06-16,lunch,Mozzarella Pizza ,90.0g,225.9,17.1,17.1,0.9
2024-06-17,breakfast,Thunfischaufstrich,1.0 Portion(en),631.5,78.2,33.4,4.5
2024-06-17,snack,Thunfischaufstrich,1.0 Portion(en),631.5,78.2,33.4,4.5
2024-06-17,breakfast,Overnight Oats,1.0 Portion(en),637.5,56.4,19.9,54.2
2024-06-17,lunch,Kartoffelstock mit Truten,1.0 Portion(en),673.0,38.5,33.4,51.3
2024-06-17,breakfast,Butterzopf,161.0g,492.7,14.5,11.3,82.1
2024-06-17,dinner,Mozzarella Pizza ,78.0g,195.8,14.8,14.8,0.8
2024-06-17,breakfast,Crispy Cookie,110.0g,421.3,40.7,16.5,5.5
2024-06-18,breakfast,Thunfischaufstrich,1.0 Portion(en),631.5,78.2,33.4,4.5
2024-06-18,breakfast,Overnight Oats,1.0 Portion(en),637.5,56.4,19.9,54.2
2024-06-18,breakfast,Butterzopf,60.0g,183.6,5.4,4.2,30.6
2024-06-18,lunch,Sandwich Poulet Tartar,235.0g,622.8,18.6,32.9,61.1
2024-06-18,lunch,Chicken Strips Paprika & Honey,130.0g,167.7,31.2,3.8,2.1
2024-06-18,dinner,Baguette poulet tartare,250.0g,535.0,32.5,15.8,62.5
2024-06-18,snack,Crispy Cookie,110.0g,421.3,40.7,16.5,5.5
2024-06-19,breakfast,Overnight Oats,1.0 Portion(en),637.5,56.4,19.9,54.2
2024-06-19,snack,cube le maréchal ,80.0g,310.4,20.0,25.6,0.0
2024-06-19,dinner,Schinken Sandwich,350.0g,661.5,40.9,11.9,87.5
2024-06-19,lunch,Schweinsnierstück,145.0g,223.3,32.2,10.4,0.0
2024-06-19,lunch,Kartoffelstock ,400.0g,412.0,8.4,20.8,47.2
2024-06-19,lunch,Bratensauce,100.0g,75.0,1.7,5.6,4.1
2024-06-20,breakfast,Overnight Oats,1.0 Portion(en),637.5,56.4,19.9,54.2
2024-06-20,lunch,Spaghetti Bolognese,150.0g,214.5,9.3,5.2,31.2
2024-06-20,lunch,Spaghetti Cinque Pi,150.0g,294.0,9.0,16.5,27.0
2024-06-20,lunch,Spaghetti Carbonara,150.0g,286.5,12.2,8.0,38.5
2024-06-20,dinner,Schinken Sandwich,400.0g,756.0,46.8,13.6,100.0
2024-06-21,lunch,Fackelspies Kartoffeln,1.0 Portion(en),839.8,51.4,51.6,40.4
2024-06-21,breakfast,Overnight Oats,1.0 Portion(en),637.5,56.4,19.9,54.2
2024-06-21,dinner,Butterlaugebrezel,70.0g,241.5,5.5,8.2,36.4
2024-06-21,snack,Water Active Pineapple,500.0g,85.0,0.0,0.0,20.0
2024-06-21,dinner,Ghackets mit Hörnli und Chäs,430.0g,700.9,38.7,19.8,86.0
2024-06-21,snack,Pouletbrust mit Curry,150.0g,157.5,33.0,2.1,1.4
2024-06-22,breakfast,Thunfischaufstrich,1.0 Portion(en),631.5,78.2,33.4,4.5
2024-06-22,lunch,Thunfischaufstrich,1.0 Portion(en),631.5,78.2,33.4,4.5
2024-06-22,lunch,Gemüse Wraps mit Hackfleisch,450.0g,657.0,33.8,25.2,65.2
2024-06-22,breakfast,Fitkornbrot,140.0g,284.2,11.8,5.0,39.2
2024-06-22,snack,Ciabatta Poulet döner,180.0g,385.2,16.4,10.6,54.0
2024-06-22,lunch,Dinkelzopf,67.0g,213.7,6.1,5.0,34.8
2024-06-22,dinner,Mozzarella fettreduziert,125.0g,367.5,22.5,23.8,1.9
2024-06-22,dinner,Pizza Prosciutto,300.0g,870.0,42.0,21.6,114.0
2024-06-22,breakfast,Apero tete de moine AOP,52.0g,217.9,13.0,17.8,0.1
2024-06-23,breakfast,Thunfischaufstrich,1.0 Portion(en),631.5,78.2,33.4,4.5
2024-06-23,lunch,Tomatensauce ,1.0 Portion(en),1949.1,31.9,142.6,119.7
2024-06-23,breakfast,Butterzopf,150.0g,459.0,13.5,10.5,76.5
2024-06-23,breakfast,Bienenstich (gefüllt),80.0g,239.2,5.1,12.0,27.2
2024-06-23,lunch,Pouletfilet-Geschnetzeltes,250.0g,257.5,55.0,4.2,0.0
2024-06-23,lunch,Dinkel Penne,140.0g,499.8,16.8,2.4,100.8
2024-06-23,dinner,Mozzarella fettreduziert,125.0g,367.5,22.5,23.8,1.9
2024-06-24,lunch,Tomatensauce ,1.0 Portion(en),1949.1,31.9,142.6,119.7
2024-06-24,breakfast,Overnight Oats,1.0 Portion(en),637.5,56.4,19.9,54.2
2024-06-24,dinner,"PR!X, garantie Energy Drink",250.0g,95.0,0.0,0.0,23.5
2024-06-24,lunch,Tortelloni Formagio,240.0g,480.0,21.8,12.5,67.7
2024-06-24,dinner,Crispy Cookie,110.0g,421.3,40.7,16.5,5.5
2024-06-24,dinner,Meeresfrüchte mit Nudeln,800.0g,808.0,32.0,24.0,112.0
2024-06-24,snack,Protein Riegel Schoko-Geschmack,45.0g,158.8,15.8,5.8,9.4
2024-06-25,lunch,Tomatensauce ,1.0 Portion(en),1949.1,31.9,142.6,119.7
2024-06-25,breakfast,Overnight Oats,1.0 Portion(en),637.5,56.4,19.9,54.2
2024-06-25,dinner,Tomatensauce ,1.0 Portion(en),1949.1,31.9,142.6,119.7
2024-06-25,lunch,Pouletfilet-Geschnetzeltes,250.0g,257.5,55.0,4.2,0.0
2024-06-25,lunch,Dinkel Penne,90.0g,321.3,10.8,1.5,64.8
2024-06-25,dinner,Crank Pump Pro,19.0g,60.8,0.0,0.0,0.0
2024-06-25,dinner,"Erdnuss, geröstet mit Öl und gesalzen",100.0g,617.0,26.4,51.9,9.1
2024-06-25,dinner,Tortelloni Formagio,160.0g,320.0,14.6,8.3,45.1
2024-06-25,snack,Crispy Cookie,55.0g,210.7,20.4,8.2,2.8
2024-06-26,breakfast,Overnight Oats,1.0 Portion(en),637.5,56.4,19.9,54.2
2024-06-26,lunch,Risotto mit Poulet,1.0 Portion(en),712.4,63.1,19.0,74.4
2024-06-26,lunch,Gruyère,38.0g,173.0,6.0,6.0,23.0
2024-06-26,lunch,Banane,150.0g,133.5,1.6,0.5,34.2
2024-06-26,dinner,Trutenbrust,100.0g,108.0,21.0,2.0,1.0
2024-06-26,dinner,"Dinkelnudeln, gekocht",700.0g,896.0,32.2,7.7,168.0
2024-06-27,breakfast,Overnight Oats,1.0 Portion(en),637.5,56.4,19.9,54.2
2024-06-27,lunch,Dürüm Döner,420.0g,735.0,46.2,29.4,75.6
2024-06-27,lunch,Water Active Pineapple,500.0g,85.0,0.0,0.0,20.0
2024-06-27,dinner,Apero tete de moine AOP,52.0g,217.9,13.0,17.8,0.1
2024-06-27,dinner,Grilled Chicken with  Lemon Tabbouleh,410.0g,631.4,33.2,16.0,90.2
2024-06-28,breakfast,Overnight Oats,1.0 Portion(en),637.5,56.4,19.9,54.2
2024-06-28,lunch,Hackbällchen mit Nudeln ,1.0 Portion(en),1096.8,68.8,58.5,72.0
2024-06-28,breakfast,Trutenbrust,100.0g,108.0,21.0,2.0,1.0
2024-06-28,snack,Cashews,110.0g,683.1,20.9,55.0,24.2
2024-06-28,breakfast,apero gruyère AOP,52.0g,215.8,17.2,16.1,0.5
2024-06-29,breakfast,Thunfischaufstrich,1.0 Portion(en),631.5,78.2,33.4,4.5
2024-06-29,lunch,Linsendahl,1.0 Portion(en),3107.0,171.2,120.2,300.2
2024-06-29,lunch,Naanbrot,1.0 Portion(en),3111.0,125.6,27.0,576.4
2024-06-29,dinner,Overnight Oats,1.0 Portion(en),637.5,56.4,19.9,54.2
2024-06-29,dinner,Thunfischaufstrich,1.0 Portion(en),631.5,78.2,33.4,4.5
2024-06-29,snack,Gruyère,38.0g,173.0,6.0,6.0,23.0
2024-06-29,breakfast,Proteinbrot YOU,200.0g,596.0,52.0,30.0,18.6
2024-06-29,dinner,Urdinkelbrot,111.0g,279.7,12.2,3.7,46.6
2024-06-30,lunch,Linsendahl,1.0 Portion(en),3107.0,171.2,120.2,300.2
2024-06-30,lunch,Naanbrot,1.0 Portion(en),3111.0,125.6,27.0,576.4
2024-06-30,breakfast,Thunfischaufstrich,1.0 Portion(en),631.5,78.2,33.4,4.5
2024-06-30,lunch,Weizenvollkornmehl-Tortillas,59.0g,174.1,5.6,3.0,28.3
2024-06-30,lunch,Mozzarella fettreduziert,125.0g,367.5,22.5,23.8,1.9
2024-06-30,dinner,BBQ Poulet -Grillfackeln,126.0g,171.4,23.9,7.8,1.3
2024-06-30,dinner,Butterzopf,60.0g,183.6,5.4,4.2,30.6
2024-06-30,breakfast,Proteinbrot YOU,200.0g,596.0,52.0,30.0,18.6
2024-07-01,lunch,Linsendahl,1.0 Portion(en),3107.0,171.2,120.2,300.2
2024-07-01,dinner,Gruyère,76.0g,346.0,12.0,12.0,46.0
2024-07-01,lunch,BBQ Poulet -Grillfackeln,200.0g,272.0,38.0,12.4,2.0
2024-07-01,breakfast,Müesli Raiffeisenbank ,50.0g,178.0,6.4,3.4,27.5
2024-07-01,breakfast,Juice plus Vanilla,50.0g,175.0,16.0,3.6,15.5
2024-07-01,breakfast,Magerquark,250.0g,157.5,25.0,1.2,10.0
2024-07-01,breakfast,Milch,362.0g,166.5,11.6,5.4,17.7
2024-07-01,lunch,"Kartoffeln (ohne Schale), gekocht",300.0g,270.0,6.0,0.0,56.7
2024-07-01,breakfast,Crispy Cookie,55.0g,210.7,20.4,8.2,2.8
2024-07-02,breakfast,Bauernbrot,58.0g,124.1,4.2,0.6,23.2
2024-07-02,breakfast,Trutenaufschnitt,150.0g,157.5,30.0,3.0,2.5
2024-07-02,breakfast,Peanut Butter,25.0g,150.0,6.2,11.7,4.0
2024-07-02,lunch,Crispy Cookie,110.0g,421.3,40.7,16.5,5.5
2024-07-02,lunch,Sandwich Poulet Tartar,235.0g,622.8,18.6,32.9,61.1
2024-07-02,snack,"Karotten (Möhren), frisch",400.0g,156.0,3.2,0.8,27.2
2024-07-02,dinner,Gruyère,76.0g,346.0,12.0,12.0,46.0
2024-07-02,snack,Bauernbrot,100.0g,214.0,7.3,1.1,40.0
2024-07-02,breakfast,Mozzarella fettreduziert,125.0g,367.5,22.5,23.8,1.9
2024-07-03,breakfast,Buttergipfel,60.0g,235.8,5.4,12.0,25.8
2024-07-03,breakfast,Pouletaufschnitt,150.0g,160.5,31.5,3.0,1.5
2024-07-03,dinner,Burger - Bacon & Cheese,250.0g,412.5,32.5,23.2,37.5
2024-07-03,lunch,Olma Bratwurst,125.0g,287.5,15.0,25.0,1.5
2024-07-03,lunch,Beef Burger Patties,125.0g,290.0,21.2,22.5,0.6
2024-07-03,lunch,Kartoffelsalat (mit Mayonnaise),300.0g,315.0,5.4,13.2,40.2
2024-07-03,lunch,Grüner Salat mit Dressing,300.0g,177.0,4.2,13.5,9.6
2024-07-03,snack,"Saft vom Fass, alkohilfrei",500.0g,90.0,0.5,0.0,21.0
2024-07-03,snack,Couscous gekocht,300.0g,344.1,12.6,2.1,63.9
2024-07-03,dinner,Isoclear,18.0g,62.1,14.4,0.0,0.5
2024-07-04,lunch,Linsendahl,1.0 Portion(en),3107.0,171.2,120.2,300.2
2024-07-04,breakfast,Trutenbrust indisch,100.0g,108.0,20.0,2.0,1.0
2024-07-04,breakfast,Bauernbrot,176.0g,376.6,12.8,1.9,70.4
2024-07-04,breakfast,Gruyère,76.0g,346.0,12.0,12.0,46.0
2024-07-04,snack,Darvida gruyere,46.0g,203.3,6.9,7.4,25.3
2024-07-04,dinner,Butter Chicken Delhi Style,500.0g,675.0,34.0,29.5,65.0
2024-07-04,lunch,"Kartoffeln (ohne Schale), gekocht",90.0g,81.0,1.8,0.0,17.0
2024-07-04,lunch,"Nudeln, gekocht (aus Hartweizengrieß)",100.0g,143.0,5.0,0.5,28.1
2024-07-04,dinner,Pouletbrust,100.0g,92.0,20.0,1.0,0.6
2024-07-04,snack,"Karotten (Möhren), frisch",276.0g,107.6,2.2,0.6,18.8
2024-07-04,lunch,Pouletbrust,100.0g,114.0,25.0,1.5,1.0
2024-07-05,breakfast,Thunfischaufstrich,1.0 Portion(en),631.5,78.2,33.4,4.5
2024-07-05,lunch,Tomatensauce ,1.0 Portion(en),1949.1,31.9,142.6,119.7
2024-07-05,breakfast,Vollkornbrötchen,140.0g,324.8,11.6,2.1,59.4
2024-07-05,lunch,Pouletfilet-Geschnetzeltes,250.0g,257.5,55.0,4.2,0.0
2024-07-05,lunch,Dinkel Penne,90.0g,321.3,10.8,1.5,64.8
2024-07-05,snack,Mais,35.0g,152.9,2.1,5.2,22.4
2024-07-05,dinner,Kebab de Poulet,500.0g,870.0,60.0,32.5,80.0
2024-07-06,breakfast,Thunfischaufstrich,1.0 Portion(en),631.5,78.2,33.4,4.5
2024-07-06,breakfast,Bauernbrot,160.0g,342.4,11.7,1.8,64.0
2024-07-06,breakfast,Hähnchenstückchen Sweet-Chili,150.0g,202.5,33.5,5.0,5.8
2024-07-06,breakfast,Philadelphia Kräuter Doppelrahmstufe,30.0g,66.0,1.6,6.0,1.3
2024-07-06,snack,Ackermann Family Multivitaminsaft,400.0g,208.0,1.2,0.0,46.4
2024-07-06,snack,Butterlaugebrezel,80.0g,276.0,6.2,9.4,41.6
2024-07-06,dinner,Mozzarella fettreduziert,125.0g,367.5,22.5,23.8,1.9
2024-07-06,dinner,Quarkhimmel,500.0g,265.0,43.0,2.5,22.5
2024-07-06,dinner,"Hühnerei, Eier, roh",266.0g,364.4,31.4,24.7,4.0
2024-07-07,breakfast,Thunfischaufstrich,1.0 Portion(en),631.5,78.2,33.4,4.5
2024-07-07,dinner,Thunfischaufstrich 110 g ,1.0 Portion(en),683.2,80.2,37.0,7.2
2024-07-07,breakfast,Mohnschnecken,180.0g,684.0,9.7,0.0,72.0
2024-07-07,breakfast,Dinkelzopf,95.0g,303.1,8.6,7.1,49.4
2024-07-07,dinner,Mozzarella fettreduziert,125.0g,367.5,22.5,23.8,1.9
2024-07-07,dinner,Quarkhimmel,500.0g,265.0,43.0,2.5,22.5
2024-07-07,lunch,Darvida Fromage,92.0g,406.6,13.8,14.7,50.6
2024-07-07,lunch,More Clear Glow Peptides Rhabarber-Vanille,30.0g,105.6,24.6,0.0,1.2
2024-07-07,dinner,Dinkelzopf,50.0g,159.5,4.5,3.8,26.0
2024-07-08,breakfast,Thunfischaufstrich 110 g ,1.0 Portion(en),683.2,80.2,37.0,7.2
2024-07-08,dinner,Thunfischaufstrich 110 g ,1.0 Portion(en),683.2,80.2,37.0,7.2
2024-07-08,lunch,Salatdressing,1.0 Portion(en),176.8,10.0,13.2,4.0
2024-07-08,breakfast,Bauernbrot,120.0g,256.8,8.8,1.3,48.0
2024-07-08,dinner,Peanut Butter,33.0g,198.0,8.1,15.4,5.3
2024-07-08,dinner,XlL Toast,92.0g,254.8,8.6,7.8,35.0
2024-07-08,snack,Darvida gruyere,46.0g,203.3,6.9,7.4,25.3
2024-07-08,lunch,Bratkartoffeln,250.0g,300.0,4.5,14.8,35.2
2024-07-08,lunch,"Schweinefilet, gebraten",60.0g,99.6,17.9,3.1,0.0
2024-07-08,lunch,Mozerella,150.0g,376.5,28.5,28.5,1.5
2024-07-08,dinner,Fitnessteller,400.0g,400.0,28.0,12.8,8.0
2024-07-09,breakfast,Thunfischaufstrich 110 g ,1.0 Portion(en),683.2,80.2,37.0,7.2
2024-07-09,lunch,Tomatensauce ,1.0 Portion(en),1949.1,31.9,142.6,119.7
2024-07-09,breakfast,Bauernbrot,64.0g,137.0,4.7,0.7,25.6
2024-07-09,breakfast,Quarkhimmel,500.0g,265.0,43.0,2.5,22.5
2024-07-09,lunch,Pouletfilet-Geschnetzeltes,250.0g,257.5,55.0,4.2,0.0
2024-07-09,lunch,Dinkel Penne,90.0g,321.3,10.8,1.5,64.8
2024-07-09,snack,Kinder Bueno White,39.0g,222.7,3.3,14.0,20.7
2024-07-09,dinner,Mini Schinkengipfeli,110.0g,317.9,9.1,18.7,27.5
2024-07-09,dinner,Vegane Mühlen Ceispies Western Style,160.0g,369.6,19.2,16.0,32.0
2024-07-09,dinner,Vegane Nuggets Cornflakes-Chili,220.0g,514.8,20.0,24.6,48.4
2024-07-10,breakfast,Quark Traum der leichte Erdbeere,200.0g,162.0,14.8,0.4,24.4
2024-07-10,breakfast,Quarkhimmel,345.0g,182.8,29.7,1.7,15.5
2024-07-10,breakfast,Butterlaugebrezel,70.0g,241.5,5.5,8.2,36.4
2024-07-10,breakfast,Darvida gruyere,46.0g,203.3,6.9,7.4,25.3
2024-07-10,lunch,Filets de poulet,220.0g,224.4,51.9,1.5,0.0
2024-07-10,lunch,Wildreis(gekocht),320.0g,400.0,15.4,1.6,80.0
2024-07-10,snack,Banane,150.0g,133.5,1.6,0.5,34.2
2024-07-10,snack,"Apfel (mit Schale), frisch",130.0g,84.5,0.4,0.1,18.6
2024-07-10,snack,"Aprikose, frisch",100.0g,45.0,0.9,0.1,8.5
2024-07-10,dinner,Mozerella,150.0g,376.5,28.5,28.5,1.5
2024-07-10,dinner,Säntis bergkäse,41.0g,152.9,11.5,11.9,0.0
2024-07-10,dinner,Darvida gruyere,46.0g,203.3,6.9,7.4,25.3
2024-07-10,dinner,Milch   Teilentrahmt Drink,450.0g,211.5,15.8,6.8,22.1
2024-07-10,dinner,flexpresso White Chocolate Mocha Flavor,30.0g,110.4,22.5,1.1,2.6
2024-07-10,dinner,farmer plus crunchy protein ,50.0g,205.0,12.0,8.0,17.5
2024-07-11,breakfast,Sternenberger rezent,190.0g,767.6,55.1,60.8,0.2
2024-07-11,breakfast,Trutenbrust hauchdünn,215.0g,204.2,45.1,2.1,1.1
2024-07-11,breakfast,Gruyère,38.0g,173.0,6.0,6.0,23.0
2024-07-11,breakfast,Premium Pistazie,100.0g,194.0,2.5,8.1,27.5
2024-07-11,snack,VO ÜS - Apfelsaft gespritzt ,100.0g,27.0,0.5,0.5,6.3
2024-07-11,snack,Sport- Drink  Grapefruit-Zitrone,500.0g,90.0,0.0,0.0,21.5
2024-07-11,dinner,Chicken Strips Migros,146.0g,141.6,26.3,2.9,2.2
2024-07-11,dinner,Crispy Cookie,55.0g,210.7,20.4,8.2,2.8
2024-07-11,lunch,Bolognese Sauce,350.0g,276.5,24.1,17.8,11.6
2024-07-11,lunch,Spaghetti,350.0g,560.0,21.0,3.1,108.5
2024-07-12,lunch,Poulet Curry mit Dinkel 09.05,1.0 Portion(en),775.0,69.0,24.5,69.5
2024-07-12,breakfast,Philadelphia Kräuter Doppelrahmstufe,50.0g,110.0,2.6,10.0,2.1
2024-07-12,breakfast,Sternenberger rezent,88.0g,355.5,25.5,28.2,0.1
2024-07-12,breakfast,Gruyère,76.0g,346.0,12.0,12.0,46.0
2024-07-12,breakfast,Malzkornbrot,90.0g,216.0,9.9,4.5,30.6
2024-07-12,snack,Merci Edel-Nougat,12.5g,70.2,0.9,4.5,6.2
2024-07-12,dinner,Saaländ Müesli Farm Fruits,230.0g,255.3,9.9,7.6,36.8
2024-07-12,dinner,Darvida gruyere,46.0g,203.3,6.9,7.4,25.3
2024-07-12,dinner,Chicken Schnitzel Poke Bowl,390.0g,639.6,16.8,14.8,105.3
2024-07-12,dinner,Schweizer Grillpoulet ,510.0g,851.7,102.0,2.5,0.0
2024-07-13,breakfast,Rühreier,1.0 Portion(en),822.2,59.3,55.7,14.2
2024-07-13,breakfast,Sternenberger rezent,44.0g,177.8,12.8,14.1,0.0
2024-07-13,lunch,grand padano,120.0g,477.6,39.6,34.8,0.0
2024-07-13,lunch,Isoclear,30.0g,103.5,24.0,0.0,0.8
2024-07-13,lunch,Nudeln gekocht,450.0g,538.6,18.4,3.1,107.1
2024-07-13,lunch,Rosa Thon,155.0g,162.8,38.8,0.9,0.0
2024-07-13,dinner,Schweizer Grillpoulet ,304.0g,507.7,60.8,1.5,0.0
2024-07-13,snack,Blevita Sandwich Kräuter,54.0g,285.7,6.5,15.7,28.6
2024-07-13,dinner,Hüttenkäse,240.9g,209.6,24.1,9.6,6.5
2024-07-13,dinner,Butterzopf,100.0g,306.0,9.0,7.0,51.0
2024-07-14,breakfast,Thunfischaufstrich 110 g ,1.0 Portion(en),683.2,80.2,37.0,7.2
2024-07-14,snack,Gesunde Himbeerglace,1.0 Portion(en),854.6,85.9,21.3,67.7
2024-07-14,breakfast,Blevita Sandwich Kräuter,54.0g,285.7,6.5,15.7,28.6
2024-07-14,breakfast,Butterzopf,222.0g,679.3,20.0,15.5,113.2
2024-07-14,dinner,Chicken Mc Nuggets 6 Stk.,214.0g,515.7,32.1,23.5,40.7
2024-07-14,dinner,Cheeseburger,120.0g,304.8,15.6,12.0,31.2
2024-07-14,dinner,Bic Mac Sauce,25.0g,65.0,0.3,5.3,3.8
2024-07-14,dinner,Cocktail Dip,15.0g,82.7,0.2,8.4,1.1
2024-07-15,breakfast,Thunfischaufstrich 110 g ,1.0 Portion(en),683.2,80.2,37.0,7.2
2024-07-15,dinner,Gesunde Himbeerglace,1.0 Portion(en),854.6,85.9,21.3,67.7
2024-07-15,lunch,Dinkelflips Stedy,90.0g,317.7,9.9,5.4,53.1
2024-07-15,breakfast,XlL Toast,184.0g,509.7,17.1,15.6,69.9
2024-07-15,breakfast,Peanut Butter,12.0g,72.0,3.0,5.6,1.9
2024-07-15,lunch,Poulet Cocktail Sandwich,235.0g,592.2,20.0,25.9,68.2
2024-07-15,lunch,Poulet,150.0g,181.5,33.0,4.2,2.7
2024-07-15,snack,Protein Bar Crane,45.0g,171.4,14.4,4.5,19.4
2024-07-15,lunch,Milch,50.0g,23.0,1.6,0.8,2.5
2024-07-15,snack,Ovomaltine Drink High Protein,330.0g,264.0,24.4,3.6,34.6
2024-07-15,dinner,Tomate-Basilikum,38.0g,164.2,4.9,4.6,24.7
2024-07-16,breakfast,Proteinbrot YOU,100.0g,298.0,26.0,15.0,9.3
2024-07-16,breakfast,Peanut Butter,20.0g,120.0,4.9,9.3,3.2
2024-07-16,lunch,"Nudeln, gekocht (aus Hartweizengrieß)",200.0g,286.0,10.0,1.0,56.2
2024-07-16,lunch,Erbsen mit Karotten,200.0g,127.6,7.0,1.0,18.4
2024-07-16,lunch,"Leberkäse (Fleischkäse), gebraten",60.0g,184.8,7.4,17.3,0.2
2024-07-16,lunch,"Grüne Bohnen (Brechbohnen), gekocht",100.0g,36.0,2.4,0.2,5.0
2024-07-16,breakfast,"Passionsfrucht, frisch",80.0g,53.6,1.9,0.3,7.6
2024-07-16,dinner,Proteinbrot YOU,100.0g,298.0,26.0,15.0,9.3
2024-07-16,snack,Magerquark,200.0g,126.0,20.0,1.0,8.0
2024-07-16,snack,"Himbeeren, frisch",100.0g,43.0,1.3,0.3,4.8
2024-07-16,snack,"Brombeeren, frisch",50.0g,21.5,0.6,0.5,3.1
2024-07-16,snack,"Karotten (Möhren), frisch",50.0g,19.5,0.4,0.1,3.4
2024-07-16,snack,Randensalat,50.0g,22.0,0.5,0.8,2.5
2024-07-16,snack,Grüner Salat,40.0g,4.8,0.5,0.1,0.4
2024-07-16,snack,"Salatgurke (mit Schale), frisch",50.0g,7.0,0.3,0.1,0.9
2024-07-16,snack,French Dressing,30.0g,54.3,0.3,4.2,3.6
2024-07-16,snack,Cordon Bleu,250.0g,447.5,42.5,17.5,30.0
2024-07-16,snack,"Karotten (Möhren), frisch",500.0g,195.0,4.0,1.0,34.0
2024-07-16,dinner,Nuts Royal,50.0g,323.0,10.2,29.0,3.2
2024-07-16,dinner,Tomaten-Basilikum,46.0g,194.1,5.5,5.5,28.1
2024-07-17,breakfast,Overnight Oats,1.0 Portion(en),637.5,56.4,19.9,54.2
2024-07-17,snack,"Karotten (Möhren), frisch",700.0g,273.0,5.6,1.4,47.6
2024-07-17,lunch,Blätterteig Pastetli,74.0g,399.6,6.4,27.4,31.1
2024-07-17,dinner,DESIGNER BAR Almond Coconut,45.0g,177.0,14.0,8.8,14.0
2024-07-17,lunch,Brätkügeli,150.0g,421.5,15.0,39.0,2.2
2024-07-17,lunch,Grüner Salat mit Dressing,400.0g,236.0,5.6,18.0,12.8
2024-07-17,dinner,Kebab de Poulet,450.0g,783.0,54.0,29.2,72.0
2024-07-17,snack,Alpstein Bergkäse,55.0g,207.9,14.8,16.5,0.0
2024-07-18,breakfast,Overnight Oats,1.0 Portion(en),637.5,56.4,19.9,54.2
2024-07-18,lunch,Kartoffelstock ,300.0g,309.0,6.3,15.6,35.4
2024-07-18,lunch,Hackbällchen mit Tomatensoße,700.0g,931.0,61.6,62.3,29.4
2024-07-18,snack,Isoclear,15.0g,51.8,12.0,0.0,0.4
2024-07-18,dinner,Hülsenfrüchte ERBSEN,120.0g,394.8,27.1,2.5,57.1
2024-07-18,dinner,Proteinbrot YOU,200.0g,596.0,52.0,30.0,18.6
2024-07-19,breakfast,Overnight Oats,1.0 Portion(en),637.5,56.4,19.9,54.2
2024-07-19,breakfast,Pouletfilet-Geschnetzeltes,260.0g,267.8,57.2,4.4,0.0
2024-07-19,breakfast,XlL Toast,184.0g,509.7,17.1,15.6,69.9
2024-07-19,dinner,"Dinkelnudeln, gekocht",450.0g,576.0,20.7,5.0,108.0
2024-07-19,dinner,Magerquark,500.0g,315.0,50.0,2.5,20.0
2024-07-19,snack,Milch,350.0g,161.0,11.2,5.2,17.2
2024-07-19,snack,"Himbeeren, frisch",275.0g,118.2,3.6,0.8,13.2
2024-07-19,snack,"Karotten (Möhren), frisch",440.0g,171.6,3.5,0.9,29.9
2024-07-20,breakfast,Isoclear,55.0g,189.8,44.0,0.0,1.4
2024-07-20,breakfast,Pouletfilet-Geschnetzeltes,440.0g,453.2,96.8,7.5,0.0
2024-07-20,snack,Crispy Cookie,55.0g,210.7,20.4,8.2,2.8
2024-07-20,lunch,Gruyère,76.0g,346.0,12.0,12.0,46.0
2024-07-21,breakfast,Proteinbrot YOU,200.0g,596.0,52.0,30.0,18.6
2024-07-21,lunch,Mozzarella light merivio,125.0g,191.2,21.2,11.2,1.2
2024-07-21,dinner,Kebab di pollo,350.0g,458.5,59.5,21.4,7.3
2024-07-21,lunch,High Protein Himbeere,200.0g,140.0,25.0,1.0,7.2
2024-07-21,dinner,Gruyère,38.0g,173.0,6.0,6.0,23.0
2024-07-22,breakfast,Fat free Greek yoghurt,500.0g,270.0,51.5,0.0,15.0
2024-07-22,breakfast,Proteinbrot YOU,200.0g,596.0,52.0,30.0,18.6
2024-07-22,breakfast,High Protein Himbeere,200.0g,140.0,25.0,1.0,7.2
2024-07-22,breakfast,quark proteico pesca maracuja,200.0g,138.0,24.6,1.0,7.4
2024-07-23,breakfast,yogurt greco 0% grassi,450.0g,261.0,45.0,0.0,20.2
2024-07-23,breakfast,Birchermüesli,150.0g,213.0,5.2,6.9,30.0
2024-07-24,breakfast,Grieschischer Joghurt,450.0g,544.5,20.7,45.0,14.4
2024-07-24,breakfast,Riebel,450.0g,540.0,18.0,13.5,63.0
2024-07-24,breakfast,Yogurt alla greca pesca maracuja,300.0g,399.0,11.7,24.6,39.6
2024-07-24,snack,Isoclear,30.0g,103.5,24.0,0.0,0.8
2024-07-24,dinner,Mozzarella fettreduziert,125.0g,367.5,22.5,23.8,1.9
2024-07-24,lunch,Chilli and lime tiger prawns,75.0g,168.0,11.0,13.0,0.8
2024-07-24,lunch,Thunfisch in Sonnenblumenöl,140.0g,240.8,33.9,11.8,0.0
2024-07-24,dinner,Maionese,35.0g,225.4,0.5,24.7,0.4
2024-07-24,snack,Gruyère,100.0g,455.3,15.8,15.8,60.5
2024-07-25,dinner,Wildreis,60.0g,231.0,8.8,0.7,44.9
2024-07-25,dinner,Filets de poulet,120.0g,122.4,28.3,0.8,0.0
2024-07-25,breakfast,Pizza Al Prosciutto,200.0g,408.0,12.8,8.0,60.0
2024-07-25,breakfast,Birchermüesli,150.0g,213.0,5.2,6.9,30.0
2024-07-25,lunch,Protein Riegel Schoko-Geschmack,90.0g,317.7,31.5,11.7,18.9
2024-07-25,lunch,Magerquark,500.0g,315.0,50.0,2.5,20.0
2024-07-25,snack,Appenzeller kräftig würzig,150.0g,589.5,39.0,48.0,0.1
2024-07-26,breakfast,Thunfischaufstrich 110 g ,1.0 Portion(en),683.2,80.2,37.0,7.2
2024-07-26,breakfast,Bauernbrot,144.0g,308.2,10.5,1.6,57.6
2024-07-26,breakfast,Alpstein Bergkäse,47.0g,177.7,12.7,14.1,0.0
2024-07-26,lunch,"Kartoffeln (ohne Schale), gekocht",500.0g,450.0,10.0,0.0,94.5
2024-07-26,lunch,Mozzarella,100.0g,261.0,21.0,19.0,1.5
2024-07-26,lunch,Mayonnaise light,40.0g,124.4,0.3,12.8,1.6
2024-07-26,lunch,Schweinesteak,120.0g,144.0,25.2,6.0,0.0
2024-07-26,snack,Quarkhimmel,300.0g,159.0,25.8,1.5,13.5
2024-07-26,snack,Himbeeren TK,200.0g,100.0,2.0,1.0,12.0
2024-07-27,breakfast,Thunfischaufstrich 110 g ,1.0 Portion(en),683.2,80.2,37.0,7.2
2024-07-27,breakfast,Weißbrot (Weizenbrot),65.0g,161.2,5.3,0.8,31.7
2024-07-27,breakfast,Quarkhimmel,500.0g,265.0,43.0,2.5,22.5
2024-07-27,breakfast,Peanut Butter,10.0g,60.0,2.5,4.7,1.6
2024-07-27,lunch,Überbackene Fajita mit Rind,200.0g,564.0,38.6,38.6,20.0
2024-07-28,breakfast,Quarkhimmel,500.0g,265.0,43.0,2.5,22.5
2024-07-29,snack,Blevita Sandwich Kräuter,54.0g,285.7,6.5,15.7,28.6
2024-07-29,dinner,Magerquark,500.0g,315.0,50.0,2.5,20.0
2024-07-29,dinner,Appenzeller Biberli,30.0g,110.7,2.7,2.7,18.3
2024-07-29,breakfast,Bauernbrot,75.0g,160.5,5.5,0.8,30.0
2024-07-29,breakfast,Müesli Raiffeisenbank ,50.0g,178.0,6.4,3.4,27.5
2024-07-29,breakfast,Milch,300.0g,138.0,9.6,4.5,14.7
2024-07-29,lunch,Alpstein Bergkäse,90.0g,340.2,24.3,27.0,0.0
2024-07-29,dinner,Pouletbrust Filetstücke Klassik,150.0g,187.5,33.0,4.2,4.0
2024-07-29,dinner,Vegi Red Thai Curry  mit Reis und Tofu,400.0g,692.0,20.0,32.0,80.0
2024-07-30,breakfast,Magerquark,500.0g,315.0,50.0,2.5,20.0
2024-07-30,breakfast,Alpstein Bergkäse,47.0g,177.7,12.7,14.1,0.0
2024-07-30,breakfast,Gruyère,38.0g,173.0,6.0,6.0,23.0
2024-07-30,breakfast,Trutenbrust hauchdünn,100.0g,95.0,21.0,1.0,0.5
2024-07-30,lunch,Bio Dinkel-Vollkornteigwaren,100.0g,348.0,13.0,2.6,64.0
2024-07-30,lunch,Brust-Geschnetzeltes,150.0g,177.0,37.5,3.0,0.0
2024-07-30,lunch,Sauce Curry-Kokos,150.0g,234.0,8.6,13.2,16.5
2024-07-30,snack,Apero tete de moine AOP,100.0g,419.0,25.0,34.3,0.2
2024-07-30,dinner,"Karotten (Möhren), frisch",265.0g,103.3,2.1,0.5,18.0
2024-07-30,dinner,"Rote Bete (Rote Rübe), gekocht",120.0g,54.0,1.8,0.1,9.7
2024-07-31,breakfast,Overnight Oats,1.0 Portion(en),637.5,56.4,19.9,54.2
2024-07-31,dinner,Easy Chips Paprika,130.0g,618.8,8.4,28.6,79.3
2024-07-31,dinner,paprika,60.0g,256.2,6.6,9.0,33.6
2024-07-31,breakfast,Apero tete de moine AOP,52.0g,217.9,13.0,17.8,0.1
2024-07-31,lunch,Protein Mix,162.0g,523.3,35.6,3.7,72.9
2024-07-31,lunch,Poulet Schenkel gewürzt,280.0g,448.0,47.6,28.0,1.4
2024-07-31,lunch,Mayonnaise light,60.0g,186.6,0.4,19.2,2.3
2024-07-31,snack,"Aprikose, frisch",100.0g,45.0,0.9,0.1,8.5
2024-07-31,snack,"Nektarine, frisch",125.0g,71.2,1.1,0.1,15.5
2024-07-31,dinner,Bio Räucherlachs,43.0g,71.4,9.0,4.0,0.2
2024-07-31,dinner,Nat Schoko-Haselnuss Kissen,25.0g,113.0,1.9,4.3,15.7
2024-07-31,dinner,Milch,100.0g,46.0,3.2,1.5,4.9
2024-07-31,dinner,Corny free Schoko,20.0g,67.0,1.5,2.0,13.4
2024-07-31,dinner,"Apfel (mit Schale), frisch",130.0g,84.5,0.4,0.1,18.6
2024-08-01,breakfast,Overnight Oats 2.0,1.0 Portion(en),596.2,60.1,10.8,66.6
2024-08-01,lunch,Salsatsauce lecker ,1.0 Portion(en),275.0,19.6,17.0,9.2
2024-08-01,lunch,Salatdressing,1.0 Portion(en),9351.7,49.3,1021.8,19.3
2024-08-01,breakfast,Butterzopf,115.0g,351.9,10.3,8.1,58.6
2024-08-01,breakfast,Light Peanut Creme,25.0g,98.2,11.9,3.0,4.2
2024-08-01,breakfast,Appenzeller Käse,50.0g,196.5,12.6,16.0,0.0
2024-08-01,lunch,Mais,100.0g,71.0,2.5,1.2,11.0
2024-08-01,lunch,"Karotten (Möhren), frisch",700.0g,273.0,5.6,1.4,47.6
2024-08-01,lunch,"Salatgurke (mit Schale), frisch",400.0g,56.0,2.4,0.8,7.2
2024-08-01,lunch,"Randen, gekocht",100.0g,54.0,1.8,0.5,10.0
2024-08-01,snack,"Nektarine, frisch",125.0g,71.2,1.1,0.1,15.5
2024-08-01,lunch,Mozzarella,125.0g,326.2,26.2,23.8,1.9
2024-08-01,lunch,Poulet Schenkel gewürzt,140.0g,224.0,23.8,14.0,0.7
2024-08-01,dinner,Schweinesteak,400.0g,480.0,84.0,20.0,0.0
2024-08-01,lunch,Kartoffelsalat,250.0g,260.0,4.2,12.0,31.5
2024-08-02,breakfast,Overnight Oats,1.0 Portion(en),637.5,56.4,19.9,54.2
2024-08-02,lunch,Kabeljaufilet,150.0g,118.5,27.0,1.1,0.0
2024-08-02,dinner,Kebab de Poulet,420.0g,730.8,50.4,27.3,67.2
2024-08-02,dinner,Laugenbrötli mit Thon,300.0g,756.0,42.0,36.0,66.0
2024-08-02,snack,"Nektarine, frisch",250.0g,142.5,2.2,0.2,31.0
2024-08-03,breakfast,Overnight Oats 2.0,1.0 Portion(en),596.2,60.1,10.8,66.6
2024-08-03,dinner,Salsatsauce lecker ,1.0 Portion(en),275.0,19.6,17.0,9.2
2024-08-03,breakfast,Appenzeller Käse,60.0g,235.8,15.1,19.2,0.0
2024-08-03,snack,"Aprikose, frisch",595.0g,267.8,5.4,0.6,50.6
2024-08-03,lunch,Ruchbrot,145.0g,362.5,14.4,1.7,69.6
2024-08-03,lunch,Dinkelzopf,30.0g,90.6,3.0,2.7,12.9
2024-08-03,lunch,Kichererbsencurry,500.0g,705.0,21.5,20.5,105.0
2024-08-03,dinner,Filets de poulet,100.0g,102.0,23.6,0.7,0.0
2024-08-03,dinner,Sandwich Poulet Tartar,180.0g,477.0,14.2,25.2,46.8
2024-08-03,dinner,"Kartoffeln (ohne Schale), gekocht",200.0g,180.0,4.0,0.0,37.8
2024-08-03,dinner,"Karotten (Möhren), frisch",100.0g,39.0,0.8,0.2,6.8
2024-08-03,dinner,Randensalat,100.0g,44.0,0.9,1.7,5.0
2024-08-04,breakfast,Overnight Oats,1.0 Portion(en),637.5,56.4,19.9,54.2
2024-08-04,breakfast,Sandwich Poulet Tartar,111.0g,294.1,8.8,15.5,28.9
2024-08-04,lunch,"Salatgurke (mit Schale), frisch",300.0g,42.0,1.8,0.6,5.4
2024-08-04,lunch,Grüner Salat,100.0g,12.0,1.3,0.2,1.1
2024-08-04,lunch,"Karotten (Möhren), frisch",200.0g,78.0,1.6,0.4,13.6
2024-08-04,lunch,Randensalat,200.0g,88.0,1.8,3.4,10.0
2024-08-04,lunch,Salatsauce französisch,75.0g,294.0,1.1,31.9,0.3
2024-08-04,lunch,Tiramisù,150.0g,394.5,7.0,15.9,49.6
2024-08-04,lunch,Himbeertraum,80.0g,206.4,2.4,13.6,18.4
2024-08-04,snack,Appenzeller Switzerland,70.0g,280.0,18.2,23.1,0.3
2024-08-04,dinner,Mozzarella fettreduziert,125.0g,367.5,22.5,23.8,1.9
2024-08-04,dinner,grand padano,87.0g,346.3,28.7,25.2,0.0
2024-08-04,dinner,Kichererbsennudeln gekocht,200.0g,268.0,16.4,4.8,34.8
2024-08-04,dinner,Dinkel vollkorn nudeln gekocht,200.0g,322.0,2.4,2.2,59.0
2024-08-04,dinner,Lupinien Geschnetzeltes,100.0g,190.0,25.1,7.1,3.8
2024-08-05,breakfast,Overnight Oats,1.0 Portion(en),637.5,56.4,19.9,54.2
2024-08-05,breakfast,Tilsiter mild,52.0g,179.4,13.0,14.0,0.3
2024-08-05,breakfast,Alpstein Bergkäse,42.0g,158.8,11.3,12.6,0.0
2024-08-05,snack,Shokata,500.0g,90.0,0.0,0.0,21.5
2024-08-05,snack,Schinkensandwich,108.0g,368.3,15.1,19.4,34.6
2024-08-05,lunch,Pommes Frites (frittiert und gesalzen),120.0g,354.0,5.0,17.4,42.8
2024-08-05,lunch,Balisto Korn Mix,18.5g,92.1,1.2,4.4,11.5
2024-08-05,lunch,Chicken Nuggets,300.0g,606.0,45.0,28.8,42.0
2024-08-05,snack,Redbull,250.0g,115.0,0.0,0.0,27.5
2024-08-05,snack,Fajitas poulet,400.0g,731.6,54.4,21.2,148.4
2024-08-06,lunch,Linsendahl,1.0 Portion(en),3107.0,171.2,120.2,300.2
2024-08-06,breakfast,Mehrkorn Brötchen,120.0g,309.6,10.8,3.1,56.4
2024-08-06,breakfast,Ovomaltine Crunchy Cream,20.0g,109.0,0.8,6.4,11.9
2024-08-06,breakfast,Crisp müesli,100.0g,409.0,9.4,9.3,68.0
2024-08-06,lunch,Quarkbrötchen mit Dinkel,200.0g,448.0,27.4,3.6,74.2
2024-08-07,breakfast,Crunchy Cream,40.0g,218.8,1.5,13.0,23.8
2024-08-07,breakfast,Bauernbrot,60.0g,128.4,4.4,0.7,24.0
2024-08-07,breakfast,Crisp müesli,125.0g,511.2,11.8,11.6,85.0
2024-08-07,lunch,Lasagne,600.0g,810.0,43.8,29.4,92.4
2024-08-07,lunch,Darvida gruyere,46.0g,203.3,6.9,7.4,25.3
2024-08-07,snack,Magerquark,500.0g,315.0,50.0,2.5,20.0
2024-08-07,snack,Chicken Nuggets,250.0g,505.0,37.5,24.0,35.0
2024-08-08,breakfast,Bauernbrot,195.0g,417.3,14.2,2.1,78.0
2024-08-08,breakfast,Crunchy Cream,114.0g,623.6,4.2,36.9,67.7
2024-08-08,lunch,Kartoffelstock ,100.0g,103.0,2.1,5.2,11.8
2024-08-08,lunch,Hackbällchen mit Tomatensoße ,450.0g,624.6,58.5,18.9,37.8
2024-08-08,snack,Darvida gruyere,46.0g,203.3,6.9,7.4,25.3
2024-08-08,dinner,Bauernbrot,77.0g,164.8,5.6,0.8,30.8
2024-08-08,dinner,Omelette,180.0g,277.2,19.1,21.1,1.1
2024-08-08,lunch,"Karotten (Möhren), frisch",600.0g,234.0,4.8,1.2,40.8
2024-08-08,lunch,Blanc de poulet ,120.0g,118.8,25.2,1.1,1.3
2024-08-08,snack,Magerquark,290.0g,182.7,29.0,1.4,11.6
2024-08-09,breakfast,Urdinkelbrot,290.0g,730.8,31.9,9.6,121.8
2024-08-09,breakfast,Crunchy Cream,90.0g,492.3,3.3,29.2,53.5
2024-08-09,snack,caprisonne ,200.0g,60.0,1.0,1.0,14.2
2024-08-09,lunch,"Nudeln, gekocht (aus Hartweizengrieß)",150.0g,214.5,7.5,0.8,42.1
2024-08-09,lunch,Hackbällchen mit Tomatensoße ,160.0g,222.1,20.8,6.7,13.4
2024-08-09,lunch,Darvida gruyere,29.0g,128.2,4.3,4.6,15.9
2024-08-09,lunch,Darvida gruyere,46.0g,203.3,6.9,7.4,25.3
2024-08-09,lunch,Rindsburger,200.0g,538.0,32.0,45.4,2.4
2024-08-09,dinner,Butterzopf,140.0g,428.4,12.6,9.8,71.4
2024-08-09,dinner,Appenzeller Schmelzkäse,20.0g,59.2,4.0,4.8,0.0
2024-08-09,dinner,Isoclear,45.0g,155.2,36.0,0.0,1.1
2024-08-10,dinner,Linsendahl,1.0 Portion(en),3107.0,171.2,120.2,300.2
2024-08-10,lunch,Salsatsauce lecker ,1.0 Portion(en),275.0,19.6,17.0,9.2
2024-08-10,breakfast,Ne Overnight Oats ,1.0 Portion(en),517.9,36.6,19.7,44.7
2024-08-10,breakfast,Bauernbrot,52.0g,111.3,3.8,0.6,20.8
2024-08-10,breakfast,Crunchy Cream,20.0g,109.4,0.7,6.5,11.9
2024-08-10,lunch,Darvida gruyere,92.0g,406.6,13.8,14.7,50.6
2024-08-10,lunch,Fischfilet,150.0g,255.0,22.1,9.9,19.1
2024-08-10,lunch,Mayonnaise light,20.0g,62.2,0.1,6.4,0.8
2024-08-10,lunch,"Salatgurke (mit Schale), frisch",220.0g,30.8,1.3,0.4,4.0
2024-08-10,dinner,Mais,100.0g,71.0,2.5,1.2,11.0
2024-08-10,snack,Nuts Royal,80.0g,516.8,16.3,46.4,5.1
2024-08-11,lunch,Linsendahl,1.0 Portion(en),3107.0,171.2,120.2,300.2
2024-08-11,snack,Isoclear,10.0g,34.5,8.0,0.0,0.2
2024-08-11,breakfast,Bauernbrot,186.0g,398.0,13.6,2.0,74.4
2024-08-11,breakfast,Crunchy Cream,51.0g,279.0,1.9,16.5,30.3
2024-08-11,lunch,Quarkbrötchen mit Dinkel,200.0g,448.0,27.4,3.6,74.2
2024-08-11,dinner,Nuts Royal,80.0g,516.8,16.3,46.4,5.1
2024-08-11,dinner,grand padano,50.0g,199.0,16.5,14.5,0.0
2024-08-11,dinner,Dinkelnudeln,150.0g,537.0,18.0,2.7,108.0
2024-08-11,dinner,"Thunfisch (in Wasser), Konserve",70.0g,70.0,16.0,0.3,0.6
2024-08-12,lunch,Cocktailsauce,1.0 Portion(en),268.1,18.1,16.7,10.5
2024-08-12,lunch,Pouletknusper,1.0 Portion(en),753.8,78.9,17.9,63.9
2024-08-12,dinner,Cheeseburger,120.0g,304.8,15.6,12.0,31.2
2024-08-12,dinner,Chicken Nuggets 4 stk,100.0g,241.0,15.0,11.0,19.0
2024-08-12,breakfast,Bio Bürlibrot,142.0g,414.6,15.6,1.8,80.9
2024-08-12,breakfast,Crunchy Cream,10.0g,54.7,0.4,3.2,5.9
2024-08-12,breakfast,Nutella,15.0g,80.8,0.9,4.6,8.6
2024-08-12,breakfast,Peanut Butter,10.0g,60.0,2.5,4.7,1.6
2024-08-12,snack,Isoclear,50.0g,172.5,40.0,0.0,1.2
2024-08-12,dinner,Gruyere Vollkornbrötli,130.0g,362.7,14.3,22.1,26.0
2024-08-12,dinner,Protein  Yogurt Strawberry Blueberry,210.0g,283.5,18.5,17.9,17.9
2024-08-12,dinner,Thon Tonno,120.0g,398.4,9.7,25.2,32.4
2024-08-12,dinner,Focus water,500.0g,85.0,0.0,0.0,20.0
2024-08-13,lunch,Risotto mit Poulet,1.0 Portion(en),712.4,63.1,19.0,74.4
2024-08-13,breakfast,Bürlibrot,254.0g,652.8,30.5,2.5,121.9
2024-08-13,breakfast,Nutella,70.0g,377.3,4.4,21.6,40.2
2024-08-13,dinner,Magerquark,350.0g,217.0,38.5,0.7,14.0
2024-08-13,dinner,Chicken and Rice Cajun Style (Spicy),500.0g,560.0,25.5,14.0,70.0
2024-08-13,dinner,Mozzarella,125.0g,305.0,23.8,22.5,1.9
2024-08-14,breakfast,Nutella,53.0g,285.7,3.3,16.4,30.5
2024-08-14,lunch,"Kartoffeln (ohne Schale), gekocht",125.0g,112.5,2.5,0.0,23.6
2024-08-14,lunch,"Spaghetti, gekocht",250.0g,357.5,12.5,1.2,70.2
2024-08-14,lunch,Bolognese Sauce,150.0g,118.5,10.3,7.7,5.0
2024-08-14,lunch,Alpstein Bergkäse,40.0g,151.2,10.8,12.0,0.0
2024-08-14,breakfast,Malzkornbrot,160.0g,384.0,17.6,8.0,54.4
2024-08-14,breakfast,Bürlibrot,161.0g,413.8,19.3,1.6,77.3
2024-08-14,dinner,Trutenbrust hauchdünn,150.0g,142.5,31.5,1.5,0.8
2024-08-14,dinner,"Vollkornnudeln, roh",150.0g,484.5,19.5,3.8,91.5
2024-08-14,dinner,"Garnelen, gar",80.0g,73.6,14.0,1.4,0.9
2024-08-14,snack,Alpstein Bergkäse,33.0g,124.7,8.9,9.9,0.0
2024-08-15,breakfast,Bürlibrot,87.0g,223.6,10.4,0.9,41.8
2024-08-15,breakfast,Nutella,10.0g,53.9,0.6,3.1,5.8
2024-08-15,breakfast,Nutella,26.0g,140.1,1.6,8.0,14.9
2024-08-15,dinner,Magerquark,500.0g,310.0,55.0,1.0,20.0
2024-08-15,breakfast,Jumbo Laugengipfel,90.0g,288.0,5.4,14.4,32.4
2024-08-15,breakfast,High Protein Drink,350.0g,217.0,35.0,1.8,17.2
2024-08-15,lunch,Curly Fries,181.5g,475.5,6.2,23.6,56.3
2024-08-15,lunch,Cocktail Dip,25.0g,137.8,0.4,14.0,1.8
2024-08-15,lunch,Sauce creamy deluxe,25.0g,80.5,0.2,8.5,0.8
2024-08-15,lunch,20 chicken nuggets,280.0g,686.0,39.2,36.4,50.4
2024-08-16,breakfast,Overnight Oats,1.0 Portion(en),637.5,56.4,19.9,54.2
2024-08-16,snack,Crispy Cookie,55.0g,210.7,20.4,8.2,2.8
2024-08-16,snack,Chateau Schokomilchriegel,18.2g,105.0,1.4,7.0,9.0
2024-08-16,dinner,Rauchlachs,60.0g,115.8,13.8,6.6,0.3
2024-08-16,dinner,Laugenbrötli mit Thon,330.0g,831.6,46.2,39.6,72.6
2024-08-16,lunch,Dinkel Penne,100.0g,357.0,12.0,1.7,72.0
2024-08-16,lunch,Pouletbrust,291.0g,267.7,58.2,2.9,1.7
2024-08-16,lunch,Tomate-Basilikum,38.0g,164.2,4.9,4.6,24.7
2024-08-17,breakfast,Overnight Oats,1.0 Portion(en),637.5,56.4,19.9,54.2
2024-08-17,breakfast,Tomate-Basilikum,38.0g,164.2,4.9,4.6,24.7
2024-08-17,snack,Jus multifruit,200.0g,94.0,0.4,0.0,20.0
2024-08-17,lunch,Fackelspiess Gefüllt,67.0g,188.3,10.7,13.7,1.2
2024-08-17,lunch,"Kartoffeln (mit Schale), gekocht",400.0g,296.0,8.0,0.4,59.2
2024-08-17,lunch,Mayonnaise light,50.0g,155.5,0.3,16.0,1.9
2024-08-17,lunch,Schweinsnierstück plätzli,150.0g,244.5,34.0,4.5,0.1
2024-08-17,dinner,Urdinkelbrot,115.0g,289.8,12.7,3.8,48.3
2024-08-17,dinner,Trutenbrust hauchdünn,60.0g,57.0,12.6,0.6,0.3
2024-08-17,dinner,Nutella,10.0g,53.9,0.6,3.1,5.8
2024-08-17,dinner,Appenzeller Fondue,100.0g,249.0,15.0,17.0,2.7
2024-08-18,breakfast,Overnight Oats,1.0 Portion(en),637.5,56.4,19.9,54.2
2024-08-18,lunch,Poulet mit Spinat,1.0 Portion(en),2422.8,281.4,112.0,57.1
2024-08-18,breakfast,Sternenberger rezent,85.0g,343.4,24.6,27.2,0.1
2024-08-18,breakfast,Butterzopf,37.0g,113.2,3.3,2.6,18.9
2024-08-18,snack,Gruyère,38.0g,173.0,6.0,6.0,23.0
2024-08-18,lunch,"Dinkelnudeln, gekocht",250.0g,320.0,11.5,2.8,60.0
2024-08-18,dinner,Sternenberger rezent,50.0g,202.0,14.5,16.0,0.1
2024-08-18,dinner,"Karotten (Möhren), frisch",265.0g,103.3,2.1,0.5,18.0
2024-08-18,dinner,Butterzopf,60.0g,183.6,5.4,4.2,30.6
2024-08-18,dinner,Honig,20.0g,61.2,0.1,0.0,15.0
2024-08-18,dinner,Butter,10.0g,74.1,0.1,8.3,0.1
2024-08-19,breakfast,Overnight Oats,1.0 Portion(en),637.5,56.4,19.9,54.2
2024-08-19,lunch,Poulet mit Spinat,1.0 Portion(en),2422.8,281.4,112.0,57.1
2024-08-19,snack,Hefe nussgipfel,100.0g,389.0,8.7,17.0,48.0
2024-08-19,dinner,Kebab de Poulet,425.0g,739.5,51.0,27.6,68.0
2024-08-19,dinner,Protein Yogurt - Mango & Pecan,210.0g,281.4,14.1,10.1,31.5
2024-08-19,dinner,"Karotten (Möhren), frisch",420.0g,163.8,3.4,0.8,28.6
2024-08-19,lunch,"Erdbeeren, frisch",110.0g,39.6,0.9,0.4,6.0
2024-08-19,lunch,"Dinkelnudeln, gekocht",250.0g,320.0,11.5,2.8,60.0
2024-08-20,lunch,Poulet mit Spinat,1.0 Portion(en),2422.8,281.4,112.0,57.1
2024-08-20,dinner,High Protein Cheescake,1.0 Portion(en),545.8,34.7,29.4,33.2
2024-08-20,breakfast,XlL Toast,184.0g,509.7,17.1,15.6,69.9
2024-08-20,breakfast,Nutella,32.0g,172.5,2.0,9.9,18.4
2024-08-20,breakfast,Honig,20.0g,61.2,0.1,0.0,15.0
2024-08-20,dinner,Thai Chicken fried Rice,507.0g,704.7,28.9,14.7,111.5
2024-08-20,dinner,"Karotten (Möhren), frisch",200.0g,78.0,1.6,0.4,13.6
2024-08-20,lunch,"Dinkelnudeln, gekocht",250.0g,320.0,11.5,2.8,60.0
2024-08-20,dinner,Magerquark,200.0g,126.0,20.0,1.0,8.0
2024-08-21,breakfast,High Protein Cheescake,1.0 Portion(en),545.8,34.7,29.4,33.2
2024-08-21,breakfast,Ciabatta Poulet döner,180.0g,385.2,16.4,10.6,54.0
2024-08-21,breakfast,Pouletaufschnitt,100.0g,107.0,21.0,2.0,1.0
2024-08-21,lunch,Filets de poulet,300.0g,306.0,70.8,2.1,0.0
2024-08-21,lunch,Rindfleischburger,135.0g,328.1,24.3,25.6,0.0
2024-08-21,lunch,Currysoße mit frischen Paprika,150.0g,66.0,1.5,1.9,10.1
2024-08-21,lunch,"Nudeln, gekocht (aus Hartweizengrieß)",200.0g,286.0,10.0,1.0,56.2
2024-08-21,snack,Nestea Energy Passion Fruit Flavour,330.0g,52.8,0.0,0.0,11.9
2024-08-21,dinner,"Karotten (Möhren), frisch",135.0g,52.6,1.1,0.3,9.2
2024-08-21,dinner,Mini Paprika,75.0g,326.2,9.0,11.2,45.0
2024-08-22,lunch,Tomatensauce ,1.0 Portion(en),1949.1,31.9,142.6,119.7
2024-08-22,breakfast,Magerquark,500.0g,315.0,50.0,2.5,20.0
2024-08-22,breakfast,Mini Paprika,55.0g,239.2,6.6,8.2,33.0
2024-08-22,lunch,Pouletfilet-Geschnetzeltes,250.0g,257.5,55.0,4.2,0.0
2024-08-22,lunch,Dinkel Penne,90.0g,321.3,10.8,1.5,64.8
2024-08-22,dinner,Gallusbrot Aldi,90.0g,207.9,8.1,0.9,40.5
2024-08-22,dinner,Poulet,150.0g,181.5,33.0,4.2,2.7
2024-08-22,snack,Müsli Riegel Schoko,75.0g,328.5,6.5,12.8,45.0
2024-08-22,dinner,Snacky stars,125.0g,638.8,4.5,36.2,73.8
2024-08-23,lunch,Cocktailsauce,1.0 Portion(en),268.1,18.1,16.7,10.5
2024-08-23,lunch,Pouletknusper,1.0 Portion(en),753.8,78.9,17.9,63.9
2024-08-23,breakfast,Bauernbrot,60.0g,128.4,4.4,0.7,24.0
2024-08-23,breakfast,Nutella,26.0g,140.1,1.6,8.0,14.9
2024-08-23,breakfast,Crispy Cookie,55.0g,210.7,20.4,8.2,2.8
2024-08-23,dinner,Silserli mit Schinken,135.0g,364.5,13.5,16.2,37.8
2024-08-23,snack,Gruyère,76.0g,346.0,12.0,12.0,46.0
2024-08-23,lunch,Mayonnaise light,30.0g,93.3,0.2,9.6,1.2
2024-08-23,lunch,Magerquark,75.0g,47.2,7.5,0.4,3.0
2024-08-23,breakfast,Magerquark,425.0g,267.8,42.5,2.1,17.0
2024-08-23,lunch,Mustard,10.0g,10.0,0.6,0.6,0.3
2024-08-23,lunch,Tomato Ketchup 50%,20.0g,12.8,0.3,0.0,2.4
2024-08-23,dinner,Pouletaufschnitt,77.0g,82.4,16.2,1.5,0.8
2024-08-24,dinner,"Kuhmilch (Vollmilch) 3,5% Fett",224.0g,145.6,7.6,8.1,10.5
2024-08-24,dinner,Himbeeren,316.0g,94.8,4.4,0.0,14.2
2024-08-24,breakfast,Bürlibrot,162.0g,416.3,19.4,1.6,77.8
2024-08-24,breakfast,Pouletbrust ,210.0g,210.0,46.2,1.7,2.5
2024-08-24,breakfast,Peanut Butter,18.0g,108.0,4.4,8.4,2.9
2024-08-24,lunch,"Nudeln, gekocht (aus Hartweizengrieß)",250.0g,357.5,12.5,1.2,70.2
2024-08-24,lunch,grand padano,25.0g,99.5,8.2,7.2,0.0
2024-08-24,lunch,pilzsauce,100.0g,97.0,1.5,7.0,8.0
2024-08-24,lunch,High Protein Quarkriegel,40.0g,124.0,8.8,7.6,6.4
2024-08-24,breakfast,Butterzopf,60.0g,183.6,5.4,4.2,30.6
2024-08-24,snack,Pizza Prosciutto,200.0g,410.0,24.0,10.0,54.0
2024-08-24,dinner,Dürüm,400.0g,700.0,48.0,32.0,72.0
2024-08-24,dinner,Coca Cola (Coke),330.0g,138.6,0.0,0.0,35.0
2024-08-24,dinner,Snacketti Paprika Shells,100.0g,445.0,5.0,17.0,67.0
2024-08-25,lunch,High Protein Cheescake low carb,1.0 Portion(en),368.6,35.7,16.7,15.9
2024-08-25,snack,High Protein Cheescake low carb,1.0 Portion(en),368.6,35.7,16.7,15.9
2024-08-25,breakfast,Butterzopf,90.0g,275.4,8.1,6.3,45.9
2024-08-25,breakfast,Pouletbrust ,72.0g,72.0,15.8,0.6,0.9
2024-08-25,breakfast,Magerquark,370.0g,233.1,37.0,1.9,14.8
2024-08-25,dinner,Malzkornbrot,123.0g,274.3,8.6,1.2,54.1
2024-08-25,dinner,Bio Senner Extra,80.0g,304.0,22.4,25.6,0.4
2024-08-25,lunch,jus multivitamines,200.0g,110.0,1.2,1.0,26.0
2024-08-25,lunch,Coop Country Cheese,38.0g,166.8,6.5,5.7,21.3
2024-08-25,lunch,Mandeln gestiftet,40.0g,246.4,8.4,21.2,5.6
2024-08-26,lunch,Risotto mit Poulet,1.0 Portion(en),712.4,63.1,19.0,74.4
2024-08-26,breakfast,Overnight Oats,1.0 Portion(en),637.5,56.4,19.9,54.2
2024-08-26,snack,High Protein Cheescake low carb,1.0 Portion(en),368.6,35.7,16.7,15.9
2024-08-26,lunch,Halbrahm,41.0g,105.8,1.1,10.7,1.4
2024-08-26,breakfast,jus multivitamines,200.0g,110.0,1.2,1.0,26.0
2024-08-26,lunch,Gesunder cheesecake,120.0g,252.8,12.0,3.6,21.6
2024-08-26,dinner,Filet de Poulet à la Sauce Béarnaise,470.0g,695.6,28.7,27.3,79.9
2024-08-26,snack,Annanas Erdbeeren ,120.0g,56.4,0.6,0.4,11.4
2024-08-27,dinner,Salatsauce Hüttenkäse,1.0 Portion(en),410.4,26.4,28.0,12.8
2024-08-27,dinner,High Protein Cheescake low carb,1.0 Portion(en),368.6,35.7,16.7,15.9
2024-08-27,breakfast,Overnight Oats,1.0 Portion(en),637.5,56.4,19.9,54.2
2024-08-27,snack,jumpys,60.0g,294.6,3.1,14.4,36.6
2024-08-27,dinner,"Karotten (Möhren), frisch",400.0g,156.0,3.2,0.8,27.2
2024-08-27,dinner,"Weißkohl, frisch",150.0g,45.0,2.1,0.3,6.3
2024-08-27,lunch,Kichererbsencurry,450.0g,634.5,19.4,18.4,94.5
2024-08-27,lunch,"Dinkelnudeln, gekocht",200.0g,256.0,9.2,2.2,48.0
2024-08-27,dinner,Coop Country Cheese,38.0g,166.8,6.5,5.7,21.3
2024-08-27,dinner,Bürlibrot,100.0g,257.0,12.0,1.0,48.0
2024-08-28,breakfast,Overnight Oats,1.0 Portion(en),637.5,56.4,19.9,54.2
2024-08-28,lunch,Million Dollar Spaghetti ,1.0 Portion(en),632.7,42.2,22.4,62.3
2024-08-28,dinner,High Protein Cheescake low carb,1.0 Portion(en),368.6,35.7,16.7,15.9
2024-08-28,snack,Crispy Cookie,55.0g,210.7,20.4,8.2,2.8
2024-08-28,dinner,"Kartoffeln (ohne Schale), gekocht",400.0g,360.0,8.0,0.0,75.6
2024-08-29,breakfast,Overnight Oats,1.0 Portion(en),637.5,56.4,19.9,54.2
2024-08-29,lunch,Holzofen Bürli,120.0g,315.6,11.9,1.4,61.2
2024-08-29,lunch,Poulet,150.0g,181.5,33.0,4.2,2.7
2024-08-29,snack,Milsani 35 High Protein Drink Peanut Choc Flavour,350.0g,227.5,35.0,1.8,17.2
2024-08-29,lunch,Poulet ciabatta,250.0g,535.0,27.5,22.5,50.0
2024-08-29,dinner,Coconut Passion,500.0g,95.0,0.0,0.0,22.0
2024-08-29,dinner,Sandwich Poulet Tartar,305.5g,809.6,24.1,42.8,79.4
2024-08-30,breakfast,Sandwich Poulet Tartar,235.0g,622.8,18.6,32.9,61.1
2024-08-30,breakfast,Coop Country Cheese,76.0g,333.6,12.9,11.4,42.6
2024-08-30,breakfast,Big Buttergipfeli,90.0g,341.1,8.1,17.1,38.7
2024-08-30,breakfast,Crispy Cookie,55.0g,210.7,20.4,8.2,2.8
2024-08-30,lunch,Kichererbsencurry,450.0g,634.5,19.4,18.4,94.5
2024-08-30,lunch,"Dinkelnudeln, gekocht",200.0g,256.0,9.2,2.2,48.0
2024-08-30,dinner,Pouletfilet-Geschnetzeltes,350.0g,360.5,77.0,6.0,0.0
2024-08-30,dinner,High Protein Milk Drink,200.0g,78.0,14.0,0.2,5.0
2024-08-31,breakfast,Overnight Oats,1.0 Portion(en),637.5,56.4,19.9,54.2
2024-08-31,snack,Pouletfilet-Geschnetzeltes,350.0g,360.5,77.0,6.0,0.0
2024-08-31,lunch,Burebrot,135.0g,272.7,8.6,1.6,55.1
2024-08-31,lunch,Mayonnaise light,20.0g,62.2,0.1,6.4,0.8
2024-08-31,lunch,Tomato Ketchup 50%,10.0g,6.4,0.1,0.0,1.2
2024-08-31,lunch,Mozzarella fettreduziert,125.0g,367.5,22.5,23.8,1.9
2024-08-31,dinner,Schweizer Militärbiscuit,50.0g,225.5,3.6,7.0,36.5
2024-08-31,dinner,Militärschokolade,50.0g,258.0,4.0,13.5,29.0
2024-09-01,breakfast,Overnight Oats,1.0 Portion(en),637.5,56.4,19.9,54.2
2024-09-01,breakfast,jus multivitamines,200.0g,110.0,1.2,1.0,26.0
2024-09-01,lunch,Käsespätzle,300.0g,372.0,13.2,16.2,40.5
2024-09-01,lunch,Juppie Rinder Rahmgeschnetzeltes,200.0g,166.0,20.8,6.2,5.4
2024-09-01,lunch,Zapfenkroketten,60.0g,107.4,1.4,4.5,14.4
2024-09-01,snack,Mozzarella fettreduziert,125.0g,367.5,22.5,23.8,1.9
2024-09-01,dinner,Protein Waffle - double Choc,50.0g,213.5,11.0,12.0,6.5
2024-09-01,dinner,Burger Patty,150.0g,210.0,33.0,7.5,0.0
2024-09-01,dinner,Butterzopf,120.0g,367.2,10.8,8.4,61.2
2024-09-02,breakfast,Overnight Oats,1.0 Portion(en),637.5,56.4,19.9,54.2
2024-09-02,lunch,Käsespätzle,150.0g,186.0,6.6,8.1,20.2
2024-09-02,dinner,Naturreis mit Quinoa,100.0g,160.0,4.3,2.3,29.0
2024-09-02,dinner,Pangasius Filet,150.0g,121.5,25.5,2.7,0.0
2024-09-02,snack,Gipfeli,75.0g,196.5,0.0,10.2,20.5
2024-09-02,lunch,Juppie Rinder Rahmgeschnetzeltes,200.0g,166.0,20.8,6.2,5.4
2024-09-02,lunch,Rahmsauce,50.0g,189.5,0.6,18.5,5.5
2024-09-02,lunch,Zapfenkroketten,200.0g,358.0,4.6,15.0,48.0
2024-09-02,dinner,Mozzarella fettreduziert,125.0g,367.5,22.5,23.8,1.9
2024-09-02,dinner,Darvida gruyere,38.0g,168.0,5.7,6.1,20.9
2024-09-03,breakfast,Overnight Oats,1.0 Portion(en),637.5,56.4,19.9,54.2
2024-09-03,lunch,Kartoffelstock ,400.0g,412.0,8.4,20.8,47.2
2024-09-03,lunch,Bratensauce ,100.0g,52.0,1.1,0.1,5.2
2024-09-03,dinner,Chicken-Parmesan Wrap,210.0g,497.7,21.8,18.3,44.9
2024-09-03,lunch,Putenfleisch,135.0g,136.3,31.1,1.4,0.0
2024-09-03,dinner,DARVIDA mini Paprika,45.0g,192.2,5.0,6.8,25.2
2024-09-03,dinner,Pouletsandwich,300.0g,810.0,33.0,42.0,75.0
2024-09-03,snack,High Protein Milk Drink,390.0g,152.1,27.3,0.4,9.8
2024-09-04,lunch,Reis mit Quinoa,1.0 Portion(en),5127.0,136.0,37.8,1035.5
2024-09-04,lunch,Fisch,1.0 Portion(en),1078.0,158.4,46.2,7.6
2024-09-04,breakfast,Pouletaufschnitt,150.0g,160.5,31.5,3.0,1.5
2024-09-04,snack,Vaya Bean Waffles,17.0g,65.6,2.7,0.5,12.1
2024-09-04,breakfast,White chocolate almond ,55.0g,200.2,19.8,8.2,15.9
2024-09-04,snack,Vaya Roots - Salt & Balsamico Snack,40.0g,170.0,3.1,4.4,27.6
2024-09-04,dinner,Mozzarella fettreduziert,125.0g,367.5,22.5,23.8,1.9
2024-09-04,dinner,Quark Traum der leichte Erdbeere,226.0g,183.1,16.7,0.5,27.6
2024-09-05,breakfast,Overnight Oats,1.0 Portion(en),637.5,56.4,19.9,54.2
2024-09-05,lunch,Fisch,1.0 Portion(en),1078.0,158.4,46.2,7.6
2024-09-05,snack,Crispy Cookie,55.0g,210.7,20.4,8.2,2.8
2024-09-05,dinner,Darvida gruyere,38.0g,168.0,5.7,6.1,20.9
2024-09-05,dinner,Pouletaufschnitt,75.0g,80.2,15.8,1.5,0.8
2024-09-05,lunch,"Spaghetti, gekocht",250.0g,357.5,12.5,1.2,70.2
2024-09-05,lunch,Le Gruyère Switzerland ,50.0g,198.0,13.5,16.0,0.1
2024-09-06,breakfast,Overnight Oats,1.0 Portion(en),637.5,56.4,19.9,54.2
2024-09-06,lunch,"Nudeln, gekocht (aus Hartweizengrieß)",200.0g,286.0,10.0,1.0,56.2
2024-09-06,lunch,"Rahmschnitzel (Sahneschnitzel), mit Soße",250.0g,347.5,32.5,20.0,6.2
2024-09-06,lunch,Flädlesuppe ,250.0g,47.5,2.8,0.5,7.8
2024-09-06,lunch,Nutella,11.0g,59.3,0.7,3.4,6.3
2024-09-06,lunch,Peanut Butter,11.0g,66.0,2.7,5.1,1.8
2024-09-06,dinner,UrDinkelbrot,200.0g,464.0,19.4,2.2,88.0
2024-09-06,dinner,Pouletaufschnitt,75.0g,80.2,15.8,1.5,0.8
2024-09-06,snack,High Protein Drink Himbeere,500.0g,250.0,36.0,2.5,25.5
2024-09-06,dinner,Paprika Chips; M Classic,100.0g,526.0,5.0,32.0,53.0
2024-09-07,dinner,Overnight Oats,1.0 Portion(en),637.5,56.4,19.9,54.2
2024-09-07,breakfast,Paprika Chips; M Classic,100.0g,526.0,5.0,32.0,53.0
2024-09-07,breakfast,Pouletaufschnitt,150.0g,160.5,31.5,3.0,1.5
2024-09-07,snack,Le Gruyère Switzerland ,50.0g,198.0,13.5,16.0,0.1
2024-09-07,lunch,Spaghetti Bolognese,300.0g,429.0,18.6,10.5,62.4
2024-09-07,dinner,Chicken Fried Rice FelFel,450.0g,634.5,32.4,31.9,54.0
2024-09-07,dinner,Dar Vida Gruyère,46.0g,203.3,6.9,7.4,25.3
2024-09-07,dinner,Isoclear,30.0g,103.5,24.0,0.0,0.8
2024-09-08,dinner,Pouletbrust + Nudeln,1.0 Portion(en),804.8,71.3,28.3,63.5
2024-09-08,breakfast,Butterzopf,180.0g,550.8,16.2,12.6,91.8
2024-09-08,breakfast,Pouletaufschnitt,150.0g,160.5,31.5,3.0,1.5
2024-09-08,lunch,"Nudeln, gekocht (aus Hartweizengrieß)",400.0g,572.0,20.0,2.0,112.4
2024-09-08,snack,Narosan Tropic,25.0g,8.0,0.1,0.0,1.8
2024-09-08,dinner,Mozzarella fettreduziert,125.0g,367.5,22.5,23.8,1.9
2024-09-09,lunch,Pouletbrust + Nudeln,1.0 Portion(en),804.8,71.3,28.3,63.5
2024-09-09,breakfast,Pouletaufschnitt,150.0g,160.5,31.5,3.0,1.5
2024-09-09,breakfast,Butterzopf,165.0g,504.9,14.8,11.6,84.2
2024-09-09,snack,Nutella,15.0g,80.8,0.9,4.6,8.6
2024-09-09,snack,Bauernbrot,100.0g,214.0,7.3,1.1,40.0
2024-09-09,dinner,Coop Country Cheese,38.0g,166.8,6.5,5.7,21.3
2024-09-09,dinner,Dar Vida Gruyère,46.0g,203.3,6.9,7.4,25.3
2024-09-09,dinner,Säntis bergkäse,40.0g,149.2,11.2,11.6,0.0
2024-09-10,breakfast,"Himbeeren, frisch",100.0g,43.0,1.3,0.3,4.8
2024-09-10,breakfast,Magerquark,500.0g,315.0,50.0,2.5,20.0
2024-09-10,breakfast,BIO Reiswaffeln Joghurt,17.0g,85.7,1.2,4.1,10.9
2024-09-10,breakfast,Reis-Waffeln (Milchschokolade),16.7g,81.5,1.1,3.7,10.9
2024-09-10,lunch,Kichererbsencurry,450.0g,634.5,19.4,18.4,94.5
2024-09-10,lunch,"Dinkelnudeln, gekocht",200.0g,256.0,9.2,2.2,48.0
2024-09-10,dinner,Döner Kebab,360.0g,626.4,37.8,17.6,74.9
2024-09-10,breakfast,Whey Protein Coconut,30.0g,115.5,23.1,1.5,2.2
2024-09-10,snack,Smoked Salmon,240.0g,436.8,13.2,15.1,57.6
2024-09-11,lunch,Senftomatensosse,1.0 Portion(en),933.8,44.6,58.3,54.1
2024-09-11,dinner,Senftomatensosse,1.0 Portion(en),933.8,44.6,58.3,54.1
2024-09-11,breakfast,paprika,60.0g,300.0,2.3,16.2,36.0
2024-09-11,lunch,"Blumenkohl, gekocht",300.0g,72.0,6.0,0.9,6.0
2024-09-11,lunch,"Brokkoli (Broccoli), gekocht",150.0g,40.5,4.2,0.3,3.0
2024-09-11,lunch,Pouletfilet-Geschnetzeltes,215.0g,221.4,47.3,3.7,0.0
2024-09-11,lunch,Jasminreis,100.0g,350.0,6.8,0.5,80.0
2024-09-11,breakfast,Crispy Cookie,55.0g,210.7,20.4,8.2,2.8
2024-09-11,snack,Coconut Passion,500.0g,95.0,0.0,0.0,22.0
2024-09-11,snack,Crispy Cookie,55.0g,210.7,20.4,8.2,2.8
2024-09-11,breakfast,Brezel (Laugenbrezel),68.0g,208.8,6.2,2.8,37.9
2024-09-11,dinner,Pouletfilet-Geschnetzeltes,190.0g,195.7,41.8,3.2,0.0
2024-09-11,dinner,Jasminreis,35.0g,122.5,2.4,0.2,28.0
2024-09-12,breakfast,Senftomatensosse,1.0 Portion(en),933.8,44.6,58.3,54.1
2024-09-12,dinner,Mini Calzone mit Schinken,240.0g,506.4,26.4,9.6,74.4
2024-09-12,snack,DarVida Nature,41.7g,168.9,5.0,4.6,24.6
2024-09-12,lunch,Bauernbrot,120.0g,256.8,8.8,1.3,48.0
2024-09-12,lunch,Milchdrink uht,115.0g,52.9,3.7,1.7,5.6
2024-09-12,lunch,Kartoffelstock ,400.0g,412.0,8.4,20.8,47.2
2024-09-12,lunch,Pouletfilet-Geschnetzeltes,250.0g,257.5,55.0,4.2,0.0
2024-09-12,lunch,Saurer Halbrahm,100.0g,161.0,2.8,15.0,3.8
2024-09-12,breakfast,Pouletaufschnitt,150.0g,160.5,31.5,3.0,1.5
2024-09-13,lunch,Senftomatensosse,1.0 Portion(en),933.8,44.6,58.3,54.1
2024-09-13,breakfast,Bauernbrot,120.0g,256.8,8.8,1.3,48.0
2024-09-13,breakfast,Pouletaufschnitt,150.0g,160.5,31.5,3.0,1.5
2024-09-13,lunch,Focus water,500.0g,85.0,0.0,0.0,20.0
2024-09-13,lunch,Jasminreis,50.0g,175.0,3.4,0.2,40.0
2024-09-13,lunch,Butter Chicken Delhi Style,500.0g,675.0,34.0,29.5,65.0
2024-09-14,breakfast,Haferflocken,120.0g,447.6,15.8,8.0,71.4
2024-09-14,breakfast,Peanut Butter,30.0g,180.0,7.4,14.0,4.8
2024-09-14,breakfast,"Banane (ohne Schale), frisch",150.0g,139.5,1.6,0.3,30.0
2024-09-14,breakfast,Milchdrink 2.5%,300.0g,165.0,9.6,7.8,14.7
2024-09-15,breakfast,Butterzopf,160.0g,489.6,14.4,11.2,81.6
2024-09-15,breakfast,Poulet,150.0g,181.5,33.0,4.2,2.7
2024-09-15,snack,Dar Vida Gruyère,46.0g,203.3,6.9,7.4,25.3
2024-09-15,lunch,Pombär Paprika,80.0g,400.0,3.0,20.8,48.8
2024-09-15,dinner,Poulet Schenkel gewürzt,300.0g,480.0,51.0,30.0,1.5
2024-09-15,dinner,Butterzopf,90.0g,275.4,8.1,6.3,45.9
2024-09-15,dinner,Kids Crunch,50.0g,205.0,5.5,4.7,32.5
2024-09-15,dinner,Milch,100.0g,46.0,3.2,1.5,4.9
2024-09-16,snack,Mozzarella fettreduziert,125.0g,367.5,22.5,23.8,1.9
2024-09-16,lunch,Polenta,250.0g,225.0,5.0,1.2,50.0
2024-09-16,lunch,"Trutenfleisch, gewürzt",100.0g,105.0,21.0,2.0,1.0
2024-09-16,dinner,"Kartoffeln (ohne Schale), gekocht",650.0g,585.0,13.0,0.0,122.8
2024-09-16,dinner,"Lachs, gebraten",150.0g,297.0,33.6,18.3,0.0
2024-09-16,breakfast,Poulet,150.0g,181.5,33.0,4.2,2.7
2024-09-16,breakfast,Butterzopf,120.0g,367.2,10.8,8.4,61.2
2024-09-17,breakfast,Weggli,120.0g,384.0,12.0,10.6,58.8
2024-09-17,breakfast,Peanut Butter,11.0g,66.0,2.7,5.1,1.8
2024-09-17,breakfast,Sandwich Poulet Tartar,150.0g,397.5,11.8,21.0,39.0
2024-09-17,breakfast,Nutella,10.0g,53.9,0.6,3.1,5.8
2024-09-17,dinner,Butterzopf,70.0g,214.2,6.3,4.9,35.7
2024-09-17,dinner,Bio Senner Extra,50.0g,190.0,14.0,16.0,0.2
2024-09-17,dinner,Dar Vida Gruyère,46.0g,203.3,6.9,7.4,25.3
2024-09-17,dinner,Poulet,150.0g,181.5,33.0,4.2,2.7
2024-09-17,dinner,"Lachs, geräuchert (Räucherlachs)",50.0g,95.0,10.5,5.9,0.0
2024-09-17,dinner,Magerquark,500.0g,310.0,55.0,1.0,20.0
2024-09-17,dinner,Jogurt birchermüesli,150.0g,162.0,5.2,6.8,22.5
2024-09-17,dinner,"Nudeln, gekocht (aus Hartweizengrieß)",500.0g,715.0,25.0,2.5,140.5
2024-09-18,lunch,Nudeln selfmade ,1.0 Portion(en),3496.8,142.5,27.4,647.2
2024-09-18,lunch,Sosse mit Frischkäse,1.0 Portion(en),773.0,37.2,49.6,42.6
2024-09-18,lunch,Kohlrabi + Karotten mit Sahnesauce,1.0 Portion(en),2385.0,56.6,187.1,104.8
2024-09-18,breakfast,Bauernbrot,120.0g,256.8,8.8,1.3,48.0
2024-09-18,breakfast,Nutella,16.0g,86.2,1.0,4.9,9.2
2024-09-18,breakfast,Peanut Butter,18.0g,108.0,4.4,8.4,2.9
2024-09-18,dinner,"Lachs, geräuchert (Räucherlachs)",60.0g,114.0,12.6,7.1,0.0
2024-09-18,lunch,"Shrimp (raw, shell on, easy peel",270.0g,178.2,40.5,1.9,0.0
2024-09-18,lunch,Grana Padano Da Emilio,20.0g,79.6,6.6,5.8,0.0
2024-09-18,snack,Crispy Cookie,55.0g,210.7,20.4,8.2,2.8
2024-09-18,snack,Coconut Passion,500.0g,95.0,0.0,0.0,22.0
2024-09-18,dinner,Dar Vida Gruyère,46.0g,203.3,6.9,7.4,25.3
2024-09-18,dinner,Bauernbrot,150.0g,321.0,10.9,1.6,60.0
2024-09-18,dinner,Hüttenkäse,200.0g,190.0,21.8,8.0,7.4
2024-09-18,dinner,Nutella,26.0g,140.1,1.6,8.0,14.9
2024-09-19,lunch,Kohlrabi + Karotten mit Sahnesauce,1.0 Portion(en),2385.0,56.6,187.1,104.8
2024-09-19,lunch,Nudeln selfmade ,1.0 Portion(en),3496.8,142.5,27.4,647.2
2024-09-19,lunch,Sosse mit Frischkäse,1.0 Portion(en),773.0,37.2,49.6,42.6
2024-09-19,breakfast,Bürlibrot,100.0g,257.0,12.0,1.0,48.0
2024-09-19,breakfast,Nutella,12.0g,64.7,0.8,3.7,6.9
2024-09-19,breakfast,Peanut Butter,10.0g,60.0,2.5,4.7,1.6
2024-09-19,breakfast,"Banane (ohne Schale), frisch",150.0g,139.5,1.6,0.3,30.0
2024-09-19,dinner,Sandwich Poulet Tartar,235.0g,622.8,18.6,32.9,61.1
2024-09-19,snack,Coconut Passion,500.0g,95.0,0.0,0.0,22.0
2024-09-19,lunch,"Shrimp (raw, shell on, easy peel",225.0g,148.5,33.8,1.6,0.0
2024-09-19,lunch,Grana Padano Da Emilio,30.0g,119.4,9.9,8.7,0.0
2024-09-19,dinner,Kids Crunch,50.0g,205.0,5.5,4.7,32.5
2024-09-19,dinner,Magerquark,250.0g,157.5,24.2,1.2,14.2
2024-09-20,lunch,Pouletbrust + Nudeln,1.0 Portion(en),804.8,71.3,28.3,63.5
2024-09-20,breakfast,Bürlibrot,110.0g,282.7,13.2,1.1,52.8
2024-09-20,breakfast,Nutella,12.0g,64.7,0.8,3.7,6.9
2024-09-20,breakfast,Peanut Butter,18.0g,108.0,4.4,8.4,2.9
2024-09-20,lunch,Crispy Cookie,55.0g,210.7,20.4,8.2,2.8
2024-09-20,snack,Coconut Passion,500.0g,95.0,0.0,0.0,22.0
2024-09-20,dinner,Proteinpizza,400.0g,2532.0,248.0,56.0,240.0
2024-09-20,dinner,Magerquark,250.0g,157.5,24.2,1.2,14.2
2024-09-21,lunch,Fajitas Sauce,1.0 Portion(en),1602.0,258.1,52.8,31.0
2024-09-21,breakfast,Butterzopf,55.0g,168.3,5.0,3.9,28.1
2024-09-21,breakfast,Nutella,10.0g,53.9,0.6,3.1,5.8
2024-09-21,breakfast,Peanut Butter,11.0g,66.0,2.7,5.1,1.8
2024-09-21,breakfast,Dar Vida Gruyère,46.0g,203.3,6.9,7.4,25.3
2024-09-21,lunch,Dürüm ,140.0g,483.0,13.6,12.3,77.1
2024-09-21,lunch,Mozzarella,75.0g,183.0,14.2,13.5,1.1
2024-09-21,lunch,Mayonnaise light,30.0g,93.3,0.2,9.6,1.2
2024-09-22,breakfast,Urdinkelbrot,180.0g,453.6,19.8,5.9,75.6
2024-09-22,breakfast,Peanut Butter,35.0g,210.0,8.6,16.3,5.6
2024-09-22,breakfast,Nutella,25.0g,134.8,1.6,7.7,14.4
2024-09-22,breakfast,Butterzopf,65.0g,198.9,5.8,4.5,33.1
2024-09-22,breakfast,Hummus,120.0g,212.4,5.9,10.3,24.1
2024-09-22,breakfast,Linzertorte,120.0g,565.2,9.0,36.0,51.6
2024-09-22,lunch,Banana,150.0g,133.5,1.6,0.5,34.2
2024-09-22,dinner,Mozzarella,300.0g,732.0,57.0,54.0,4.5
2024-09-22,snack,Dar Vida Gruyère,46.0g,203.3,6.9,7.4,25.3
2024-09-22,snack,Butterzopf,140.0g,428.4,12.6,9.8,71.4
2024-09-22,dinner,Magerquark,150.0g,94.5,14.6,0.8,8.6
2024-09-22,dinner,Sucorine Xylit,10.0g,24.0,0.0,0.0,0.0
2024-09-22,dinner,Joghurt Mocca,200.0g,192.0,7.2,6.2,27.0
2024-09-22,dinner,Hafernüssli Pops,40.0g,158.8,6.0,2.8,25.6
2024-09-23,breakfast,magerquark M- Budget,500.0g,315.0,48.5,2.5,28.5
2024-09-23,breakfast,Linzertorte,50.0g,235.5,3.8,15.0,21.5
2024-09-23,lunch,Kichererbsencurry,450.0g,634.5,19.4,18.4,94.5
2024-09-23,lunch,"Dinkelnudeln, gekocht",200.0g,256.0,9.2,2.2,48.0
2024-09-23,dinner,Homemade Beef Goulash with Spätzle,480.0g,633.6,34.6,27.8,62.4
2024-09-23,lunch,"Rindergulasch, roh",100.0g,152.0,20.0,8.1,0.0
2024-09-23,dinner,Dar Vida Gruyère,46.0g,203.3,6.9,7.4,25.3
2024-09-24,breakfast,Nutella,18.0g,97.0,1.1,5.6,10.3
2024-09-24,breakfast,Peanut Butter,27.0g,162.0,6.6,12.6,4.3
2024-09-24,breakfast,Malzkornbrot,160.0g,356.8,11.2,1.6,70.4
2024-09-24,lunch,Pouletbrust ,315.0g,315.0,69.3,2.5,3.8
2024-09-24,lunch,"Nudeln, gekocht (aus Hartweizengrieß)",350.0g,500.5,17.5,1.8,98.3
2024-09-24,dinner,Homemade Beef Goulash with Spätzle,480.0g,633.6,34.6,27.8,62.4
2024-09-24,dinner,"Rindergulasch, gekocht",160.0g,614.4,85.1,17.8,25.6
2024-09-24,snack,Apero tete de moine AOP,52.0g,217.9,13.0,17.8,0.1
2024-09-25,lunch,Safranrisotto,1.0 Portion(en),3475.0,71.8,5.4,777.4
2024-09-25,lunch,Hähnchen mit Paprikarahmsauce 25.9,1.0 Portion(en),2942.4,358.5,148.5,35.4
2024-09-25,dinner,Safranrisotto,1.0 Portion(en),3475.0,71.8,5.4,777.4
2024-09-25,breakfast,Burrito Santa Cruz,200.0g,446.0,17.8,17.2,52.0
2024-09-25,breakfast,Bürlibrot,60.0g,154.2,7.2,0.6,28.8
2024-09-25,breakfast,Nutella,17.0g,91.6,1.1,5.3,9.8
2024-09-25,snack,paprika,60.0g,256.2,6.6,9.0,33.6
2024-09-25,snack,Coconut Passion,500.0g,95.0,0.0,0.0,22.0
2024-09-25,dinner,Smoothie pink,250.0g,132.5,1.2,0.0,31.0
2024-09-25,lunch,Crispy Cookie,55.0g,210.7,20.4,8.2,2.8
2024-09-25,lunch,Grana,30.0g,119.4,9.9,8.7,0.0
2024-09-25,dinner,Poulet,150.0g,181.5,33.0,4.2,2.7
2024-09-26,lunch,Hähnchen mit Paprikarahmsauce 25.9,1.0 Portion(en),2942.4,358.5,148.5,35.4
2024-09-26,lunch,Safranrisotto,1.0 Portion(en),3475.0,71.8,5.4,777.4
2024-09-26,breakfast,Malzkornbrot,130.0g,289.9,9.1,1.3,57.2
2024-09-26,breakfast,Pouletaufschnitt,150.0g,160.5,31.5,3.0,1.5
2024-09-26,breakfast,Dar Vida Gruyère,46.0g,203.3,6.9,7.4,25.3
2024-09-26,dinner,Vaya,80.0g,339.2,16.8,9.6,43.2
2024-09-27,lunch,Safranrisotto,1.0 Portion(en),3475.0,71.8,5.4,777.4
2024-09-27,breakfast,Pouletaufschnitt,150.0g,160.5,31.5,3.0,1.5
2024-09-27,lunch,Grana,80.0g,318.4,26.4,23.2,0.0
2024-09-27,breakfast,Sonnenblumenkernbrot (Sonnenblumenbrot),120.0g,280.8,10.4,3.7,46.2
2024-09-27,dinner,Thomynaise,22.0g,67.3,0.2,6.9,1.0
2024-09-27,dinner,"Kartoffeln (ohne Schale), gekocht",80.0g,72.0,1.6,0.0,15.1
2024-09-27,dinner,"Lachs, gebraten",100.0g,198.0,22.4,12.2,0.0
2024-09-27,snack,More Clear Glow Peptides Rhabarber-Vanille,35.0g,123.2,28.7,0.0,1.4
2024-09-27,dinner,Coop Country Cheese,38.0g,166.8,6.5,5.7,21.3
2024-09-27,dinner,Kids Crunch,50.0g,205.0,5.5,4.7,32.5
2024-09-27,dinner,Milch,300.0g,138.0,9.6,4.5,14.7
2024-09-28,lunch,Safranrisotto,1.0 Portion(en),3475.0,71.8,5.4,777.4
2024-09-28,breakfast,Urdinkelbrot,180.0g,453.6,19.8,5.9,75.6
2024-09-28,breakfast,Spekulatiuscreme,10.0g,58.4,0.3,3.8,5.7
2024-09-28,breakfast,Nutella,9.0g,48.5,0.6,2.8,5.2
2024-09-28,breakfast,Peanut Butter,8.0g,48.0,2.0,3.7,1.3
2024-09-28,breakfast,Poulet,150.0g,181.5,33.0,4.2,2.7
2024-09-28,breakfast,Crispy Cookie,55.0g,210.7,20.4,8.2,2.8
2024-09-28,lunch,"Karotten (Möhren), frisch",350.0g,136.5,2.8,0.7,23.8
2024-09-28,lunch,Gran Cucina Reibkäse,30.0g,126.9,9.3,9.9,0.1
2024-09-28,lunch,"Hühnerei, Eier, roh",60.0g,82.2,7.1,5.6,0.9
2024-09-28,dinner,Butterzopf,120.0g,367.2,10.8,8.4,61.2
2024-09-28,dinner,Pouletaufschnitt,150.0g,160.5,31.5,3.0,1.5
2024-09-28,dinner,Appenzeller Schmelzkäse,20.0g,59.2,4.0,4.8,0.0
2024-09-28,dinner,Gruyere Käse,50.0g,198.0,13.4,16.1,0.0
2024-09-29,breakfast,Butterzopf,175.0g,535.5,15.8,12.2,89.2
2024-09-29,breakfast,Nutella,10.0g,53.9,0.6,3.1,5.8
2024-09-29,breakfast,Spekulatiuscreme,26.0g,151.8,0.8,9.9,14.8
2024-09-29,breakfast,Gruyere Käse,65.0g,257.4,17.5,20.9,0.0
2024-09-29,breakfast,Lyoner (Breslauer),75.0g,229.5,8.6,21.9,0.2
2024-09-29,breakfast,Gruyère,38.0g,173.0,6.0,6.0,23.0
2024-09-29,breakfast,Pouletaufschnitt,150.0g,160.5,31.5,3.0,1.5
2024-09-29,dinner,Kebab de Poulet,420.0g,730.8,50.4,27.3,67.2
2024-09-29,snack,"Apfel (mit Schale), frisch",130.0g,84.5,0.4,0.1,18.6
2024-09-29,snack,"Mais, Konserve",100.0g,81.0,3.1,1.2,12.6
2024-09-29,dinner,Paprika Chips,100.0g,515.0,5.8,30.0,53.0
2024-09-29,snack,MBudget Halbentrahmte Milch 1.5%,400.0g,200.0,14.4,6.4,20.8
2024-09-29,snack,Whey Protein Coconut,35.0g,134.8,26.9,1.8,2.6
2024-09-29,dinner,Putenfleisch,230.0g,232.3,52.9,2.3,0.0
2024-09-30,breakfast,Magerquark,500.0g,315.0,50.0,2.5,20.0
2024-09-30,dinner,Ghackets und Hörnli,450.0g,684.0,49.5,22.1,67.5
2024-09-30,snack,Maréchal,80.0g,315.2,20.8,25.6,0.4
2024-09-30,dinner,Malzkornbrot,130.0g,289.9,9.1,1.3,57.2
2024-09-30,dinner,Nutella,20.0g,107.8,1.3,6.2,11.5
2024-09-30,dinner,Gruyère,38.0g,173.0,6.0,6.0,23.0
2024-09-30,lunch,Putenfleisch,230.0g,232.3,52.9,2.3,0.0
2024-09-30,lunch,"Nudeln, gekocht (aus Hartweizengrieß)",440.0g,629.2,22.0,2.2,123.6
2024-10-01,breakfast,Magerquark,500.0g,315.0,50.0,2.5,20.0
2024-10-01,lunch,Dar Vida Gruyère,46.0g,203.3,6.9,7.4,25.3
2024-10-01,dinner,Poulet Stroganoff,470.0g,507.6,28.2,17.4,56.4
2024-10-01,snack,Gruyère,38.0g,173.0,6.0,6.0,23.0
2024-10-01,dinner,Sandwich Poulet Tartar,220.0g,583.0,17.4,30.8,57.2
2024-10-01,dinner,Urdinkelbrot,150.0g,378.0,16.5,5.0,63.0
2024-10-01,lunch,Putenfleisch,230.0g,232.3,52.9,2.3,0.0
2024-10-01,lunch,"Nudeln, gekocht (aus Hartweizengrieß)",300.0g,429.0,15.0,1.5,84.3
2024-10-02,snack,ISOCLEAR Raspberry,90.0g,314.1,72.9,0.0,2.5
2024-10-02,breakfast,Magerquark,500.0g,315.0,50.0,2.5,20.0
2024-10-02,breakfast,Pouletsandwich,200.0g,540.0,22.0,28.0,50.0
2024-10-02,lunch,"Nudeln, gekocht (aus Hartweizengrieß)",400.0g,572.0,20.0,2.0,112.4
2024-10-02,lunch,Hackfleisch gekocht,200.0g,164.0,36.0,4.0,0.0
2024-10-02,lunch,Parmesan Käse,40.0g,158.4,12.3,12.2,0.0
2024-10-02,lunch,Apfelmus,300.0g,180.0,0.9,1.2,37.2
2024-10-02,lunch,Gruyère,38.0g,173.0,6.0,6.0,23.0
2024-10-02,breakfast,Schoggiweggli,100.0g,328.0,8.6,7.4,57.0
2024-10-02,dinner,paprika,125.0g,533.8,13.8,18.8,70.0
2024-10-03,breakfast,Leinsamen geschrotet,30.0g,143.1,5.7,9.3,3.9
2024-10-03,breakfast,Haferflocken,75.0g,279.8,9.9,5.0,44.6
2024-10-03,breakfast,"Kuhmilch (Vollmilch) 3,5% Fett",250.0g,162.5,8.5,9.0,11.8
2024-10-03,breakfast,Kellogs crunchy nut Granola,75.0g,362.2,5.6,17.2,43.5
2024-10-03,snack,Protein Drink Macchiato,500.0g,260.0,37.0,2.5,26.5
2024-10-03,snack,Mozzerella  Kugel/boule,150.0g,366.0,28.5,27.0,2.2
2024-10-04,breakfast,Dinkel Ruchmehlbrot,200.0g,428.0,16.6,2.0,82.0
2024-10-04,breakfast,Peanut Butter,30.0g,180.0,7.4,14.0,4.8
2024-10-04,lunch,Mozzerella  Kugel/boule,150.0g,366.0,28.5,27.0,2.2
2024-10-04,lunch,Protein Drink Macchiato,500.0g,260.0,37.0,2.5,26.5
2024-10-04,lunch,Pouletbrust mit Curry,150.0g,157.5,33.0,2.1,1.4
2024-10-04,lunch,Sandwich M budget chicken tartare,205.0g,572.0,22.6,22.6,65.6
2024-10-05,lunch,Bauernbrot,175.0g,374.5,12.8,1.9,70.0
2024-10-05,lunch,Peanut Butter,15.0g,90.0,3.7,7.0,2.4
2024-10-05,lunch,Biscoff Aufstrich,15.0g,85.7,0.5,5.4,8.8
2024-10-05,lunch,Pouletbrust mit Curry,150.0g,157.5,33.0,2.1,1.4
2024-10-05,breakfast,"Kuhmilch (Vollmilch) 3,5% Fett",280.0g,182.0,9.5,10.1,13.2
2024-10-05,breakfast,Haferflocken,100.0g,373.0,13.2,6.7,59.5
2024-10-05,breakfast,Kellogs crunchy nut Granola,40.0g,193.2,3.0,9.2,23.2
2024-10-05,breakfast,Leinsamen geschrotet,30.0g,143.1,5.7,9.3,3.9
2024-10-05,lunch,Frühlingsrolle,100.0g,149.0,7.8,5.6,16.1
2024-10-05,lunch,Gruyère,38.0g,173.0,6.0,6.0,23.0
2024-10-05,dinner,Knuspermüesli,200.0g,912.0,26.0,34.0,118.0
2024-10-05,dinner,Mozzarella fettreduziert,125.0g,367.5,22.5,23.8,1.9
2024-10-05,dinner,Milch,400.0g,184.0,12.8,6.0,19.6
2024-10-06,breakfast,Knuspermüesli,130.0g,592.8,16.9,22.1,76.7
2024-10-06,breakfast,Milch,200.0g,92.0,6.4,3.0,9.8
2024-10-06,breakfast,Magerquark,500.0g,315.0,50.0,2.5,20.0
2024-10-07,snack,Isoclear,30.0g,103.5,24.0,0.0,0.8
2024-10-09,breakfast,Isoclear,30.0g,103.5,24.0,0.0,0.8
2024-10-11,breakfast,Bauernbrot,175.0g,374.5,12.8,1.9,70.0
2024-10-11,dinner,Lasagne Bolognese,500.0g,855.0,40.5,42.5,74.5
2024-10-11,lunch,Cesare Salat mit Hähnchenbrust,100.0g,54.0,7.3,2.1,1.2
2024-10-13,breakfast,Lasagne Bolognese,300.0g,513.0,24.3,25.5,44.7
2024-10-13,dinner,Rösti,300.0g,492.0,9.0,24.6,60.0
2024-10-14,breakfast,Isoclear,30.0g,103.5,24.0,0.0,0.8
2024-10-15,breakfast,Pain tranché Campagnolo,142.0g,360.7,18.0,8.0,55.9
2024-10-15,breakfast,"Libéré grec peach, passion fruit",650.0g,594.1,48.1,11.1,78.0
2024-10-15,breakfast,Pouletbrust ,180.0g,180.0,39.6,1.4,2.2
2024-10-16,breakfast,100% whole wheat bread,426.0g,1078.6,48.6,13.6,199.4
2024-10-16,breakfast,Creamy Peanut Butter,54.0g,318.1,11.4,26.4,6.9
2024-10-16,breakfast,Omelett,150.0g,267.0,17.9,20.9,2.5
2024-10-16,lunch,Sliced chicken,200.0g,240.0,50.0,3.0,4.0
2024-10-17,breakfast,Schokomuffin,65.0g,140.4,3.6,5.5,18.1
2024-10-17,breakfast,"Apfel (mit Schale), frisch",260.0g,169.0,0.8,0.3,37.2
2024-10-17,breakfast,"Banane (ohne Schale), frisch",150.0g,139.5,1.6,0.3,30.0
2024-10-17,breakfast,Chips Salz,60.0g,331.2,3.3,21.0,31.2
2024-10-17,lunch,75% Whole Wheat Dinner ,57.0g,165.0,6.0,2.2,28.5
2024-10-17,lunch,Peanut Butter,20.0g,120.0,4.9,9.3,3.2
2024-10-17,lunch,Yogourt grec vanille,650.0g,520.0,52.0,0.0,81.9
2024-10-17,lunch,Chicken salad sandwich,298.0g,368.0,21.2,13.1,2.7
2024-10-17,lunch,Chicken Caesar Salad ,310.0g,341.0,27.9,18.6,12.4
2024-10-17,lunch,Ceaser 1/2 fat,43.0g,140.0,1.0,14.0,1.0
2024-10-18,dinner,Halbes Poulet,250.0g,582.5,69.8,25.0,0.0
2024-10-20,lunch,Sandwich M budget chicken tartare,205.0g,572.0,22.6,22.6,65.6
2024-10-20,lunch,Protein Drink Macchiato,500.0g,260.0,37.0,2.5,26.5
2024-10-20,breakfast,Butterzopf,85.0g,260.1,7.7,6.0,43.4
2024-10-20,breakfast,Pouletbrust mit Curry,125.0g,131.2,27.5,1.8,1.1
2024-10-20,dinner,Magerquark,500.0g,315.0,57.5,0.5,20.0
2024-10-21,lunch,Hähnchen mit Paprikarahmsauce 25.9,1.0 Portion(en),2942.4,358.5,148.5,35.4
2024-10-21,lunch,Safranrisotto,1.0 Portion(en),3475.0,71.8,5.4,777.4
2024-10-21,breakfast,Malzkornbrot,240.0g,535.2,16.8,2.4,105.6
2024-10-21,breakfast,Pouletbrust mit Curry,150.0g,157.5,33.0,2.1,1.4
2024-10-21,breakfast,Beurre de peanut,40.0g,240.0,8.0,21.3,2.7
2024-10-21,dinner,Tortellini con Crema di Parmigiano ,390.0g,702.0,33.5,35.1,70.2
2024-10-21,snack,Gruyère,38.0g,173.0,6.0,6.0,23.0
2024-10-21,dinner,Knuspermüesli,55.0g,250.8,7.2,9.3,32.5
2024-10-22,breakfast,Urdinkelbrot,165.0g,415.8,18.1,5.4,69.3
2024-10-22,breakfast,Pouletbrust mit Curry,150.0g,157.5,33.0,2.1,1.4
2024-10-22,lunch,Kartoffelstock ,300.0g,309.0,6.3,15.6,35.4
2024-10-22,lunch,Rinds Voressen,66.0g,84.5,13.2,3.3,0.5
2024-10-22,lunch,"Nudeln, gekocht (aus Hartweizengrieß)",140.0g,200.2,7.0,0.7,39.3
2024-10-22,breakfast,Beurre de peanut,8.0g,48.0,1.6,4.3,0.5
2024-10-22,lunch,"Wiener Schnitzel (Schnitzel, paniert)",100.0g,202.0,17.9,6.4,17.5
2024-10-22,dinner,Gruyère,38.0g,173.0,6.0,6.0,23.0
2024-10-22,snack,Knoppers,25.0g,136.5,2.3,8.2,12.9
2024-10-22,snack,Coop Country Cheese,38.0g,166.8,6.5,5.7,21.3
2024-10-22,dinner,Hüttenkäse,212.0g,184.4,21.2,8.5,5.7
2024-10-22,dinner,Milchreis,100.0g,95.0,3.1,2.2,15.2
2024-10-22,dinner,Gruyère,38.0g,173.0,6.0,6.0,23.0
2024-10-22,dinner,Beurre de peanut,15.0g,90.0,3.0,8.0,1.0
2024-10-23,lunch,Ravioli Alla Napoletana,640.0g,678.4,22.4,21.8,96.0
2024-10-23,lunch,Gran Cucina Reibkäse,50.0g,211.5,15.5,16.5,0.2
2024-10-23,breakfast,Magerquark,500.0g,315.0,57.5,0.5,20.0
2024-10-23,dinner,Butterzopf,230.0g,703.8,20.7,16.1,117.3
2024-10-23,dinner,Beurre de peanut,25.0g,150.0,5.0,13.3,1.7
2024-10-24,lunch,Hähnchen mit Paprikarahmsauce 25.9,1.0 Portion(en),2942.4,358.5,148.5,35.4
2024-10-24,lunch,Safranrisotto,1.0 Portion(en),3475.0,71.8,5.4,777.4
2024-10-24,dinner,Vaya,80.0g,339.2,16.8,9.6,43.2
2024-10-24,breakfast,Pain epeautre,140.0g,312.2,11.2,1.7,55.9
2024-10-24,breakfast,Beurre de peanut,25.0g,150.0,5.0,13.3,1.7
2024-10-24,dinner,White chocolate almond ,55.0g,200.2,19.8,8.2,15.9
2024-10-24,dinner,Mozzarella Pizza ,150.0g,376.5,28.5,28.5,1.5
2024-10-25,breakfast,Bauernbrot,150.0g,321.0,10.9,1.6,60.0
2024-10-25,breakfast,Beurre de peanut,30.0g,180.0,6.0,16.0,2.0
2024-10-25,lunch,Kichererbsencurry,450.0g,634.5,19.4,18.4,94.5
2024-10-26,breakfast,Urdinkelbrot,270.0g,680.4,29.7,8.9,113.4
2024-10-26,breakfast,Beurre de peanut,45.0g,270.0,9.0,24.0,3.0
2024-10-26,lunch,Schweineschnitzel natur,125.0g,143.8,26.2,3.8,0.0
2024-10-26,dinner,Döner Kebab,450.0g,783.0,47.2,22.1,93.6
2024-10-26,dinner,Quarkhimmel,500.0g,265.0,43.0,2.5,22.5
2024-10-27,dinner,Pinke Nudeln,1.0 Portion(en),2132.2,86.1,14.6,400.9
2024-10-27,dinner,Pouletfleisch 27.10.24,1.0 Portion(en),3025.6,470.2,119.3,17.9
2024-10-27,breakfast,Urdinkelbrot,115.0g,289.8,12.7,3.8,48.3
2024-10-27,breakfast,Butterzopf,125.0g,382.5,11.2,8.8,63.8
2024-10-27,breakfast,Spekulatiuscreme,30.0g,175.2,0.9,11.4,17.1
2024-10-27,breakfast,Magerquark,500.0g,315.0,57.5,0.5,20.0
2024-10-27,breakfast,Beurre de peanut,22.0g,132.0,4.4,11.7,1.5
2024-10-27,breakfast,Alpstein Bergkäse,44.0g,166.3,11.9,13.2,0.0
2024-10-27,dinner,Coop Country Cheese,38.0g,166.8,6.5,5.7,21.3
2024-10-27,lunch,Bio Senner Extra,20.0g,76.0,5.6,6.4,0.1
2024-10-27,dinner,Gran Cucina Reibkäse,25.0g,105.8,7.8,8.2,0.1
2024-10-28,breakfast,Overnight Oats 2.0,1.0 Portion(en),596.2,60.1,10.8,66.6
2024-10-28,lunch,Pinke Nudeln,1.0 Portion(en),2132.2,86.1,14.6,400.9
2024-10-28,lunch,Pouletfleisch 27.10.24,1.0 Portion(en),3025.6,470.2,119.3,17.9
2024-10-28,snack,Dar Vida Gruyère,46.0g,203.3,6.9,7.4,25.3
2024-10-28,lunch,Gran Cucina Reibkäse,25.0g,105.8,7.8,8.2,0.1
2024-10-28,dinner,Satay Chicken Noodles,420.0g,781.2,39.9,40.7,58.8
2024-10-28,dinner,Apero tete de moine AOP,52.0g,217.9,13.0,17.8,0.1
2024-10-29,breakfast,Overnight Oats 2.0,1.0 Portion(en),596.2,60.1,10.8,66.6
2024-10-29,lunch,Käseknöpfle,440.0g,616.0,24.2,11.0,114.4
2024-10-29,lunch,Apero tete de moine AOP,52.0g,217.9,13.0,17.8,0.1
2024-10-29,dinner,Smoked Salmon Rainbow Bowl,380.0g,665.0,22.0,23.6,87.4
2024-10-29,snack,Life plus Triple Protein Shake Chocolate ,31.0g,99.5,21.4,0.7,2.1
2024-10-29,snack,Milch,300.0g,138.0,9.6,4.5,14.7
2024-10-29,lunch,Curry Geschnetzeltes vom Hähnchen mit Reis,306.8g,368.2,13.5,14.7,44.2
2024-10-30,lunch,Lasagne selfmade,1.0 Portion(en),7949.7,541.2,407.9,525.0
2024-10-30,breakfast,Overnight Oats 2.0,1.0 Portion(en),596.2,60.1,10.8,66.6
2024-10-30,breakfast,Chips Paprika,50.0g,255.0,3.0,15.5,25.5
2024-10-30,snack,Vaya,80.0g,339.2,16.8,9.6,43.2
2024-10-31,lunch,Lasagne selfmade,1.0 Portion(en),7949.7,541.2,407.9,525.0
2024-10-31,breakfast,Overnight Oats 2.0,1.0 Portion(en),596.2,60.1,10.8,66.6
2024-10-31,snack,Crispy Cookie,55.0g,210.7,20.4,8.2,2.8
2024-10-31,snack,Vaya,80.0g,339.2,16.8,9.6,43.2
2024-10-31,dinner,Mokka Joghurt,180.0g,174.6,7.6,5.6,23.4
2024-11-01,breakfast,Overnight Oats 2.0,1.0 Portion(en),596.2,60.1,10.8,66.6
2024-11-01,breakfast,White chocolate almond ,55.0g,200.2,19.8,8.2,15.9
2024-11-01,breakfast,"Lachs, geräuchert (Räucherlachs)",175.0g,332.5,36.8,20.6,0.0
2024-11-01,breakfast,Coop Country Cheese,38.0g,166.8,6.5,5.7,21.3
2024-11-01,breakfast,Luzerner Rahmkäse,60.0g,227.4,13.2,19.8,0.1
2024-11-01,breakfast,magerquark M- Budget,300.0g,189.0,29.1,1.5,17.1
2024-11-01,lunch,Hamburger ,90.0g,198.0,16.2,13.5,2.7
2024-11-01,lunch,Hamburger Buns,75.0g,225.0,6.5,4.4,37.5
2024-11-01,lunch,Knabbermüeslu Choco,120.0g,511.2,11.3,14.4,80.4
2024-11-01,lunch,Milch,400.0g,184.0,12.8,6.0,19.6
2024-11-01,lunch,Kokosraspeln,10.0g,63.9,0.7,6.5,0.8
2024-11-01,lunch,Semi di Chia,20.0g,97.2,3.4,6.2,8.4
2024-11-01,lunch,Flohsamenschalen,10.0g,20.8,0.3,0.3,0.0
2024-11-01,lunch,Multivitamin,200.0g,96.0,1.0,1.0,24.0
2024-11-02,breakfast,Tiramisu,1.0 Portion(en),5122.5,136.3,268.3,532.2
2024-11-02,breakfast,Overnight Oats 2.0,1.0 Portion(en),596.2,60.1,10.8,66.6
2024-11-02,breakfast,Appenzeller Rahmkäse,40.0g,162.8,9.2,14.0,0.0
2024-11-02,breakfast,Butterzopf,23.0g,70.4,2.1,1.6,11.7
2024-11-02,breakfast,Peanut Butter,11.0g,64.7,2.4,5.4,2.6
2024-11-02,snack,Butterbrezel,90.0g,329.4,5.8,17.3,37.6
2024-11-02,snack,Kürbissuppe,250.0g,170.0,2.5,13.8,10.0
2024-11-02,snack,Hamburger ,90.0g,198.0,16.2,13.5,2.7
2024-11-03,lunch,Tiramisu,1.0 Portion(en),5122.5,136.3,268.3,532.2
2024-11-03,dinner,Senftomatensosse,1.0 Portion(en),933.8,44.6,58.3,54.1
2024-11-03,breakfast,Magerquark,500.0g,315.0,50.0,2.5,20.0
2024-11-03,breakfast,Coop Country Cheese,38.0g,166.8,6.5,5.7,21.3
2024-11-03,breakfast,Country Cracker Sesam,38.0g,171.4,4.9,7.2,20.1
2024-11-03,dinner,Frifrag Pouletschenkel Bärlauch,150.0g,247.5,33.0,11.6,0.8
2024-11-03,dinner,"Kartoffelecken, gebacken",250.0g,307.5,6.8,5.5,63.8
2024-11-04,lunch,Senftomatensosse,1.0 Portion(en),933.8,44.6,58.3,54.1
2024-11-04,breakfast,Malzkornbrot,150.0g,334.5,10.5,1.5,66.0
2024-11-04,breakfast,Spekulatiuscreme,38.0g,221.9,1.1,14.5,21.7
2024-11-04,dinner,Poulet au Café de Paris,417.0g,588.0,30.0,18.3,70.9
2024-11-04,dinner,Apero tete de moine AOP,52.0g,217.9,13.0,17.8,0.1
2024-11-04,snack,Magerquark,500.0g,315.0,50.0,2.5,20.0
2024-11-04,lunch,Frifrag Pouletschenkel Bärlauch,200.0g,330.0,44.0,15.4,1.0
2024-11-04,lunch,"Kartoffelecken, gebacken",250.0g,307.5,6.8,5.5,63.8
2024-11-05,lunch,Senftomatensosse,1.0 Portion(en),933.8,44.6,58.3,54.1
2024-11-05,breakfast,Butterzopf,40.0g,122.4,3.6,2.8,20.4
2024-11-05,breakfast,Pouletaufschnitt,150.0g,160.5,31.5,3.0,1.5
2024-11-05,breakfast,Pain Paillasse,110.0g,266.0,11.0,1.1,52.8
2024-11-05,lunch,Polenta,340.0g,306.0,6.8,1.7,68.0
2024-11-05,lunch,"Kartoffelecken, gebacken",125.0g,153.8,3.4,2.8,31.9
2024-11-05,lunch,Frifrag Pouletschenkel Bärlauch,110.0g,181.5,24.2,8.5,0.6
2024-11-05,lunch,Rinds Voressen,100.0g,128.0,20.0,5.0,0.8
2024-11-05,dinner,Mozzarella fettreduziert,125.0g,367.5,22.5,23.8,1.9
2024-11-05,dinner,Light garlic peanut creme ,12.0g,38.4,4.6,1.3,2.0
2024-11-06,breakfast,Quarkhimmel,500.0g,265.0,43.0,2.5,22.5
2024-11-06,lunch,High Protein Drink,350.0g,217.0,35.0,1.8,17.2
2024-11-06,lunch,Poulet,150.0g,181.5,33.0,4.2,2.7
2024-11-06,lunch,Salat Natur,300.0g,213.0,4.2,15.9,10.5
2024-11-06,lunch,Ciabatta Poulet döner,180.0g,385.2,16.4,10.6,54.0
2024-11-06,snack,Energy drink,250.0g,115.0,0.0,0.0,27.5
2024-11-06,snack,Original,22.0g,126.3,2.0,8.6,9.9
2024-11-06,snack,Protein Drink Macchiato,500.0g,260.0,37.0,2.5,26.5
2024-11-07,lunch,Pouletfleisch 27.10.24,1.0 Portion(en),3025.6,470.2,119.3,17.9
2024-11-07,lunch,Pinke Nudeln,1.0 Portion(en),2132.2,86.1,14.6,400.9
2024-11-07,breakfast,Bauernbrot,130.0g,278.2,9.5,1.4,52.0
2024-11-07,breakfast,Butter,20.0g,148.2,0.1,16.6,0.1
2024-11-07,lunch,Gran Cucina Reibkäse,25.0g,105.8,7.8,8.2,0.1
2024-11-07,snack,Pizzabrot,120.0g,320.4,8.3,6.4,56.5
2024-11-07,dinner,Vaya Protein Paprika  Snack,80.0g,339.2,16.8,9.6,43.2
2024-11-07,dinner,Kambly Crispy Moments,50.0g,219.0,4.5,7.0,33.5
2024-11-07,snack,Crispy Cookie,55.0g,210.7,20.4,8.2,2.8
2024-11-07,snack,More Clear Glow Peptides Rhabarber-Vanille,32.0g,112.6,26.2,0.0,1.2
2024-11-08,lunch,Senftomatensosse,1.0 Portion(en),933.8,44.6,58.3,54.1
2024-11-08,breakfast,Bauernbrot,130.0g,278.2,9.5,1.4,52.0
2024-11-08,breakfast,White chocolate almond ,55.0g,200.2,19.8,8.2,15.9
2024-11-08,breakfast,Protein bar - Cookies and Cream,55.0g,194.2,20.4,6.6,17.1
2024-11-08,breakfast,Blevita Sandwich Kräuter,27.0g,142.8,3.2,7.8,14.3
2024-11-08,dinner,Vaya,80.0g,339.2,16.8,9.6,43.2
2024-11-08,lunch,Wildreis(gekocht),250.0g,312.5,12.0,1.2,62.5
2024-11-08,lunch,Pouletbrust ,180.0g,180.0,39.6,1.4,2.2
2024-11-09,breakfast,Joghurt Mocca,200.0g,192.0,7.2,6.2,27.0
2024-11-09,breakfast,Säntis bergkäse,70.0g,261.1,19.6,20.3,0.1
2024-11-09,breakfast,"Spaghetti, gekocht",300.0g,429.0,15.0,1.5,84.3
2024-11-09,breakfast,Italienische Tomatensoße,100.0g,61.0,1.0,4.7,3.2
2024-11-09,lunch,Butterzopf,140.0g,428.4,12.6,9.8,71.4
2024-11-09,breakfast,Knabbermüeslu Choco,100.0g,426.0,9.4,12.0,67.0
2024-11-09,dinner,Quarkhimmel,500.0g,265.0,43.0,2.5,22.5
2024-11-09,dinner,Mozzarella,150.0g,366.0,28.5,27.0,2.2
2024-11-10,breakfast,Butterzopf,145.0g,443.7,13.1,10.2,74.0
2024-11-10,breakfast,Cotto Schinken,100.0g,104.0,16.0,4.0,2.0
2024-11-10,breakfast,Knoppers,25.0g,137.8,2.2,8.3,13.1
2024-11-10,breakfast,M&m biscuit,19.8g,101.8,1.2,5.1,2.9
2024-11-10,lunch,Kürbissuppe,250.0g,170.0,2.5,13.8,10.0
2024-11-10,snack,Joghurt Mocca,220.0g,211.2,7.9,6.8,29.7
2024-11-10,snack,Knabbermüeslu Choco,60.0g,255.6,5.6,7.2,40.2
2024-11-10,dinner,"Karotten (Möhren), frisch",500.0g,195.0,4.0,1.0,34.0
2024-11-10,snack,Quarkhimmel,135.0g,71.5,11.6,0.7,6.1
2024-11-10,snack,"Naturjoghurt mild 3,5 % Fett",30.0g,21.6,1.3,1.1,1.6
2024-11-10,snack,Joghurt Haselnuss,30.0g,34.2,1.2,1.4,4.2
2024-11-10,snack,Quarkhimmel,500.0g,265.0,43.0,2.5,22.5
2024-11-10,snack,Life plus Triple Protein Shake Chocolate ,31.0g,99.5,21.4,0.7,2.1
2024-11-11,breakfast,Overnight Oats 2.0,1.0 Portion(en),596.2,60.1,10.8,66.6
2024-11-11,breakfast,More nutrition light peanut creme,25.0g,98.2,11.9,3.0,4.2
2024-11-11,dinner,Chicken Parmesan Wrap,210.0g,497.7,21.0,18.3,44.1
2024-11-11,snack,Maréchal,80.0g,315.2,20.8,25.6,0.4
2024-11-11,snack,Low Carb Lemon & Pepper Chicken,380.0g,402.8,22.0,18.2,35.0
2024-11-11,lunch,Reibkäse aus Gruyère AOP,40.0g,159.2,10.8,12.8,0.2
2024-11-11,lunch,Milch,60.0g,27.6,1.9,0.9,2.9
2024-11-11,lunch,aha Vollrahm Migros ,60.0g,202.2,1.5,21.0,1.8
2024-11-11,lunch,"Spaghetti, gekocht",300.0g,429.0,15.0,1.5,84.3
2024-11-11,lunch,Poulet,150.0g,181.5,33.0,4.2,2.7
2024-11-11,dinner,Joghurt Pfirsich und Passionsfrucht,250.0g,210.0,8.2,7.2,27.5
2024-11-12,breakfast,Overnight Oats 2.0,1.0 Portion(en),596.2,60.1,10.8,66.6
2024-11-12,dinner,Trutenbrust hauchdünn,95.0g,90.2,19.9,0.9,0.5
2024-11-12,lunch,Reibkäse aus Gruyère AOP,45.0g,179.1,12.2,14.4,0.2
2024-11-12,lunch,Milch,60.0g,27.6,1.9,0.9,2.9
2024-11-12,lunch,aha Vollrahm Migros ,60.0g,202.2,1.5,21.0,1.8
2024-11-12,lunch,"Spaghetti, gekocht",300.0g,429.0,15.0,1.5,84.3
2024-11-12,breakfast,More nutrition light peanut creme,25.0g,98.2,11.9,3.0,4.2
2024-11-12,lunch,Schweineschnitzel paniert&gebraten,220.0g,453.2,37.4,19.4,30.8
2024-11-12,dinner,Malzkornbrot,75.0g,167.2,5.2,0.8,33.0
2024-11-13,breakfast,Overnight Oats 2.0,1.0 Portion(en),596.2,60.1,10.8,66.6
2024-11-13,lunch,Chicken Caesar Style,210.0g,611.1,18.3,37.8,48.3
2024-11-13,lunch,Quick Nuss-Schinkli,100.0g,127.0,20.0,5.0,0.6
2024-11-13,lunch,Kartoffelsalat,150.0g,156.0,2.5,7.2,18.9
2024-11-13,dinner,Zweifel Paprika Chips -30% Fett,160.0g,750.4,10.2,33.6,96.0
2024-11-13,snack,Life plus Triple Protein Shake Chocolate ,60.0g,192.6,41.4,1.3,4.1
2024-11-13,snack,Milch,400.0g,184.0,12.8,6.0,19.6
2024-11-14,breakfast,Overnight Oats 2.0,1.0 Portion(en),596.2,60.1,10.8,66.6
2024-11-14,lunch,Pinke Nudeln,1.0 Portion(en),2132.2,86.1,14.6,400.9
2024-11-14,lunch,Pouletfleisch 27.10.24,1.0 Portion(en),3025.6,470.2,119.3,17.9
2024-11-14,lunch,Gran Cucina Reibkäse,25.0g,105.8,7.8,8.2,0.1
2024-11-14,dinner,Vaya,80.0g,339.2,16.8,9.6,43.2
2024-11-14,dinner,Peanut Butter American Premium ,18.0g,112.5,4.1,8.8,4.1
2024-11-15,breakfast,Overnight Oats 2.0,1.0 Portion(en),596.2,60.1,10.8,66.6
2024-11-15,lunch,Pouletfleisch 27.10.24,1.0 Portion(en),3025.6,470.2,119.3,17.9
2024-11-15,breakfast,Peanut Butter American Premium ,25.0g,156.2,5.8,12.2,5.8
2024-11-15,lunch,Gran Cucina Reibkäse,25.0g,105.8,7.8,8.2,0.1
2024-11-15,lunch,"Nudeln, gekocht (aus Hartweizengrieß)",200.0g,286.0,10.0,1.0,56.2
2024-11-15,dinner,White chocolate almond ,55.0g,200.2,19.8,8.2,15.9
2024-11-15,dinner,Vaya,80.0g,339.2,16.8,9.6,43.2
2024-11-16,breakfast,Bio Bürlibrot,125.0g,365.0,13.8,1.6,71.2
2024-11-16,breakfast,Peanut Butter American Premium ,36.0g,225.0,8.3,17.6,8.3
2024-11-16,breakfast,Life plus Triple Protein Shake Chocolate ,45.0g,144.4,31.1,0.9,3.1
2024-11-16,breakfast,Milch,400.0g,184.0,12.8,6.0,19.6
2024-11-16,breakfast,Quarkhimmel,500.0g,265.0,43.0,2.5,22.5
2024-11-16,breakfast,Polenta (zubereitet),250.0g,237.5,6.0,4.5,41.5
2024-11-16,breakfast,Grana,25.0g,99.5,8.2,7.2,0.0
2024-11-16,breakfast,Hasenfleisch,60.0g,91.8,18.0,2.4,0.0
2024-11-17,breakfast,Butterzopf,200.0g,612.0,18.0,14.0,102.0
2024-11-17,lunch,Raclette Käse,175.0g,600.2,39.7,49.0,0.0
2024-11-17,lunch,Kartoffeln gekocht,400.0g,304.0,8.0,0.4,60.0
2024-11-17,dinner,Joghurt Nature Migros Bio,250.0g,167.5,10.8,8.8,11.2
2024-11-17,dinner,Quarkhimmel,500.0g,265.0,43.0,2.5,22.5
2024-11-17,lunch,Reibkäse aus Gruyère AOP,45.0g,179.1,12.2,14.4,0.2
2024-11-17,lunch,Milch,60.0g,27.6,1.9,0.9,2.9
2024-11-17,lunch,aha Vollrahm Migros ,60.0g,202.2,1.5,21.0,1.8
2024-11-17,lunch,Pouletbrust Top CC,100.0g,96.0,19.0,0.9,0.0
2024-11-18,breakfast,Bio Senner Extra,40.0g,152.0,11.2,12.8,0.2
2024-11-18,breakfast,Butterzopf,75.0g,229.5,6.8,5.2,38.2
2024-11-18,breakfast,Schweizer Bürli ,60.0g,165.6,7.5,1.0,39.6
2024-11-18,breakfast,Peanut Butter American Premium ,20.0g,125.0,4.6,9.8,4.6
2024-11-18,lunch,Tomatenpüree,15.0g,20.6,1.1,0.2,3.3
2024-11-18,lunch,Parmesan,45.0g,179.1,14.8,13.1,0.0
2024-11-18,lunch,Milch,60.0g,27.6,1.9,0.9,2.9
2024-11-18,lunch,Vollrahm,60.0g,202.8,1.4,21.0,2.0
2024-11-18,lunch,Pouletbrust Top CC,250.0g,240.0,47.5,2.2,0.0
2024-11-18,lunch,Knöpfle Eierspätzle,250.0g,410.0,15.5,7.8,67.5
2024-11-18,dinner,Butterlaugebrezel,70.0g,241.5,5.5,8.2,36.4
2024-11-18,dinner,Maréchal,80.0g,315.2,20.8,25.6,0.4
2024-11-18,dinner,Lasagne alla bolognese,400.0g,600.0,22.4,27.6,64.0
2024-11-19,breakfast,Proteinbrot YOU,200.0g,596.0,52.0,30.0,18.6
2024-11-19,breakfast,Peanut Butter crunchy,33.0g,198.7,8.2,15.6,5.0
2024-11-19,lunch,Tomatenpüree,15.0g,20.6,1.1,0.2,3.3
2024-11-19,lunch,Parmesan,45.0g,179.1,14.8,13.1,0.0
2024-11-19,lunch,Milch,60.0g,27.6,1.9,0.9,2.9
2024-11-19,lunch,Vollrahm,60.0g,202.8,1.4,21.0,2.0
2024-11-19,lunch,Pouletbrust Top CC,250.0g,240.0,47.5,2.2,0.0
2024-11-19,lunch,Polenta (zubereitet),300.0g,285.0,7.2,5.4,49.8
2024-11-19,snack,Gipfeli,125.0g,327.5,0.0,17.0,34.1
2024-11-20,lunch,Lasagne selfmade,1.0 Portion(en),7949.7,541.2,407.9,525.0
2024-11-20,breakfast,Proteinbrot YOU,200.0g,596.0,52.0,30.0,18.6
2024-11-20,breakfast,Peanut Butter crunchy,25.0g,150.5,6.2,11.8,3.8
2024-11-20,dinner,Crunchy Muffin,95.0g,466.4,5.7,29.4,43.9
2024-11-20,lunch,"Mineralwasser, Still",200.0g,0.0,0.0,0.0,0.0
2024-11-21,lunch,Hähnchen mit Paprikarahmsauce 25.9,1.0 Portion(en),2942.4,358.5,148.5,35.4
2024-11-21,lunch,Safranrisotto,1.0 Portion(en),3475.0,71.8,5.4,777.4
2024-11-21,breakfast,Bauernbrot,120.0g,256.8,8.8,1.3,48.0
2024-11-21,breakfast,Peanut Butter crunchy,35.0g,210.7,8.7,16.5,5.3
2024-11-21,lunch,Protein Drink Macchiato,350.0g,182.0,25.9,1.8,18.6
2024-11-21,dinner,Ovomaltine Crunchy Biscuit,48.0g,240.0,3.4,11.3,30.5
2024-11-21,dinner,Vaya,80.0g,339.2,16.8,9.6,43.2
2024-11-21,dinner,White chocolate almond ,55.0g,200.2,19.8,8.2,15.9
2024-11-21,dinner,Gruyère,38.0g,173.0,6.0,6.0,23.0
2024-11-21,dinner,Appenzellerin elegant,40.0g,158.0,10.8,12.8,0.0
2024-11-22,lunch,Putenfleisch,140.0g,217.0,29.3,10.8,0.6
2024-11-22,lunch,"Dinkelnudeln, gekocht",250.0g,320.0,11.5,2.8,60.0
2024-11-22,lunch,Emmentaler & Le Gruyère gerieben,70.0g,282.8,20.3,22.4,0.1
2024-11-22,lunch,Milch,150.0g,69.0,4.8,2.2,7.3
2024-11-22,breakfast,Magerquark,500.0g,315.0,48.5,2.5,28.5
2024-11-22,dinner,Fondue Tradition,300.0g,753.0,48.0,48.0,13.5
2024-11-23,breakfast,Bauernbrot,120.0g,256.8,8.8,1.3,48.0
2024-11-23,breakfast,Peanut Butter crunchy,35.0g,210.7,8.7,16.5,5.3
2024-11-23,breakfast,Vaya,80.0g,339.2,16.8,9.6,43.2
2024-11-23,breakfast,White chocolate almond ,55.0g,200.2,19.8,8.2,15.9
2024-11-23,breakfast,Butterzopf,70.0g,214.2,6.3,4.9,35.7
2024-11-23,breakfast,Peanut Butter crunchy,55.0g,331.1,13.7,26.0,8.4
2024-11-24,breakfast,Butterzopf,100.0g,306.0,9.0,7.0,51.0
2024-11-24,breakfast,Peanut Butter crunchy,21.0g,126.4,5.2,9.9,3.2
2024-11-24,lunch,Cordon bleu (aus Schweinefleisch),330.0g,729.3,73.6,33.7,30.4
2024-11-24,breakfast,Farmer Müesli Pecannuss,60.0g,265.8,5.4,9.0,39.0
2024-11-24,dinner,Pouletburger,135.0g,253.8,21.6,16.2,5.4
2024-11-24,snack,Farmer Müesli Pecannuss,130.0g,575.9,11.7,19.5,84.5
2024-11-25,lunch,Pinke Nudeln,1.0 Portion(en),2132.2,86.1,14.6,400.9
2024-11-25,lunch,Pouletfleisch 27.10.24,1.0 Portion(en),3025.6,470.2,119.3,17.9
2024-11-25,breakfast,Pain Paillasse,166.0g,401.4,16.6,1.7,79.7
2024-11-25,breakfast,Peanut Butter crunchy,30.0g,180.6,7.5,14.2,4.6
2024-11-25,lunch,Gran Cucina Reibkäse,25.0g,105.8,7.8,8.2,0.1
2024-11-25,dinner,Maréchal,80.0g,315.2,20.8,25.6,0.4
2024-11-25,dinner,Butter Chicken Delhi Style,500.0g,675.0,34.0,29.5,65.0
2024-11-25,snack,Gruyère,38.0g,173.0,6.0,6.0,23.0
2024-11-25,snack,"Nudeln, gekocht (aus Hartweizengrieß)",200.0g,286.0,10.0,1.0,56.2
2024-11-26,breakfast,Pain Paillasse,150.0g,362.7,15.0,1.5,72.0
2024-11-26,breakfast,Peanut Butter crunchy,30.0g,180.6,7.5,14.2,4.6
2024-11-26,breakfast,Butter,10.0g,74.1,0.1,8.3,0.1
2024-11-26,dinner,Dar Vida Gruyère,46.0g,203.3,6.9,7.4,25.3
2024-11-26,snack,More Clear Glow Peptides Rhabarber-Vanille,30.0g,105.6,24.6,0.0,1.2
2024-11-26,lunch,Rinds Voressen,50.0g,64.0,10.0,2.5,0.4
2024-11-26,lunch,Gnocchi,250.0g,390.0,9.2,1.2,82.5
2024-11-26,lunch,"Leberkäse (Fleischkäse), gebraten",80.0g,246.4,9.9,23.1,0.3
2024-11-26,lunch,Bauernbrot,50.0g,107.0,3.6,0.6,20.0
2024-11-26,lunch,Kartoffel gratin,120.0g,151.2,6.2,6.0,19.0
2024-11-27,lunch,Pouletfleisch 27.10.24,1.0 Portion(en),3025.6,470.2,119.3,17.9
2024-11-27,breakfast,Bürlibrot,130.0g,334.1,15.6,1.3,62.4
2024-11-27,breakfast,Peanut Butter crunchy,50.0g,301.0,12.4,23.6,7.6
2024-11-27,lunch,Gran Cucina Reibkäse,25.0g,105.8,7.8,8.2,0.1
2024-11-27,lunch,"Nudeln, gekocht (aus Hartweizengrieß)",200.0g,286.0,10.0,1.0,56.2
2024-11-27,lunch,Rinds Voressen,110.0g,140.8,22.0,5.5,0.9
2024-11-27,dinner,Spaghetti Bolognese,500.0g,715.0,31.0,17.5,104.0
2024-11-28,breakfast,Pain Paillasse,90.0g,217.6,9.0,0.9,43.2
2024-11-28,breakfast,Schweizer Bürli ,40.0g,110.4,5.0,0.6,26.4
2024-11-28,breakfast,Peanut Butter American Premium ,15.0g,93.8,3.5,7.3,3.5
2024-11-28,lunch,Butter Chicken Delhi Style,500.0g,675.0,34.0,29.5,65.0
2024-11-28,dinner,Urdinkelbrot,110.0g,277.2,12.1,3.6,46.2
2024-11-28,dinner,Peanut Butter American Premium ,24.0g,150.0,5.5,11.8,5.5
2024-11-28,dinner,Magerquark,500.0g,310.0,55.0,1.0,20.0
2024-11-29,breakfast,Schweizer Bürli ,110.0g,303.6,13.8,1.8,72.6
2024-11-29,breakfast,Peanut Butter American Premium ,30.0g,187.5,6.9,14.7,6.9
2024-11-29,lunch,Vaya,80.0g,339.2,16.8,9.6,43.2
2024-11-29,lunch,Spaghetti Bolognese,441.0g,630.6,27.3,15.4,91.7
2024-11-29,breakfast,White chocolate almond ,55.0g,200.2,19.8,8.2,15.9
2024-11-29,dinner,Säntis bergkäse,61.0g,227.5,17.1,17.7,0.1
2024-11-29,dinner,Magerquark,500.0g,315.0,48.5,2.5,28.5
2024-11-30,snack,Basmati Reis gekocht,1.0 Portion(en),3580.0,86.0,11.0,780.0
2024-11-30,snack,Butter Chicken Dehli Style selfmade,1.0 Portion(en),3315.7,480.0,112.5,99.3
2024-11-30,dinner,Bürlibrot,35.0g,90.0,4.2,0.3,16.8
2024-11-30,dinner,Peanut Butter,8.0g,48.0,2.0,3.7,1.3
2024-11-30,breakfast,Mozzarella,200.0g,488.0,38.0,36.0,3.0
2024-11-30,breakfast,Dar Vida Gruyère,46.0g,203.3,6.9,7.4,25.3
2024-11-30,dinner,Nuts Royal,100.0g,646.0,20.4,58.0,6.4
2024-11-30,dinner,Skandinavischer Räucherlachs,80.0g,139.2,16.8,8.0,0.0
2024-11-30,lunch,Knöpfle Eierspätzle,250.0g,410.0,15.5,7.8,67.5
2024-11-30,snack,Easy Chips Paprika,150.0g,714.0,9.8,33.0,91.5
2024-11-30,snack,Isoclear,20.0g,69.0,16.0,0.0,0.5
2024-12-01,dinner,Basmati Reis gekocht,1.0 Portion(en),3580.0,86.0,11.0,780.0
2024-12-01,dinner,Butter Chicken Dehli Style selfmade,1.0 Portion(en),3315.7,480.0,112.5,99.3
2024-12-01,breakfast,Frischback Panino Rustico,280.0g,991.2,36.4,17.1,162.4
2024-12-01,breakfast,Nutella,15.0g,80.8,0.9,4.6,8.6
2024-12-01,breakfast,Cotto Schinken,75.0g,78.0,12.0,3.0,1.5
2024-12-01,breakfast,Honig,30.0g,91.8,0.1,0.0,22.5
2024-12-01,breakfast,Appenzeller Käse,75.0g,294.8,18.9,24.0,0.0
2024-12-01,breakfast,Mokka Joghurt,360.0g,349.2,15.1,11.2,46.8
2024-12-01,dinner,Skandinavischer Räucherlachs,57.0g,99.2,12.0,5.7,0.0
2024-12-01,dinner,Gruyère,19.0g,86.5,3.0,3.0,11.5
2024-12-01,dinner,magerquark M- Budget,350.0g,220.5,33.9,1.8,19.9
2024-12-02,breakfast,Overnight Oats,1.0 Portion(en),637.5,56.4,19.9,54.2
2024-12-02,breakfast,Apero tete de moine AOP,52.0g,217.9,13.0,17.8,0.1
2024-12-02,lunch,Dinkelknöpfle ,400.0g,584.0,25.2,13.2,88.0
2024-12-02,lunch,Emmentaler & Le Gruyère gerieben,75.0g,303.0,21.8,24.0,0.1
2024-12-02,dinner,Canneloni Ricotta e Spinaci al pomodoro,400.0g,616.0,31.2,34.8,48.0
2024-12-02,snack,Skandinavischer Räucherlachs,70.0g,121.8,14.7,7.0,0.0
2024-12-02,snack,Skandinavischer Räucherlachs,50.0g,87.0,10.5,5.0,0.0
2024-12-03,breakfast,Overnight Oats,1.0 Portion(en),637.5,56.4,19.9,54.2
2024-12-03,dinner,Skandinavischer Räucherlachs,117.0g,201.2,24.6,11.5,0.6
2024-12-03,lunch,Lasagne alla bolognese,567.0g,850.5,31.8,39.1,90.7
2024-12-03,snack,Kebab de Poulet,420.0g,730.8,50.4,27.3,67.2
2024-12-04,breakfast,Overnight Oats,1.0 Portion(en),637.5,56.4,19.9,54.2
2024-12-04,lunch,"Dinkelnudeln, gekocht",300.0g,384.0,13.8,3.3,72.0
2024-12-04,lunch,Hasenfleisch,140.0g,214.2,42.0,5.6,0.0
2024-12-04,breakfast,Kezz Paprika,110.0g,533.5,7.3,27.5,61.6
2024-12-06,breakfast,Overnight Oats,1.0 Portion(en),637.5,56.4,19.9,54.2
2024-12-06,lunch,Basmati Reis gekocht,1.0 Portion(en),3580.0,86.0,11.0,780.0
2024-12-06,lunch,Butter Chicken Dehli Style selfmade,1.0 Portion(en),3315.7,480.0,112.5,99.3
2024-12-06,snack,White chocolate almond ,55.0g,200.2,19.8,8.2,15.9
2024-12-06,snack,Sandwich M budget chicken tartare,250.0g,697.5,27.5,27.5,80.0
2024-12-07,breakfast,Bauernbrot,200.0g,428.0,14.6,2.2,80.0
2024-12-07,breakfast,Peanut Butter,27.0g,162.0,6.6,12.6,4.3
2024-12-07,breakfast,Crema di Nocciole,20.0g,114.6,2.4,7.9,8.0
2024-12-07,lunch,Vaya,80.0g,339.2,16.8,9.6,43.2
2024-12-07,lunch,White chocolate almond ,55.0g,200.2,19.8,8.2,15.9
2024-12-07,lunch,Gipfeli,200.0g,524.0,0.0,27.2,54.6
2024-12-07,dinner,Dar Vida Gruyère,46.0g,203.3,6.9,7.4,25.3
2024-12-08,dinner,More Clear Glow Peptides Rhabarber-Vanille,40.0g,140.8,32.8,0.0,1.6
2024-12-08,breakfast,Weggli/Schwöbli,40.0g,124.8,4.0,3.5,18.8
2024-12-08,breakfast,Crema di Nocciole,10.0g,57.3,1.2,3.9,4.0
2024-12-08,breakfast,Kebab de Poulet,700.0g,1218.0,84.0,45.5,112.0
2024-12-08,breakfast,Chicken Nuggets mit Pommes,150.0g,342.0,10.8,16.1,37.6
2024-12-08,lunch,"Maroni, gegart",200.0g,370.0,10.2,1.8,72.0
2024-12-09,breakfast,Skandinavischer Räucherlachs,190.0g,330.6,39.9,19.0,0.0
2024-12-09,breakfast,Peanut Butter,11.0g,66.0,2.7,5.1,1.8
2024-12-09,breakfast,Weißbrötchen,60.0g,150.6,5.4,0.6,29.4
2024-12-09,lunch,Lasagne alla bolognese,567.0g,850.5,31.8,39.1,90.7
2024-12-09,dinner,Butterlaugebrezel,70.0g,241.5,5.5,8.2,36.4
2024-12-09,dinner,Poulet,150.0g,181.5,33.0,4.2,2.7
2024-12-09,snack,Premium Musli Triple Choc,75.0g,329.2,8.2,11.2,45.8
2024-12-09,dinner,Milch,200.0g,92.0,6.4,3.0,9.8
2024-12-10,lunch,Basmati Reis gekocht,1.0 Portion(en),3580.0,86.0,11.0,780.0
2024-12-10,lunch,Butter Chicken Dehli Style selfmade,1.0 Portion(en),3315.7,480.0,112.5,99.3
2024-12-10,breakfast,Urdinkelbrot,135.0g,340.2,14.8,4.5,56.7
2024-12-10,breakfast,Crema di Nocciole,8.0g,45.8,1.0,3.2,3.2
2024-12-10,breakfast,Crema di Nocciole,10.0g,57.3,1.2,3.9,4.0
2024-12-10,breakfast,Peanut Butter,11.0g,66.0,2.7,5.1,1.8
2024-12-11,breakfast,Magerquark,500.0g,315.0,50.0,2.5,20.0
2024-12-11,lunch,Ghackets und Hörnli,450.0g,684.0,49.5,22.1,67.5
2024-12-11,dinner,Schweizer Bürli ,120.0g,331.2,15.0,1.9,79.2
2024-12-11,dinner,Crema di Nocciole,25.0g,143.2,3.0,9.8,10.1
2024-12-11,dinner,Peanut Butter,20.0g,120.0,4.9,9.3,3.2
2024-12-11,snack,Würstchengulasch,300.0g,243.0,24.3,9.6,13.2
2024-12-11,snack,"Kartoffeln (ohne Schale), gekocht",400.0g,360.0,8.0,0.0,75.6
2024-12-12,breakfast,Bauernbrot,120.0g,256.8,8.8,1.3,48.0
2024-12-12,breakfast,Peanut Butter,20.0g,120.0,4.9,9.3,3.2
2024-12-12,lunch,"Randen, gekocht",350.0g,189.0,6.3,1.8,35.0
2024-12-12,lunch,Filet-o-Fish,100.0g,250.0,11.0,11.0,27.0
2024-12-12,dinner,White chocolate almond ,55.0g,200.2,19.8,8.2,15.9
2024-12-12,lunch,Penne Cinque Pi,350.0g,606.6,40.9,31.5,31.5
2024-12-12,lunch,Polenta (zubereitet),160.0g,152.0,3.8,2.9,26.6
2024-12-12,lunch,Herbs light Dressing,80.0g,82.4,0.5,7.7,2.4
2024-12-12,dinner,Premium Musli Triple Choc,60.0g,263.4,6.6,9.0,36.6
2024-12-12,dinner,Milch,250.0g,115.0,8.0,3.8,12.2
2024-12-12,snack,Mozzarella fettreduziert,125.0g,367.5,22.5,23.8,1.9
2024-12-12,snack,Milchschnitte,28.0g,117.9,2.2,7.8,9.5
2024-12-13,snack,Malzkornbrot,240.0g,535.2,16.8,2.4,105.6
2024-12-13,snack,Peanut Butter creamy,75.0g,462.0,16.5,37.5,11.2
2024-12-13,breakfast,Bauernbrot,65.0g,139.1,4.7,0.7,26.0
2024-12-13,lunch,Lasagne alla bolognese,560.0g,840.0,31.4,38.6,89.6
2024-12-14,breakfast,Weggli/Schwöbli,100.0g,312.0,10.0,8.8,47.0
2024-12-14,breakfast,Peanut Butter creamy,30.0g,184.8,6.6,15.0,4.5
2024-12-14,lunch,Alpstein Bergkäse,36.0g,136.1,9.7,10.8,0.0
2024-12-14,lunch,"Dinkelnudeln, gekocht",275.0g,352.0,12.7,3.0,66.0
2024-12-14,lunch,Putenfleisch,150.0g,232.5,31.4,11.6,0.6
2024-12-14,lunch,Rahmsauce,60.0g,227.4,0.7,22.2,6.6
2024-12-14,dinner,Milfina active drink,200.0g,128.0,6.0,1.8,22.0
2024-12-14,dinner,Kochschinken,250.0g,280.0,50.0,7.5,2.5
2024-12-14,dinner,"Kartoffeln (ohne Schale), gekocht",400.0g,360.0,8.0,0.0,75.6
2024-12-15,lunch,Milfina active drink,100.0g,64.0,3.0,0.9,11.0
2024-12-15,lunch,Skandinavischer Räucherlachs,190.0g,330.6,39.9,19.0,0.0
2024-12-15,breakfast,Magerquark,450.0g,283.5,45.0,2.2,18.0
2024-12-15,dinner,Vegi Red Thai Curry  mit Reis und Tofu,500.0g,865.0,25.0,40.0,100.0
2024-12-15,dinner,Premium Muesli Honey & Nuts,100.0g,479.0,11.0,21.0,58.0
2024-12-15,dinner,Milch,300.0g,138.0,9.6,4.5,14.7
2024-12-16,lunch,Basmati Reis gekocht,1.0 Portion(en),3580.0,86.0,11.0,780.0
2024-12-16,lunch,Butter Chicken Dehli Style selfmade,1.0 Portion(en),3315.7,480.0,112.5,99.3
2024-12-16,breakfast,Skandinavischer Räucherlachs,150.0g,261.0,31.5,15.0,0.0
2024-12-16,breakfast,Malzkornbrot,100.0g,223.0,7.0,1.0,44.0
2024-12-16,breakfast,Pouletaufschnitt,150.0g,160.5,31.5,3.0,1.5
2024-12-16,dinner,Premium Muesli Honey & Nuts,70.0g,335.3,7.7,14.7,40.6
2024-12-16,dinner,Milch,200.0g,92.0,6.4,3.0,9.8
2024-12-17,lunch,Basmati Reis gekocht,1.0 Portion(en),3580.0,86.0,11.0,780.0
2024-12-17,lunch,Butter Chicken Dehli Style selfmade,1.0 Portion(en),3315.7,480.0,112.5,99.3
2024-12-17,lunch,Basmati Reis gekocht,1.0 Portion(en),3580.0,86.0,11.0,780.0
2024-12-17,breakfast,Malzkornbrot,90.0g,200.7,6.3,0.9,39.6
2024-12-17,breakfast,Peanut Butter,32.0g,192.0,7.9,14.9,5.2
2024-12-17,breakfast,"Hühnerei, Eier, gekocht",60.0g,82.2,7.1,5.6,0.9
2024-12-17,breakfast,Tofu,60.0g,76.2,9.3,3.4,1.7
2024-12-18,breakfast,Milch,300.0g,138.0,9.6,4.5,14.7
2024-12-18,breakfast,Premium Muesli Honey & Nuts,130.0g,622.7,14.3,27.3,75.4
2024-12-18,dinner,Döner Kebab,600.0g,1044.0,63.0,29.4,124.8
2024-12-19,breakfast,Premium Muesli Honey & Nuts,120.0g,574.8,13.2,25.2,69.6
2024-12-19,breakfast,Milch,300.0g,138.0,9.6,4.5,14.7
2024-12-19,lunch,Pizza Poulet Curry,350.0g,934.5,42.7,34.6,108.8
2024-12-19,dinner,Poulet au Café de Paris,417.0g,588.0,30.0,18.3,70.9
2024-12-19,snack,Magerquark,300.0g,189.0,30.0,1.5,12.0
2024-12-19,snack,Mozzarella fettreduziert,125.0g,367.5,22.5,23.8,1.9
2024-12-20,breakfast,Pouletaufschnitt,140.0g,149.8,29.4,2.8,1.4
2024-12-20,breakfast,Bürlibrot,100.0g,257.0,12.0,1.0,48.0
2024-12-20,breakfast,White chocolate almond ,55.0g,200.2,19.8,8.2,15.9
2024-12-20,lunch,Classic Branches,27.0g,145.8,1.8,8.6,14.6
2024-12-20,lunch,Pizza Poulet Curry,600.0g,1602.0,73.2,59.4,186.6
2024-12-21,breakfast,Knabbermüeslu Choco,60.0g,255.6,5.6,7.2,40.2
2024-12-21,breakfast,Mokka Joghurt,200.0g,194.0,8.4,6.2,26.0
2024-12-21,breakfast,Spaghetti Bolognese,350.0g,500.5,21.7,12.2,72.8
2024-12-21,dinner,Magerquark,500.0g,315.0,50.0,2.5,20.0
2024-12-21,dinner,Mozzarella fettreduziert,125.0g,367.5,22.5,23.8,1.9
2024-12-23,dinner,Sternenberger,67.0g,270.7,19.4,21.4,0.1
2024-12-23,breakfast,Premium Musli Triple Choc,133.0g,583.9,14.6,19.9,81.1
2024-12-23,breakfast,Magerquark,500.0g,315.0,50.0,2.5,20.0
2024-12-23,breakfast,Milch,320.0g,147.2,10.2,4.8,15.7
2024-12-23,lunch,Rauchlachs,115.0g,226.6,23.0,14.9,0.0
2024-12-23,lunch,Grill - Poulet BBQ ,371.0g,623.3,70.5,37.1,1.9
2024-12-24,breakfast,Premium Musli Triple Choc,140.0g,614.6,15.4,21.0,85.4
2024-12-24,breakfast,Milch,500.0g,230.0,16.0,7.5,24.5
2024-12-24,lunch,Sushi Meal,350.0g,504.0,11.2,11.6,84.0
2024-12-24,lunch,SchinkenSahneSpeck Nudeln,300.0g,714.0,6.0,30.0,75.0
2024-12-24,snack,Skandinavischer Räucherlachs,200.0g,348.0,42.0,20.0,0.0
2024-12-25,breakfast,Milch,200.0g,92.0,6.4,3.0,9.8
2024-12-25,breakfast,Premium Muesli Honey & Nuts,70.0g,335.3,7.7,14.7,40.6
2024-12-25,breakfast,Skandinavischer Räucherlachs,200.0g,348.0,42.0,20.0,0.0
2024-12-25,breakfast,Butterzopf,220.0g,673.2,19.8,15.4,112.2
2024-12-25,breakfast,Hinterschinken,110.0g,138.6,27.5,3.2,0.0
2024-12-25,snack,Nature Cracker,38.0g,169.1,4.9,5.7,23.2
2024-12-25,lunch,Balisto peanuts,52.0g,228.3,4.5,8.8,31.2
2024-12-25,lunch,Kinder Bueno White,19.5g,111.3,1.7,7.0,10.3
2024-12-25,dinner,Mozzarella fettreduziert,125.0g,367.5,22.5,23.8,1.9
2024-12-25,dinner,Sternenberger,47.0g,189.9,13.6,15.0,0.0
2024-12-25,dinner,Erbsen und Karotten,400.0g,232.0,13.2,2.8,22.0
2024-12-26,breakfast,Butterzopf,80.0g,244.8,7.2,5.6,40.8
2024-12-26,breakfast,Skandinavischer Räucherlachs,200.0g,348.0,42.0,20.0,0.0
2024-12-26,breakfast,Premium Muesli Honey & Nuts,80.0g,383.2,8.8,16.8,46.4
2024-12-26,breakfast,Milch,200.0g,92.0,6.4,3.0,9.8
2024-12-26,lunch,kaninchen-Rollbraten,250.0g,327.5,47.5,14.2,2.0
2024-12-26,dinner,Mozzarella fettreduziert,125.0g,367.5,22.5,23.8,1.9
2024-12-27,breakfast,Premium Muesli Honey & Nuts,87.0g,416.7,9.6,18.3,50.5
2024-12-27,breakfast,Milch,250.0g,115.0,8.0,3.8,12.2
2024-12-27,lunch,Raclette Käse,70.0g,240.1,15.9,19.6,0.0
2024-12-27,lunch,Kartoffeln gekocht,500.0g,380.0,10.0,0.5,75.0
2024-12-27,lunch,Quarkdip mit Kräutern,200.0g,190.0,17.2,1.2,8.4
2024-12-27,dinner,Kaninchenrollbraten,220.0g,214.9,49.5,1.8,0.7
2024-12-27,dinner,Kartoffel gratin,200.0g,252.0,10.4,10.0,31.6
2024-12-27,snack,Pouletaufschnitt,57.0g,61.0,12.0,1.1,0.6
2024-12-27,snack,Milch,300.0g,192.0,9.6,10.5,14.7
2024-12-27,snack,WHEY-PROTEIN MILKSHAKE CHOCOLATE,60.0g,220.8,31.7,1.9,19.2
2024-12-28,breakfast,Bauernbrot,125.0g,267.5,9.1,1.4,50.0
2024-12-28,breakfast,Peanut Butter creamy,15.0g,92.4,3.3,7.5,2.2
2024-12-28,breakfast,Skandinavischer Räucherlachs,200.0g,348.0,42.0,20.0,0.0
2024-12-28,lunch,Gebratene Nudeln mit Hähnchenfleisch,200.0g,1266.0,44.0,60.0,136.0
2024-12-28,dinner,Butterzopf,150.0g,459.0,13.5,10.5,76.5
2024-12-29,dinner,Basmati Reis gekocht,1.0 Portion(en),3580.0,86.0,11.0,780.0
2024-12-29,dinner,Butter Chicken Dehli Style selfmade,1.0 Portion(en),3315.7,480.0,112.5,99.3
2024-12-29,breakfast,Milch,580.0g,371.2,18.6,20.3,28.4
2024-12-29,breakfast,Premium Muesli Honey & Nuts,190.0g,910.1,20.9,39.9,110.2
2024-12-29,lunch,Mozzarella fettreduziert,125.0g,367.5,22.5,23.8,1.9
2024-12-29,snack,More Clear Glow Peptides Rhabarber-Vanille,34.0g,119.7,27.9,0.0,1.3
2024-12-30,breakfast,Milch,400.0g,256.0,12.8,14.0,19.6
2024-12-30,breakfast,Premium Muesli Honey & Nuts,140.0g,670.6,15.4,29.4,81.2
2024-12-30,lunch,Ovomaltine Original ohne Zucketz,15.0g,56.0,1.9,0.3,11.1
2024-12-30,lunch,Schweizer Bürli ,65.0g,179.4,8.1,1.0,42.9
2024-12-30,lunch,Thai Curry mit Hühnchen und Reis,500.0g,1250.0,65.0,50.0,115.0
2024-12-30,lunch,Gulaschsuppe,200.0g,112.0,9.2,6.0,4.0
2024-12-30,snack,"Banane (ohne Schale), frisch",120.0g,111.6,1.3,0.2,24.0
2024-12-30,dinner,Magerquark,500.0g,315.0,50.0,2.5,20.0
2024-12-30,dinner,Mozzarella,128.0g,312.3,24.3,23.0,1.9
2024-12-31,breakfast,Pouletbrust mit Curry,270.0g,283.5,59.4,3.8,2.4
2024-12-31,breakfast,Bauernbrot,80.0g,171.2,5.8,0.9,32.0
2024-12-31,lunch,Poulet Schenkel,275.0g,470.2,49.5,30.2,2.8
2024-12-31,lunch,St.Galler OLMA-Bratwurst ,130.0g,318.5,16.9,27.3,1.2
2024-12-31,lunch,"Kartoffeln (ohne Schale), gekocht",150.0g,135.0,3.0,0.0,28.4
2024-12-31,lunch,Philadelphia Kräuter,50.0g,108.0,2.6,10.0,2.0
2024-12-31,lunch,Magerquark,222.0g,139.9,22.2,1.1,8.9
2024-12-31,dinner,Pain Paillasse,95.0g,229.7,9.5,0.9,45.6
2025-01-01,lunch,Magerquark,500.0g,315.0,50.0,2.5,20.0
2025-01-01,dinner,Sushi Meal,150.0g,216.0,4.8,5.0,36.0
2025-01-01,dinner,Skandinavischer Räucherlachs,120.0g,208.8,25.2,12.0,0.0
2025-01-01,breakfast,Thonbrötchen,300.0g,915.0,30.0,54.0,75.0
2025-01-01,lunch,Geflügel-Pastete,100.0g,156.0,16.0,10.0,0.5
2025-01-02,snack,Quarkhimmel,500.0g,265.0,43.0,2.5,22.5
2025-01-02,breakfast,Bauernbrot,140.0g,299.6,10.2,1.5,56.0
2025-01-02,breakfast,Peanut Butter creamy,40.0g,246.4,8.8,20.0,6.0
2025-01-02,dinner,Linsenlasagne,400.0g,312.0,12.0,8.0,40.0
2025-01-03,breakfast,Bio Müsli Dinkel-Schoko,88.0g,361.7,10.6,10.6,52.8
2025-01-03,breakfast,Milch,250.0g,115.0,8.0,3.8,12.2
2025-01-03,lunch,Wildreis(gekocht),350.0g,437.5,16.8,1.8,87.5
2025-01-03,lunch,Pouletfilet-Geschnetzeltes,200.0g,206.0,44.0,3.4,0.0
2025-01-03,lunch,Lachsforelle,100.0g,127.0,21.0,5.0,0.0
2025-01-03,dinner,Premium Muesli Honey & Nuts,200.0g,958.0,22.0,42.0,116.0
2025-01-03,dinner,Milch,400.0g,256.0,12.8,14.0,19.6
2025-01-03,snack,Joghurt Nature Migros Bio,400.0g,268.0,17.2,14.0,18.0
2025-01-03,dinner,"Milch UHT 2,5%",300.0g,174.0,10.2,8.1,15.6
2025-01-04,breakfast,Premium Muesli Honey & Nuts,174.0g,833.5,19.1,36.5,100.9
2025-01-04,breakfast,Milch,800.0g,368.0,25.6,12.0,39.2
2025-01-04,lunch,Borito,90.0g,310.5,8.7,7.9,49.6
2025-01-04,lunch,Thomynaise,38.0g,116.3,0.3,12.0,1.7
2025-01-04,lunch,Pouletfilet-Geschnetzeltes,272.0g,280.2,59.8,4.6,0.0
2025-01-04,lunch,Mozzarella,100.0g,244.0,19.0,18.0,1.5
2025-01-05,breakfast,Omelette,130.0g,200.2,13.8,15.2,0.8
2025-01-05,breakfast,Peanut Butter creamy,25.0g,154.0,5.5,12.5,3.8
2025-01-05,breakfast,Premium Muesli Honey & Nuts,122.0g,584.4,13.4,25.6,70.8
2025-01-05,breakfast,Milch,385.0g,177.1,12.3,5.8,18.9
2025-01-05,lunch,Borito,90.0g,310.5,8.7,7.9,49.6
2025-01-05,lunch,Thomynaise,38.0g,116.3,0.3,12.0,1.7
2025-01-05,lunch,Mozzarella,100.0g,244.0,19.0,18.0,1.5
2025-01-05,lunch,Hackbällchen,200.0g,548.0,42.2,30.0,0.0
2025-01-05,dinner,WHEY-PROTEIN MILKSHAKE CHOCOLATE,61.0g,224.5,32.2,2.0,19.5
2025-01-05,dinner,Milch,250.0g,115.0,8.0,3.8,12.2
2025-01-06,lunch,Sauce für Poulet,1.0 Portion(en),701.1,30.9,52.3,25.4
2025-01-06,breakfast,Joghurt Nature Migros Bio,200.0g,134.0,8.6,7.0,9.0
2025-01-06,breakfast,Choco Krispies,90.0g,347.4,5.7,1.7,75.6
2025-01-06,breakfast,Milch,200.0g,92.0,6.4,3.0,9.8
2025-01-06,lunch,"Nudeln, gekocht (aus Hartweizengrieß)",200.0g,286.0,10.0,1.0,56.2
2025-01-06,lunch,Pouletfilet-Geschnetzeltes,250.0g,257.5,55.0,4.2,0.0
2025-01-06,lunch,"Brokkoli (Broccoli), gekocht",280.0g,75.6,7.8,0.6,5.6
2025-01-06,snack,Gipfeli,100.0g,262.0,0.0,13.6,27.3
2025-01-06,dinner,Quarkhimmel,500.0g,265.0,43.0,2.5,22.5
2025-01-07,lunch,Basmati Reis gekocht,1.0 Portion(en),3580.0,86.0,11.0,780.0
2025-01-07,lunch,Butter Chicken Dehli Style selfmade,1.0 Portion(en),3315.7,480.0,112.5,99.3
2025-01-07,breakfast,Peanut Butter creamy,16.0g,98.6,3.5,8.0,2.4
2025-01-07,breakfast,Schweizer Bürli ,125.0g,345.0,15.6,2.0,82.5
2025-01-07,snack,Maréchal,80.0g,315.2,20.8,25.6,0.4
2025-01-07,dinner,Felfel Japanese chicken katsu curry,435.0g,500.2,22.2,15.2,65.2
2025-01-08,lunch,Lasagne selfmade,1.0 Portion(en),7949.7,541.2,407.9,525.0
2025-01-08,breakfast,Urdinkelbrot,135.0g,340.2,14.8,4.5,56.7
2025-01-08,breakfast,Honig,30.0g,91.8,0.1,0.0,22.5
2025-01-08,snack,Farmer Classic - Waldbeeren,25.0g,103.8,1.6,3.5,14.8
2025-01-08,dinner,Ravioli Alla Napoletana,870.0g,922.2,30.4,29.6,130.5
2025-01-08,snack,Bio Senner Extra,100.0g,380.0,28.0,32.0,0.5
2025-01-08,snack,Isoclear,30.0g,103.5,24.0,0.0,0.8
2025-01-09,breakfast,Malzkornbrot,175.0g,420.0,19.2,8.8,59.5
2025-01-09,breakfast,Peanut Butter creamy,20.0g,123.2,4.4,10.0,3.0
2025-01-09,breakfast,Honig,30.0g,91.8,0.1,0.0,22.5
2025-01-09,lunch,Brötchen Lachs,200.0g,332.0,42.0,18.0,1.0
2025-01-09,lunch,Bauernbrot,180.0g,385.2,13.1,2.0,72.0
2025-01-09,lunch,Protein Drink Macchiato,500.0g,260.0,37.0,2.5,26.5
2025-01-09,dinner,Protein Cookies & Cream Bar,45.0g,189.0,16.2,6.3,16.2
2025-01-10,breakfast,Proteinbrot YOU,400.0g,1192.0,104.0,60.0,37.2
2025-01-10,breakfast,Honig,30.0g,91.8,0.1,0.0,22.5
2025-01-10,breakfast,Laugen Butterbrezel,62.0g,226.9,4.7,13.0,24.2
2025-01-10,snack,Vaya,80.0g,339.2,16.8,9.6,43.2
2025-01-10,lunch,Polenta,400.0g,360.0,8.0,2.0,80.0
2025-01-10,lunch,Hackbällchen,125.0g,342.5,26.4,18.8,0.0
2025-01-11,breakfast,Urdinkelbrot,125.0g,315.0,13.8,4.1,52.5
2025-01-11,breakfast,Vaya,80.0g,339.2,16.8,9.6,43.2
2025-01-11,breakfast,High Protein Drink Himbeere,500.0g,250.0,36.0,2.5,25.5
2025-01-11,breakfast,Mini Paprika,80.0g,348.0,9.6,12.0,48.0
2025-01-11,lunch,Butterzopf,60.0g,183.6,5.4,4.2,30.6
2025-01-11,lunch,Laugenbrötchen (Laugensemmel),75.0g,211.5,7.0,3.7,36.7
2025-01-11,dinner,Chicken McNuggets,64.0g,193.3,10.1,12.7,9.7
2025-01-11,dinner,McChicken,131.0g,357.6,13.6,17.3,36.7
2025-01-11,dinner,Cheeseburger,120.0g,304.8,15.6,12.0,31.2
2025-01-12,breakfast,Gedeckte Kirschtorte,1.0 Portion(en),4542.8,104.6,235.1,484.9
2025-01-12,breakfast,Joghurt Mocca,200.0g,192.0,7.2,6.2,27.0
2025-01-12,breakfast,Apero tete de moine AOP,100.0g,419.0,25.0,34.3,0.2
2025-01-12,breakfast,Dinkelbrötchen,132.0g,298.3,13.2,4.5,50.2
2025-01-12,breakfast,Pouletbrust Curry Aufschnitt,60.0g,63.6,13.2,1.8,0.6
2025-01-12,snack,Pain Paillasse,200.0g,483.6,20.0,2.0,96.0
2025-01-12,dinner,Weizenmehl Type 405,40.0g,139.2,4.0,0.4,28.9
2025-01-12,dinner,Milch,40.0g,18.4,1.3,0.6,2.0
2025-01-12,dinner,"Hühnerei, Eier, roh",240.0g,328.8,28.3,22.3,3.6
2025-01-12,dinner,Pouletfilet-Geschnetzeltes,125.0g,128.8,27.5,2.1,0.0
2025-01-13,breakfast,Overnight Oats,1.0 Portion(en),637.5,56.4,19.9,54.2
2025-01-13,dinner,Butterzopf,110.0g,336.6,9.9,7.7,56.1
2025-01-13,dinner,Peanut Butter creamy,25.0g,154.0,5.5,12.5,3.8
2025-01-13,snack,Butterlaugebrezel,70.0g,241.5,5.5,8.2,36.4
2025-01-13,snack,Gruyère,38.0g,173.0,6.0,6.0,23.0
2025-01-13,dinner,Premium Muesli Honey & Nuts,75.0g,359.2,8.2,15.8,43.5
2025-01-13,dinner,Milch,300.0g,138.0,9.6,4.5,14.7
2025-01-13,lunch,"Kartoffeln (ohne Schale), gekocht",250.0g,225.0,5.0,0.0,47.2
2025-01-13,lunch,Butter,15.0g,111.2,0.1,12.5,0.1
2025-01-13,lunch,Pouletfilet-Geschnetzeltes,280.0g,288.4,61.6,4.8,0.0
2025-01-13,lunch,Bratensauce,150.0g,66.0,1.9,2.2,8.8
2025-01-14,breakfast,Overnight Oats,1.0 Portion(en),637.5,56.4,19.9,54.2
2025-01-14,breakfast,Pain Paillasse,125.0g,302.2,12.5,1.2,60.0
2025-01-14,breakfast,Skandinavischer Räucherlachs,200.0g,348.0,42.0,20.0,0.0
2025-01-14,lunch,"Kartoffeln (ohne Schale), gekocht",250.0g,225.0,5.0,0.0,47.2
2025-01-14,lunch,Butter,15.0g,111.2,0.1,12.5,0.1
2025-01-14,lunch,"Brokkoli (Broccoli), gekocht",400.0g,108.0,11.2,0.8,8.0
2025-01-15,lunch,Sauce für Poulet,1.0 Portion(en),701.1,30.9,52.3,25.4
2025-01-15,snack,Overnight Oats,1.0 Portion(en),637.5,56.4,19.9,54.2
2025-01-15,breakfast,Urdinkelbrot,140.0g,352.8,15.4,4.6,58.8
2025-01-15,breakfast,Honig,30.0g,91.8,0.1,0.0,22.5
2025-01-15,breakfast,Butter,20.0g,148.2,0.1,16.6,0.1
2025-01-15,lunch,"Nudeln, gekocht (aus Hartweizengrieß)",200.0g,286.0,10.0,1.0,56.2
2025-01-15,lunch,Pouletfilet-Geschnetzeltes,250.0g,257.5,55.0,4.2,0.0
2025-01-15,lunch,"Brokkoli (Broccoli), gekocht",280.0g,75.6,7.8,0.6,5.6
2025-01-15,snack,Gruyère,38.0g,173.0,6.0,6.0,23.0
2025-01-15,snack,Kebab de Poulet,500.0g,870.0,60.0,32.5,80.0
2025-01-16,breakfast,Overnight Oats,1.0 Portion(en),637.5,56.4,19.9,54.2
2025-01-16,snack,Protein Drink Macchiato,500.0g,260.0,37.0,2.5,26.5
2025-01-16,lunch,sushi-box,205.0g,323.9,9.6,9.2,49.2
2025-01-16,lunch,Cheeseburger,133.0g,380.4,19.4,19.7,31.5
2025-01-16,lunch,Kartoffelsalat (mit Mayonnaise),400.0g,420.0,7.2,17.6,53.6
2025-01-16,dinner,Chiefs proteine chips,80.0g,314.4,20.8,7.2,40.8
2025-01-16,dinner,"Apfel (mit Schale), frisch",260.0g,169.0,0.8,0.3,37.2
2025-01-17,breakfast,Overnight Oats,1.0 Portion(en),637.5,56.4,19.9,54.2
2025-01-17,breakfast,White chocolate almond ,55.0g,200.2,19.8,8.2,15.9
2025-01-17,lunch,Kartoffelgratin,600.0g,726.0,12.0,42.0,71.4
2025-01-17,snack,Shushi Kawai,220.0g,352.0,9.7,5.7,57.2
2025-01-17,snack,Vaya,80.0g,339.2,16.8,9.6,43.2
2025-01-17,dinner,Skandinavischer Räucherlachs,117.0g,203.6,24.6,11.7,0.0
2025-01-17,dinner,Mozzarella fettreduziert,125.0g,367.5,22.5,23.8,1.9
2025-01-18,breakfast,Overnight Oats,1.0 Portion(en),637.5,56.4,19.9,54.2
2025-01-18,dinner,Pizza High Protein,1.0 Portion(en),508.8,50.6,6.0,60.0
2025-01-18,breakfast,Skandinavischer Räucherlachs,83.0g,144.4,17.4,8.3,0.0
2025-01-18,lunch,Knöpfle Eierspätzle,350.0g,574.0,21.7,10.8,94.5
2025-01-18,dinner,Sandwich M budget chicken tartare,205.0g,572.0,22.6,22.6,65.6
2025-01-19,breakfast,Mozzarella fettreduziert,57.0g,167.6,10.3,10.8,0.9
2025-01-19,breakfast,Premium Muesli Honey & Nuts,120.0g,574.8,13.2,25.2,69.6
2025-01-19,breakfast,Milch,400.0g,184.0,12.8,6.0,19.6
2025-01-19,breakfast,Butterzopf,55.0g,168.3,5.0,3.9,28.1
2025-01-19,lunch,"Risotto, gekocht",400.0g,312.0,5.6,7.6,54.4
2025-01-19,lunch,Grana,40.0g,159.2,13.2,11.6,0.0
2025-01-19,lunch,Dürüm Döner,500.0g,875.0,55.0,35.0,90.0
2025-01-19,dinner,Putenschinken (Truthahnschinken),30.0g,41.7,6.5,1.6,0.1
2025-01-19,dinner,Vollkornbrötchen,100.0g,232.0,8.3,1.5,42.4
2025-01-19,dinner,Skandinavischer Räucherlachs,100.0g,174.0,21.0,10.0,0.0
2025-01-20,breakfast,Bauernbrot,90.0g,192.6,6.6,1.0,36.0
2025-01-20,breakfast,Skandinavischer Räucherlachs,100.0g,174.0,21.0,10.0,0.0
2025-01-20,breakfast,Kokos-Mandel Protein Riegel,35.0g,132.7,15.8,5.2,1.1
2025-01-20,snack,Gruyère,38.0g,173.0,6.0,6.0,23.0
2025-01-20,dinner,Mozzarella fettreduziert,125.0g,367.5,22.5,23.8,1.9
2025-01-20,snack,Chips Paprika,100.0g,510.0,5.9,31.0,51.0
2025-01-20,snack,Farmer Soft Brombeer & Apfel,26.0g,113.1,2.3,4.4,15.6
2025-01-20,lunch,Kartoffelgratin (überbacken),325.0g,552.5,17.9,34.8,40.3
2025-01-20,dinner,Magerquark,500.0g,315.0,50.0,2.5,20.0
2025-01-21,dinner,Pizza High Protein,1.0 Portion(en),508.8,50.6,6.0,60.0
2025-01-21,snack,Chips Paprika,100.0g,510.0,5.9,31.0,51.0
2025-01-21,lunch,Premium Apfelfladen,100.0g,260.0,2.9,8.6,41.0
2025-01-21,lunch,Farmer Soft Brombeer & Apfel,26.0g,113.1,2.3,4.4,15.6
2025-01-21,dinner,Magerquark,200.0g,126.0,20.0,1.0,8.0
2025-01-21,dinner,Bio Senner Extra,45.0g,171.0,12.6,14.4,0.2
2025-01-22,breakfast,Premium Musli Triple Choc,100.0g,439.0,11.0,15.0,61.0
2025-01-22,breakfast,Milch,400.0g,184.0,12.8,6.0,19.6
2025-01-22,snack,Blevita Original,38.0g,163.8,4.6,4.9,22.8
2025-01-22,lunch,"Kartoffeln (ohne Schale), gekocht",450.0g,405.0,9.0,0.0,85.0
2025-01-22,lunch,Geschnezeltes Schweinefleisch,50.0g,87.5,4.1,6.1,4.0
2025-01-22,dinner,Malzkornbrot,300.0g,669.0,21.0,3.0,132.0
2025-01-22,dinner,Peanut Butter,30.0g,180.0,7.4,14.0,4.8
2025-01-22,dinner,Magerquark,500.0g,315.0,50.0,2.5,20.0
2025-01-23,dinner,Pouletfilet-Geschnetzeltes,500.0g,515.0,110.0,8.5,0.0
2025-01-23,dinner,Rindssteak,150.0g,159.0,33.6,2.7,0.8
2025-01-23,dinner,Lammrack,100.0g,155.0,20.0,8.3,0.0
2025-01-23,dinner,Spareribs,50.0g,116.0,8.5,8.5,1.2
2025-01-23,lunch,"Grüne Erbsen, gefroren",200.0g,192.0,14.2,1.0,25.4
2025-01-23,dinner,Nigiri Sushi,210.0g,340.2,10.5,9.2,52.9
2025-01-23,dinner,Chicken Nuggets,50.0g,148.0,7.7,9.9,7.0
2025-01-23,dinner,Skandinavischer Räucherlachs,175.0g,304.5,36.8,17.5,0.0
2025-01-23,lunch,Geschnetzeltes vom Rind,50.0g,57.5,11.5,1.1,0.0
2025-01-23,dinner,Kokoskuchen,200.0g,720.0,8.6,46.0,80.0
2025-01-23,lunch,Kroketten,150.0g,271.5,4.5,13.5,42.8
2025-01-24,breakfast,Premium Musli Triple Choc,50.0g,219.5,5.5,7.5,30.5
2025-01-24,breakfast,Yoghurt vanille,200.0g,190.0,8.2,7.2,23.2
2025-01-24,lunch,Erdnüsse geröstet & gesalzen,75.0g,464.2,18.0,38.2,8.2
2025-01-24,dinner,Mozzarella fettreduziert,125.0g,367.5,22.5,23.8,1.9
2025-01-24,dinner,"Lasagne Bolognese (Good Choise, Aldi)",500.0g,705.0,29.0,37.5,65.0
2025-01-24,dinner,Magerquark,500.0g,315.0,50.0,2.5,20.0
2025-01-24,lunch,Premium Muesli Honey & Nuts,60.0g,287.4,6.6,12.6,34.8
2025-01-24,lunch,Milch,250.0g,115.0,8.0,3.8,12.2
2025-01-25,dinner,Schweizer Bürli ,120.0g,331.2,15.0,1.9,79.2
2025-01-25,lunch,"Nudeln, gekocht (aus Hartweizengrieß)",80.0g,114.4,4.0,0.4,22.5
2025-01-25,lunch,Putenfleisch,200.0g,310.0,41.8,15.4,0.8
2025-01-25,breakfast,Premium Muesli Honey & Nuts,160.0g,766.4,17.6,33.6,92.8
2025-01-25,breakfast,Milch,640.0g,294.4,20.5,9.6,31.4
2025-01-25,snack,Quarkhimmel,500.0g,265.0,43.0,2.5,22.5
2025-01-25,dinner,Hamburger,220.0g,558.8,25.7,26.8,54.6
2025-01-26,breakfast,Premium Muesli Honey & Nuts,100.0g,479.0,11.0,21.0,58.0
2025-01-26,breakfast,Milch,400.0g,184.0,12.8,6.0,19.6
2025-01-26,lunch,Pommes Frites (frittiert und gesalzen),300.0g,885.0,12.6,43.5,107.1
2025-01-26,lunch,Chicken Nuggets,160.0g,323.2,24.0,15.4,22.4
2025-01-26,lunch,Pouletburger,180.0g,338.4,28.8,21.6,7.2
2025-01-26,breakfast,Butterzopf,75.0g,229.5,6.8,5.2,38.2
2025-01-26,snack,Coconut Passion,500.0g,95.0,0.0,0.0,22.0
2025-01-26,dinner,Magerquark,500.0g,315.0,50.0,2.5,20.0
2025-01-27,lunch,Sauce für Poulet,1.0 Portion(en),701.1,30.9,52.3,25.4
2025-01-27,breakfast,Premium Muesli Honey & Nuts,100.0g,479.0,11.0,21.0,58.0
2025-01-27,breakfast,Milch,400.0g,184.0,12.8,6.0,19.6
2025-01-27,lunch,"Nudeln, gekocht (aus Hartweizengrieß)",200.0g,286.0,10.0,1.0,56.2
2025-01-27,lunch,Pouletfilet-Geschnetzeltes,250.0g,257.5,55.0,4.2,0.0
2025-01-27,lunch,"Brokkoli (Broccoli), gekocht",280.0g,75.6,7.8,0.6,5.6
2025-01-27,dinner,Chicken Tikka Masalla (Spicy),470.0g,629.8,28.7,24.4,70.5
2025-01-27,snack,Knöpfli wie Hausgemacht,200.0g,314.0,14.0,5.0,52.0
2025-01-27,snack,Pouletfilet-Geschnetzeltes,100.0g,103.0,22.0,1.7,0.0
2025-01-28,dinner,Basmati Reis gekocht,1.0 Portion(en),3580.0,86.0,11.0,780.0
2025-01-28,breakfast,Premium Muesli Honey & Nuts,80.0g,383.2,8.8,16.8,46.4
2025-01-28,breakfast,Milch,400.0g,184.0,12.8,6.0,19.6
2025-01-28,dinner,Gulasch (Rindergulasch),350.0g,416.5,29.4,28.0,10.5
2025-01-28,lunch,Poulet brust,200.0g,202.0,46.0,2.0,0.2
2025-01-28,lunch,Knöpfli,333.0g,526.1,19.0,10.7,86.6
2025-01-28,lunch,Protein Balance,100.0g,87.0,11.0,2.5,4.9
2025-01-29,lunch,Basmati Reis gekocht,1.0 Portion(en),3580.0,86.0,11.0,780.0
2025-01-29,breakfast,Magerquark,500.0g,315.0,50.0,2.5,20.0
2025-01-29,breakfast,Maréchal,80.0g,315.2,20.8,25.6,0.4
2025-01-29,snack,Milchschokoladenstängel,22.0g,125.8,1.5,8.1,11.4
2025-01-29,lunch,Gulasch (Rindergulasch),300.0g,357.0,25.2,24.0,9.0
2025-01-30,lunch,Tessinerbrot Rustico,160.0g,456.0,15.8,9.6,73.6
2025-01-30,lunch,Brötchen Lachs,200.0g,332.0,42.0,18.0,1.0
2025-01-30,breakfast,Magerquark,500.0g,315.0,50.0,2.5,20.0
2025-01-30,lunch,Fleischvogel,100.0g,182.0,18.0,12.0,0.0
2025-01-30,lunch,"Spätzle, gekocht",150.0g,208.5,9.0,5.1,31.5
2025-01-30,dinner,Joghurt Mokka,200.0g,186.0,7.0,6.0,26.0
2025-01-31,breakfast,Magerquark,500.0g,315.0,48.5,2.5,28.5
2025-01-31,breakfast,Brötchen Lachs,200.0g,332.0,42.0,18.0,1.0
2025-01-31,lunch,Chicken Nuggets,250.0g,505.0,37.5,24.0,35.0
2025-01-31,lunch,Pommes Frites (frittiert und gesalzen),150.0g,442.5,6.3,21.8,53.5
2025-01-31,dinner,Mozzarella fettreduziert,125.0g,367.5,22.5,23.8,1.9
2025-01-31,dinner,Joghurt Mokka,200.0g,186.0,7.0,6.0,26.0
2025-01-31,dinner,Spaghetti Bolognese,225.0g,321.8,13.9,7.9,46.8
2025-01-31,dinner,Bio Senner Extra,20.0g,76.0,5.6,6.4,0.1
2025-01-31,dinner,Chocovo crunchy riegel,20.0g,89.0,2.1,2.9,13.5
2025-01-31,dinner,Caotina Original,15.0g,58.4,0.8,0.5,12.1
2025-01-31,snack,Tiroler Cake,150.0g,696.0,12.0,45.0,63.0
2025-02-01,breakfast,Joghurt Mokka,200.0g,186.0,7.0,6.0,26.0
2025-02-01,breakfast,Mozzarella fettreduziert,250.0g,735.0,45.0,47.5,3.8
2025-02-01,lunch,Pommes Frites (frittiert und gesalzen),100.0g,295.0,4.2,14.5,35.7
2025-02-01,lunch,Chicken Nuggets,275.0g,555.5,41.2,26.4,38.5
2025-02-01,lunch,Eistee Pfirsich,700.0g,133.0,3.5,3.5,32.2
2025-02-01,snack,Schoko-Bons,23.2g,133.6,1.9,8.5,12.2
2025-02-01,dinner,Premium Musli Triple Choc,110.0g,482.9,12.1,16.5,67.1
2025-02-01,dinner,Milch,500.0g,230.0,16.0,7.5,24.5
2025-02-01,snack,Chocovo crunchy riegel,24.0g,106.8,2.5,3.4,16.2
2025-02-01,snack,Joghurt Pfirsich und Passionsfrucht,350.0g,294.0,11.6,10.2,38.5
2025-02-02,snack,Isoclear,30.0g,103.5,24.0,0.0,0.8
2025-02-02,breakfast,Magerquark,500.0g,315.0,50.0,2.5,20.0
2025-02-02,lunch,Lasagne Bolognese,450.0g,769.5,36.5,38.2,67.0
2025-02-02,lunch,Parmesan Käse,30.0g,118.8,9.2,9.2,0.0
2025-02-02,dinner,Linzertörtchen,100.0g,431.0,5.6,20.0,56.0
2025-02-02,dinner,Zwiebelkuchen,300.0g,513.0,21.0,23.4,54.0
2025-02-02,snack,Chocovo crunchy riegel,24.0g,106.8,2.5,3.4,16.2
2025-02-02,snack,Joghurt Himbeer-Vanille,300.0g,249.0,9.3,9.0,33.0
2025-02-03,breakfast,Mozzarella fettreduziert,125.0g,367.5,22.5,23.8,1.9
2025-02-03,breakfast,Weizenbrötchen (Semmel),70.0g,203.7,7.1,1.3,39.1
2025-02-03,breakfast,Peanut Butter,14.0g,84.0,3.4,6.5,2.3
2025-02-03,snack,Apero tete de moine AOP,52.0g,217.9,13.0,17.8,0.1
2025-02-03,snack,Butterbrezeli mit Sonnenblumenkernen,70.0g,275.1,6.3,14.7,28.0
2025-02-03,dinner,Appenzeller Fondue,300.0g,747.0,45.0,51.0,8.1
2025-02-03,lunch,Brokolipizza,400.0g,539.6,6.0,15.2,9.2
2025-02-03,dinner,Magerquark,500.0g,315.0,50.0,2.5,20.0
2025-02-04,lunch,Sauce für Poulet,1.0 Portion(en),701.1,30.9,52.3,25.4
2025-02-04,lunch,"Nudeln, gekocht (aus Hartweizengrieß)",200.0g,286.0,10.0,1.0,56.2
2025-02-04,lunch,Pouletfilet-Geschnetzeltes,250.0g,257.5,55.0,4.2,0.0
2025-02-04,lunch,"Brokkoli (Broccoli), gekocht",280.0g,75.6,7.8,0.6,5.6
2025-02-04,dinner,Butter Chicken Delhi Style,500.0g,675.0,34.0,29.5,65.0
2025-02-04,snack,Farmer,26.0g,113.1,2.6,4.4,15.6
2025-02-04,snack,Soft milch,29.0g,129.3,3.8,5.2,16.2
2025-02-04,snack,Milchschokoladenstängel,22.0g,125.8,1.5,8.1,11.4
2025-02-04,snack,"Apfel (mit Schale), frisch",260.0g,169.0,0.8,0.3,37.2
2025-02-04,breakfast,Penne alla Bolognese,460.0g,676.2,18.9,16.6,92.0
2025-02-04,snack,Mango & Passionsfrucht,250.0g,145.0,1.8,0.8,33.8
2025-02-05,lunch,Basmati Reis gekocht,1.0 Portion(en),3580.0,86.0,11.0,780.0
2025-02-05,breakfast,Malzkornbrot,140.0g,312.2,9.8,1.4,61.6
2025-02-05,breakfast,Peanut Butter creamy,15.0g,92.4,3.3,7.5,2.2
2025-02-05,dinner,Felfel Le Gruyère,52.0g,215.8,17.2,16.1,0.5
2025-02-05,dinner,Hamshuka - Rice & Hummus,440.0g,506.0,17.6,17.6,66.0
2025-02-05,lunch,Geschnetzeltes vom Rind,40.0g,46.0,9.2,0.9,0.0
2025-02-05,lunch,Soße Bolognese,100.0g,75.0,5.0,4.2,4.0
2025-02-06,breakfast,Schweizer Bürli ,145.0g,400.2,18.1,2.3,95.7
2025-02-06,breakfast,Peanut Butter creamy,18.0g,110.9,4.0,9.0,2.7
2025-02-06,lunch,Polenta (zubereitet),380.0g,361.0,9.1,6.8,63.1
2025-02-06,snack,Vaya,80.0g,339.2,16.8,9.6,43.2
2025-02-07,dinner,Rauchwürstli classic,72.0g,324.0,18.7,27.4,0.7
2025-02-07,snack,Gruyère,38.0g,173.0,6.0,6.0,23.0
2025-02-07,snack,Gruyère,38.0g,173.0,6.0,6.0,23.0
2025-02-07,breakfast,Bauernbrot,80.0g,171.2,5.8,0.9,32.0
2025-02-07,breakfast,Laugengipfel Gross,90.0g,284.4,5.3,14.2,32.0
2025-02-07,lunch,Poulet tartare sandwich ,235.0g,622.8,19.3,30.6,65.8
2025-02-07,lunch,Norwegischer  Räucherlachs,100.0g,174.0,20.2,10.4,0.0
2025-02-07,lunch,Protein Drink Macchiato,500.0g,260.0,37.0,2.5,26.5
2025-02-07,lunch,Vaya,80.0g,339.2,16.8,9.6,43.2
2025-02-07,lunch,Smoothie Pink,250.0g,137.5,1.2,0.0,32.5
2025-02-08,breakfast,Quarkhimmel,500.0g,265.0,43.0,2.5,22.5
2025-02-08,breakfast,Gruyère,38.0g,173.0,6.0,6.0,23.0
2025-02-08,lunch,"Nudeln, gekocht (aus Hartweizengrieß)",200.0g,286.0,10.0,1.0,56.2
2025-02-08,lunch,Hasenfleisch,125.0g,191.2,37.5,5.0,0.0
2025-02-08,lunch,Hähnchenkeule mit Haut,100.0g,183.0,17.0,12.0,0.0
2025-02-08,dinner,Grahambrot,50.0g,107.0,4.4,0.7,19.2
2025-02-08,dinner,Pain Paillasse,125.0g,302.2,12.5,1.2,60.0
2025-02-08,snack,Butterzopf,100.0g,306.0,9.0,7.0,51.0
2025-02-09,snack,Gruyère,38.0g,173.0,6.0,6.0,23.0
2025-02-09,dinner,"Nudeln, gekocht (aus Hartweizengrieß)",200.0g,286.0,10.0,1.0,56.2
2025-02-09,breakfast,Butterzopf,200.0g,612.0,18.0,14.0,102.0
2025-02-09,lunch,Pommes Frites (frittiert und gesalzen),200.0g,590.0,8.4,29.0,71.4
2025-02-09,lunch,Burger,250.0g,612.5,32.8,28.0,29.0
2025-02-09,dinner,Fuzetea ,1000.0g,190.0,0.0,0.0,43.0
2025-02-09,dinner,Magerquark,330.0g,207.9,33.0,1.6,13.2
2025-02-09,dinner,Total Protein Cinnalicious,30.0g,113.1,22.2,1.2,2.5
2025-02-09,dinner,"Voll Milch 3,5%",250.0g,167.5,8.2,9.2,12.5
2025-02-09,dinner,Rosenkohl ungewürzt,300.0g,129.0,12.0,1.5,10.5
2025-02-10,breakfast,Bauernbrot,120.0g,256.8,8.8,1.3,48.0
2025-02-10,breakfast,Butterzopf,50.0g,153.0,4.5,3.5,25.5
2025-02-10,lunch,"Nudeln, gekocht (aus Hartweizengrieß)",300.0g,429.0,15.0,1.5,84.3
2025-02-10,lunch,Rosenkohl ungewürzt,300.0g,129.0,12.0,1.5,10.5
2025-02-10,dinner,Apero tete de moine AOP,52.0g,217.9,13.0,17.8,0.1
2025-02-10,dinner,Butterbrezeli mit Sonnenblumenkernen,70.0g,275.1,6.3,14.7,28.0
2025-02-10,dinner,FelFel Chimichurri Chicken,450.0g,634.5,32.9,31.1,54.0
2025-02-10,snack,Milchschokoladenstängel,22.0g,125.8,1.5,8.1,11.4
2025-02-10,snack,Magerquark,500.0g,315.0,50.0,2.5,20.0
2025-02-11,breakfast,Mokka Joghurt,200.0g,194.0,8.4,6.2,26.0
2025-02-11,dinner,Poulet tartare sandwich ,235.0g,622.8,19.3,30.6,65.8
2025-02-11,dinner,Butterlaugebrezel,70.0g,241.5,5.5,8.2,36.4
2025-02-11,dinner,Pain epeautre,100.0g,223.0,8.0,1.2,39.9
2025-02-11,lunch,"Lasagne Bolognese (Good Choise, Aldi)",700.0g,987.0,40.6,52.5,91.0
2025-02-12,lunch,Sauce für Poulet,1.0 Portion(en),701.1,30.9,52.3,25.4
2025-02-12,breakfast,Farmer,26.0g,113.1,2.6,4.4,15.6
2025-02-12,lunch,"Nudeln, gekocht (aus Hartweizengrieß)",200.0g,286.0,10.0,1.0,56.2
2025-02-12,lunch,Pouletfilet-Geschnetzeltes,250.0g,257.5,55.0,4.2,0.0
2025-02-12,lunch,"Brokkoli (Broccoli), gekocht",280.0g,75.6,7.8,0.6,5.6
2025-02-12,dinner,Truthansandwich,250.0g,482.5,37.5,25.0,20.8
2025-02-12,dinner,Tofusandqich Bánh-mì-Style,60.0g,490.8,19.1,17.8,60.6
2025-02-13,breakfast,Maréchal,80.0g,315.2,20.8,25.6,0.4
2025-02-13,lunch,FelFel Chimichurri Chicken,450.0g,634.5,32.9,31.1,54.0
2025-02-13,snack,Protein Drink Macchiato,500.0g,260.0,37.0,2.5,26.5
2025-02-13,breakfast,Ragusa Gipfel,93.0g,406.4,7.5,24.2,38.1
2025-02-13,dinner,Whey&Crispy  white chocolate,50.0g,269.0,15.5,16.5,14.5
2025-02-13,dinner,Vaya,80.0g,339.2,16.8,9.6,43.2
2025-02-14,snack,Urdinkelbrot,140.0g,352.8,15.4,4.6,58.8
2025-02-14,snack,Pouletbrust mit Curry,150.0g,157.5,33.0,2.1,1.4
2025-02-14,snack,Red Paprika Chips,60.0g,317.4,3.5,19.8,29.4
2025-02-14,lunch,"Kartoffeln (ohne Schale), gekocht",450.0g,405.0,9.0,0.0,85.0
2025-02-14,lunch,Schweinesteak,270.0g,324.0,56.7,13.5,0.0
2025-02-14,breakfast,Nurkornbrot,100.0g,273.0,10.0,12.0,27.0
2025-02-14,snack,Laugengipfel Gross,90.0g,284.4,5.3,14.2,32.0
2025-02-14,dinner,Whey&Crispy  white chocolate,50.0g,269.0,15.5,16.5,14.5
2025-02-14,dinner,Vaya,80.0g,339.2,16.8,9.6,43.2
2025-02-14,snack,Joghurt Pfirsich und Passionsfrucht,350.0g,294.0,11.6,10.2,38.5
2025-02-14,snack,Gruyère,38.0g,173.0,6.0,6.0,23.0
2025-02-15,breakfast,Rohschinken,50.0g,98.0,17.5,3.0,0.5
2025-02-15,lunch,"Kartoffeln (ohne Schale), gekocht",150.0g,135.0,3.0,0.0,28.4
2025-02-15,lunch,"Nudeln, gekocht (aus Hartweizengrieß)",80.0g,114.4,4.0,0.4,22.5
2025-02-15,lunch,"Apfelmus, gesüßt",100.0g,54.0,0.2,0.1,12.1
2025-02-15,lunch,Fischsstäbchen Golden Seafood,75.0g,135.8,9.0,5.9,11.2
2025-02-15,lunch,Kürbissuppe,350.0g,238.0,3.5,19.2,14.0
2025-02-15,lunch,Berliner Pfannkuchen (Kräppel),65.0g,209.3,5.2,8.3,27.9
2025-02-15,breakfast,Vaya,80.0g,339.2,16.8,9.6,43.2
2025-02-15,dinner,Skandinavischer Räucherlachs,200.0g,348.0,42.0,20.0,0.0
2025-02-15,snack,Hackbraten mit Soße,325.0g,487.5,25.7,33.8,18.9
2025-02-15,snack,Stocki Kartoffelstock,300.0g,216.0,6.9,3.3,36.0
2025-02-16,lunch,Tomatensauce,1.0 Portion(en),1901.7,42.2,135.6,118.0
2025-02-16,breakfast,Premium Muesli Honey & Nuts,100.0g,479.0,11.0,21.0,58.0
2025-02-16,breakfast,Milch,400.0g,184.0,12.8,6.0,19.6
2025-02-16,lunch,Schweinsnierestücksteaks,200.0g,336.0,42.0,18.0,1.0
2025-02-16,lunch,Müscheli,100.0g,366.0,15.0,2.9,68.0
2025-02-16,lunch,Bio Senner Extra,30.0g,114.0,8.4,9.6,0.1
2025-02-17,lunch,Tomatensauce,1.0 Portion(en),1901.7,42.2,135.6,118.0
2025-02-17,breakfast,Urdinkelbrot,200.0g,504.0,22.0,6.6,84.0
2025-02-17,breakfast,Skandinavischer Räucherlachs,180.0g,313.2,37.8,18.0,0.0
2025-02-17,lunch,Müscheli,100.0g,366.0,15.0,2.9,68.0
2025-02-17,lunch,Pouletfilet-Geschnetzeltes,255.0g,262.6,56.1,4.3,0.0
2025-02-17,dinner,Premium Muesli Honey & Nuts,90.0g,431.1,9.9,18.9,52.2
2025-02-17,dinner,Milch,515.0g,236.9,16.5,7.7,25.2
2025-02-18,lunch,Basmati Reis gekocht,1.0 Portion(en),3580.0,86.0,11.0,780.0
2025-02-18,breakfast,Bauernbrot,225.0g,481.5,16.4,2.5,90.0
2025-02-18,lunch,Putenfleisch,90.0g,139.5,18.8,6.9,0.4
2025-02-18,dinner,Trutenaufschnitt,150.0g,157.5,30.0,3.0,2.5
2025-02-18,dinner,Mozzarella fettreduziert,125.0g,367.5,22.5,23.8,1.9
2025-02-18,dinner,Premium Muesli Honey & Nuts,80.0g,383.2,8.8,16.8,46.4
2025-02-18,dinner,Milch,300.0g,138.0,9.6,4.5,14.7
2025-02-19,lunch,Tomatensauce,1.0 Portion(en),1901.7,42.2,135.6,118.0
2025-02-19,lunch,Norwegischer Lachsfiletseite,160.0g,358.4,32.0,25.6,0.0
2025-02-19,lunch,Müscheli,122.0g,446.5,18.3,3.5,83.0
2025-02-19,dinner,Mozzarella fettreduziert,125.0g,367.5,22.5,23.8,1.9
2025-02-19,dinner,Pulet im Körbli,100.0g,534.0,5.9,34.0,50.0
2025-02-19,dinner,Kartoffelsalat,400.0g,416.0,6.8,19.2,50.4
2025-02-19,snack,Magerquark,275.0g,173.2,27.5,1.4,11.0
2025-02-19,snack,Isoclear,30.0g,103.5,24.0,0.0,0.8
2025-02-20,breakfast,Protein Drink Macchiato,500.0g,260.0,37.0,2.5,26.5
2025-02-20,breakfast,Vaya,80.0g,339.2,16.8,9.6,43.2
2025-02-20,breakfast,Whey&Crispy  white chocolate,50.0g,269.0,15.5,16.5,14.5
2025-02-20,breakfast,"Rahmschnitzel (Sahneschnitzel), mit Soße",150.0g,208.5,19.5,12.0,3.8
2025-02-20,breakfast,"Nudeln, gekocht (aus Hartweizengrieß)",200.0g,286.0,10.0,1.0,56.2
2025-02-20,breakfast,Sojahackfleisch,100.0g,110.0,21.0,0.1,3.3
2025-02-21,lunch,Rauchlachs,200.0g,394.0,40.0,26.0,0.0
2025-02-21,lunch,Bio Pagnolbrot,200.0g,530.0,18.0,6.4,98.0
2025-02-21,lunch,Schweizer Bürli ,90.0g,248.4,11.2,1.4,59.4
2025-02-21,breakfast,Vaya,80.0g,339.2,16.8,9.6,43.2
2025-02-21,dinner,Premium Muesli Honey & Nuts,100.0g,479.0,11.0,21.0,58.0
2025-02-21,dinner,Milch,300.0g,138.0,9.6,4.5,14.7
2025-02-21,dinner,Vanille Jogurt ,450.0g,351.0,15.8,14.4,39.6
2025-02-21,snack,Magerquark,500.0g,315.0,50.0,2.5,20.0
2025-02-22,breakfast,Milch,300.0g,138.0,9.6,4.5,14.7
2025-02-22,breakfast,Premium Muesli Honey & Nuts,90.0g,431.1,9.9,18.9,52.2
2025-02-22,breakfast,Magerquark,500.0g,315.0,50.0,2.5,20.0
2025-02-22,lunch,Magerquark,100.0g,63.0,10.0,0.5,4.0
2025-02-22,lunch,Olivenöl,7.0g,61.9,0.0,7.0,0.0
2025-02-22,lunch,"Hühnerei, Eier, roh",60.0g,82.2,7.1,5.6,0.9
2025-02-22,lunch,Butterzopf,90.0g,275.4,8.1,6.3,45.9
2025-02-22,lunch,Mozzarella fettreduziert,125.0g,367.5,22.5,23.8,1.9
2025-02-23,breakfast,Mozzarella fettreduziert,125.0g,367.5,22.5,23.8,1.9
2025-02-23,breakfast,Premium Muesli Honey & Nuts,100.0g,479.0,11.0,21.0,58.0
2025-02-23,breakfast,Milch,333.0g,153.2,10.7,5.0,16.3
2025-02-23,lunch,Kebab de Poulet,500.0g,870.0,60.0,32.5,80.0
2025-02-23,snack,Isoclear,40.0g,138.0,32.0,0.0,1.0
2025-02-24,dinner,Maréchal,80.0g,315.2,20.8,25.6,0.4
2025-02-24,lunch,"Kartoffeln (ohne Schale), gekocht",250.0g,225.0,5.0,0.0,47.2
2025-02-24,lunch,"Nudeln, gekocht (aus Hartweizengrieß)",100.0g,143.0,5.0,0.5,28.1
2025-02-24,lunch,Geschnetzeltes vom Rind,30.0g,34.5,6.9,0.7,0.0
2025-02-24,lunch,Gemischter Salat mit Dressing,160.0g,320.0,3.2,8.0,16.0
2025-02-24,dinner,Homemade Beef Goulash with Spätzle,480.0g,633.6,34.6,27.8,62.4
2025-02-24,snack,Vollmilchschokolade,60.0g,324.6,4.4,19.9,31.1
2025-02-24,dinner,magerquark M- Budget,220.0g,138.6,21.3,1.1,12.5
2025-02-25,lunch,Schweins Voressen,200.0g,286.0,42.0,14.0,2.0
2025-02-25,lunch,"Kartoffeln (ohne Schale), gekocht",200.0g,180.0,4.0,0.0,37.8
2025-02-25,lunch,"Nudeln, gekocht (aus Hartweizengrieß)",200.0g,286.0,10.0,1.0,56.2
2025-02-25,lunch,Bratensauce,250.0g,110.0,3.2,3.8,14.8
2025-02-25,dinner,Rosa Thon,155.0g,168.9,40.3,0.8,0.0
2025-02-25,dinner,Pain epeautre,200.0g,446.0,16.0,2.4,79.8
2025-02-25,dinner,Zweifel Chips Poulet im Chörbli,100.0g,520.0,6.1,31.0,52.0
2025-02-25,dinner,Reibekäse migros,70.0g,228.2,18.9,16.8,0.3
2025-02-26,dinner,Mozzarella,200.0g,488.0,38.0,36.0,3.0
2025-02-26,lunch,"Nudeln, gekocht (aus Hartweizengrieß)",250.0g,357.5,12.5,1.2,70.2
2025-02-26,lunch,"Hackfleisch, gemischt",100.0g,224.0,19.4,16.4,0.1
2025-02-26,lunch,Käsemischung gerieben,80.0g,316.0,23.2,24.8,0.0
2025-02-26,dinner,Magerquark,500.0g,315.0,50.0,2.5,20.0
2025-02-26,snack,Tuc,60.0g,312.0,3.8,16.8,36.0
2025-02-27,lunch,Basmati Reis gekocht,1.0 Portion(en),3580.0,86.0,11.0,780.0
2025-02-27,snack,Vaya,80.0g,339.2,16.8,9.6,43.2
2025-02-27,snack,Whey&Crispy  white chocolate,50.0g,269.0,15.5,16.5,14.5
2025-02-27,lunch,Protein Drink Macchiato,1000.0g,520.0,74.0,5.0,53.0
2025-02-27,lunch,Pouletgeschnetzeltes,120.0g,120.0,26.4,1.6,0.6
2025-02-27,lunch,Currysauce,75.0g,156.0,6.2,12.0,4.7
2025-02-27,dinner,Premium Muesli Honey & Nuts,113.0g,541.3,12.4,23.7,65.5
2025-02-27,dinner,Milch,400.0g,184.0,12.8,6.0,19.6
2025-02-27,dinner,Mandel Pistaziengipfel,70.0g,369.6,7.7,20.3,37.8
2025-02-28,lunch,Tomatensauce,1.0 Portion(en),1901.7,42.2,135.6,118.0
2025-02-28,breakfast,High Protein Choco-Nuts Drink,500.0g,300.0,35.0,14.0,3.5
2025-02-28,lunch,Müscheli,100.0g,366.0,15.0,2.9,68.0
2025-02-28,lunch,Pouletfilet-Geschnetzeltes,255.0g,262.6,56.1,4.3,0.0
2025-02-28,snack,Nestea Schwarzer Tea Lemon,500.0g,95.0,0.0,0.0,22.5
2025-02-28,dinner,Weißbrot (Weizenbrot),275.0g,682.0,22.6,3.3,134.2
2025-02-28,dinner,Magerquark,500.0g,315.0,50.0,2.5,20.0
2025-02-28,dinner,Pouletbrust Top CC,130.0g,124.8,24.7,1.2,0.0
2025-03-01,dinner,Premium Muesli Honey & Nuts,100.0g,479.0,11.0,21.0,58.0
2025-03-01,dinner,Milch,250.0g,115.0,8.0,3.8,12.2
2025-03-01,snack,Whey Protein Coconut,50.0g,192.5,38.5,2.5,3.8
2025-03-01,lunch,Schweinsnierstück plätzli,135.0g,220.1,30.6,4.0,0.1
2025-03-01,lunch,Sandwichbrot Weizen,165.0g,460.4,14.2,5.4,85.8
2025-03-01,breakfast,Milch,300.0g,138.0,9.6,4.5,14.7
2025-03-01,breakfast,Atlantischer Räucherlachs,135.0g,222.8,28.4,12.2,0.7
2025-03-02,lunch,Mozzarella,190.0g,463.6,36.1,34.2,2.9
2025-03-02,breakfast,Urdinkelbrot,95.0g,239.4,10.4,3.1,39.9
2025-03-02,dinner,Gnocchi (Nocken),350.0g,539.0,12.6,1.8,111.7
2025-03-02,dinner,Käsemischung gerieben,46.0g,181.7,13.3,14.3,0.0
2025-03-02,dinner,Schweinebraten,120.0g,153.6,28.8,3.6,1.2
2025-03-02,dinner,Vollrahm,50.0g,169.0,1.2,17.5,1.6
2025-03-02,snack,More Glow peptides Rhabarber Vanille ,43.0g,151.4,35.3,0.0,1.7
2025-03-02,snack,Sandwichbrot Weizen,120.0g,334.8,10.3,4.0,62.4
2025-03-02,snack,Chicken Crispy,200.0g,390.0,30.0,13.0,38.0
2025-03-03,lunch,Vollrahm,43.0g,145.3,1.0,15.1,1.4
2025-03-03,lunch,Milch,200.0g,92.0,6.4,3.0,9.8
2025-03-03,lunch,Käsemischung gerieben,70.0g,276.5,20.3,21.7,0.0
2025-03-03,lunch,Gnocchi (Nocken),315.0g,485.1,11.3,1.6,100.5
2025-03-03,lunch,Schweinebraten,75.0g,96.0,18.0,2.2,0.8
2025-03-03,dinner,Maréchal,80.0g,315.2,20.8,25.6,0.4
2025-03-03,dinner,Apero tete de moine AOP,52.0g,217.9,13.0,17.8,0.1
2025-03-04,lunch,Felfel Japanese chicken katsu curry,435.0g,500.2,22.2,15.2,65.2
2025-03-04,lunch,Heidelbeerkuchen,130.0g,312.0,27.3,9.4,39.6
2025-03-04,lunch,Wrap gefüllt,110.5g,356.9,10.8,15.5,40.9
2025-03-04,dinner,"Nudeln, gekocht (aus Hartweizengrieß)",200.0g,286.0,10.0,1.0,56.2
2025-03-04,dinner,Käsemischung gerieben,48.0g,189.6,13.9,14.9,0.0
2025-03-04,snack,Pouletfilet-Geschnetzeltes,250.0g,257.5,55.0,4.2,0.0
2025-03-04,snack,Gnocchi (Nocken),175.0g,269.5,6.3,0.9,55.8
2025-03-04,snack,Milch,140.0g,64.4,4.5,2.1,6.9
2025-03-05,dinner,Basmati Reis gekocht,1.0 Portion(en),3580.0,86.0,11.0,780.0
2025-03-05,breakfast,Urdinkelbrot,85.0g,214.2,9.3,2.8,35.7
2025-03-05,breakfast,Peanut Butter,22.0g,132.0,5.4,10.3,3.5
2025-03-05,dinner,Norway Rauchlachs,54.0g,89.1,11.3,4.9,0.0
2025-03-05,dinner,Poulet Schenkel gewürzt,120.0g,192.0,20.4,12.0,0.6
2025-03-05,lunch,Gnocchi (Nocken),250.0g,385.0,9.0,1.2,79.8
2025-03-05,lunch,Pouletfilet-Geschnetzeltes,390.0g,401.7,85.8,6.6,0.0
2025-03-05,lunch,Milch,240.0g,110.4,7.7,3.6,11.8
2025-03-05,snack,Eis Sandwich,75.0g,112.5,2.0,4.0,16.5
2025-03-06,breakfast,Norway Rauchlachs,110.0g,181.5,23.1,9.9,0.0
2025-03-06,breakfast,High Protein Drink Himbeere,1000.0g,500.0,72.0,5.0,51.0
2025-03-06,snack,Ice Sandwich,54.0g,169.6,1.9,9.2,19.4
2025-03-06,snack,Ice Sandwich,108.0g,339.1,3.9,18.4,38.9
2025-03-06,lunch,Jowa Bürli,115.0g,284.1,11.5,1.1,55.2
2025-03-06,lunch,"Nudeln, gekocht (aus Hartweizengrieß)",250.0g,357.5,12.5,1.2,70.2
2025-03-06,lunch,Pouletfilet-Geschnetzeltes,80.0g,82.4,17.6,1.4,0.0
2025-03-06,snack,M-Budget Wave-Chips,150.0g,766.5,8.4,42.0,84.0
2025-03-07,lunch,Tomatensauce,1.0 Portion(en),1901.7,42.2,135.6,118.0
2025-03-07,lunch,Müscheli,100.0g,366.0,15.0,2.9,68.0
2025-03-07,lunch,Pouletfilet-Geschnetzeltes,255.0g,262.6,56.1,4.3,0.0
2025-03-07,breakfast,Schweizer Bürli ,85.0g,234.6,10.6,1.4,56.1
2025-03-07,dinner,Rauchlachs,200.0g,394.0,40.0,26.0,0.0
2025-03-07,dinner,Vaya,80.0g,339.2,16.8,9.6,43.2
2025-03-07,dinner,magerquark M- Budget,300.0g,189.0,29.1,1.5,17.1
2025-03-08,breakfast,Peanut Butter creamy,19.0g,117.0,4.2,9.5,2.9
2025-03-08,breakfast,Bauernbrot,180.0g,385.2,13.1,2.0,72.0
2025-03-08,dinner,Poulet Schenkel gewürzt,200.0g,320.0,34.0,20.0,1.0
2025-03-08,dinner,Rindssteak,250.0g,265.0,56.0,4.5,1.2
2025-03-08,dinner,Kängurufilet,60.0g,72.0,13.2,1.9,0.5
2025-03-08,dinner,Spareribs,100.0g,232.0,17.0,17.0,2.5
2025-03-08,lunch,Thai Curry mit Reis,500.0g,580.0,11.0,34.5,80.0
2025-03-09,lunch,Schweinsnierstück plätzli,140.0g,228.2,31.8,4.2,0.1
2025-03-09,breakfast,Quarkhimmel,500.0g,265.0,43.0,2.5,22.5
2025-03-09,dinner,Bio Müsli Dinkel-Schoko,100.0g,411.0,12.0,12.0,60.0
2025-03-09,dinner,"Voll Milch 3,5%",400.0g,268.0,13.2,14.8,20.0
2025-03-10,lunch,Tomatensauce,1.0 Portion(en),1901.7,42.2,135.6,118.0
2025-03-10,lunch,Müscheli,100.0g,366.0,15.0,2.9,68.0
2025-03-10,lunch,Pouletfilet-Geschnetzeltes,255.0g,262.6,56.1,4.3,0.0
2025-03-10,breakfast,Butterbrezeli mit Sonnenblumenkernen,70.0g,275.1,6.3,14.7,28.0
2025-03-11,lunch,"Nudeln, gekocht (aus Hartweizengrieß)",300.0g,429.0,15.0,1.5,84.3
2025-03-11,dinner,Krustenkranz Hell,200.0g,528.0,18.0,3.4,104.0
2025-03-11,dinner,Poulet au Paprika,460.0g,731.4,36.8,33.1,69.0
2025-03-11,dinner,Mokka Joghurt,160.0g,153.6,5.1,5.6,20.8
2025-03-11,dinner,Quarkhimmel,500.0g,265.0,43.0,2.5,22.5
2025-03-12,dinner,Wildlachs geräuchert,100.0g,104.0,20.0,2.7,0.0
2025-03-13,breakfast,Protein Drink Macchiato,1000.0g,520.0,74.0,5.0,53.0
2025-03-13,lunch,"Nudeln, gekocht (aus Hartweizengrieß)",300.0g,429.0,15.0,1.5,84.3
2025-03-13,lunch,"Wiener Schnitzel (Schnitzel, paniert)",200.0g,404.0,35.8,12.8,35.0
2025-03-13,dinner,Vaya,80.0g,339.2,16.8,9.6,43.2
2025-03-13,dinner,Wildlachs geräuchert,100.0g,104.0,20.0,2.7,0.0
2025-03-13,dinner,Bauernbrot,70.0g,149.8,5.1,0.8,28.0
2025-03-14,lunch,Tomatensauce,1.0 Portion(en),1901.7,42.2,135.6,118.0
2025-03-14,breakfast,Schweizer Bürli ,140.0g,386.4,17.5,2.2,92.4
2025-03-14,breakfast,HighProtein Choco DRINK,500.0g,290.0,40.0,8.0,14.5
2025-03-14,lunch,Norwegischer Lachsfiletseite,160.0g,358.4,32.0,25.6,0.0
2025-03-14,lunch,Müscheli,122.0g,446.5,18.3,3.5,83.0
2025-03-14,dinner,Vaya,80.0g,339.2,16.8,9.6,43.2
2025-03-14,dinner,Whey&Crispy  white chocolate,50.0g,269.0,15.5,16.5,14.5
2025-03-15,breakfast,Wildlachs geräuchert,86.0g,89.4,17.2,2.3,0.0
2025-03-15,dinner,WHEY-PROTEIN MILKSHAKE CHOCOLATE,60.0g,220.8,31.7,1.9,19.2
2025-03-15,dinner,Milch,100.0g,46.0,3.2,1.5,4.9
2025-03-16,dinner,Pizza High Protein,1.0 Portion(en),508.8,50.6,6.0,60.0
2025-03-16,dinner,Quarkhimmel,350.0g,185.5,30.1,1.8,15.8
2025-03-16,breakfast,Butterzopf,150.0g,459.0,13.5,10.5,76.5
2025-03-16,lunch,Gruyère,115.0g,523.6,18.2,18.2,69.6
2025-03-17,lunch,Tomatensauce,1.0 Portion(en),1901.7,42.2,135.6,118.0
2025-03-17,lunch,Müscheli,100.0g,366.0,15.0,2.9,68.0
2025-03-17,lunch,Pouletfilet-Geschnetzeltes,255.0g,262.6,56.1,4.3,0.0
2025-03-17,dinner,Chips  Paprika,30.0g,154.5,1.7,9.0,15.9
2025-03-17,dinner,Salted peanuts,50.0g,315.5,14.0,25.5,5.5
2025-03-17,dinner,Oriental Chicken & Hummus,400.0g,580.0,23.6,21.2,68.0
2025-03-17,dinner,Maréchal,80.0g,315.2,20.8,25.6,0.4
2025-03-18,lunch,Zwiebelsauce,150.0g,97.3,1.9,0.6,22.2
2025-03-18,lunch,2-Minuten Polenta (zubereitet),500.0g,437.5,11.0,1.0,92.5
2025-03-18,dinner,Oriental Chicken & Hummus,400.0g,580.0,23.6,21.2,68.0
2025-03-18,dinner,Butterlaugebrezel,65.0g,224.2,5.1,7.6,33.8
2025-03-18,breakfast,Kornbrötchen,75.0g,123.8,6.0,10.5,2.2
2025-03-18,dinner,Poulet - Curry Wrap,170.0g,304.3,15.0,13.9,28.9
2025-03-18,dinner,magerquark M- Budget,500.0g,315.0,48.5,2.5,28.5
2025-03-18,dinner,Pouletbrust mit Curry,112.0g,117.6,24.6,1.6,1.0
2025-03-19,lunch,Tomatensauce,1.0 Portion(en),1901.7,42.2,135.6,118.0
2025-03-19,breakfast,Knabbermüeslu Choco,65.0g,276.9,6.1,7.8,43.5
2025-03-19,breakfast,Joghurt Pfirsich und Passionsfrucht,210.0g,176.4,6.9,6.1,23.1
2025-03-19,lunch,Müscheli,100.0g,366.0,15.0,2.9,68.0
2025-03-19,lunch,Pouletfilet-Geschnetzeltes,255.0g,262.6,56.1,4.3,0.0
2025-03-20,breakfast,Sandwich M budget chicken tartare,210.0g,585.9,23.1,23.1,67.2
2025-03-20,breakfast,High Protein Drink Himbeere,500.0g,250.0,36.0,2.5,25.5
2025-03-20,dinner,Whey&Crispy  white chocolate,50.0g,269.0,15.5,16.5,14.5
2025-03-20,dinner,Vaya,80.0g,339.2,16.8,9.6,43.2
2025-03-20,lunch,Rindsgeschnetzeltes Stroganoff,110.0g,113.3,24.2,2.2,0.1
2025-03-20,lunch,Bündner Pizokel,150.0g,556.5,21.0,6.0,103.5
2025-03-21,lunch,Tomatensauce,1.0 Portion(en),1901.7,42.2,135.6,118.0
2025-03-21,dinner,Rauchlachs,200.0g,394.0,40.0,26.0,0.0
2025-03-21,breakfast,HighProtein Choco DRINK,500.0g,290.0,40.0,8.0,14.5
2025-03-21,lunch,Norwegischer Lachsfiletseite,160.0g,358.4,32.0,25.6,0.0
2025-03-21,lunch,Müscheli,122.0g,446.5,18.3,3.5,83.0
2025-03-21,breakfast,Schweizer Bürli ,90.0g,248.4,11.2,1.4,59.4
2025-03-21,dinner,Mandel Pistaziengipfel,70.0g,369.6,7.7,20.3,37.8
2025-03-21,dinner,Vaya,80.0g,339.2,16.8,9.6,43.2
2025-03-22,breakfast,californien rollen kawaii,162.0g,247.9,8.7,8.4,34.0
2025-03-22,dinner,Butterzopf,70.0g,214.2,6.3,4.9,35.7
2025-03-22,dinner,Skandinavischer Räucherlachs,100.0g,174.0,21.0,10.0,0.0
2025-03-22,dinner,Smoked salmon bowl,380.0g,775.2,20.5,30.0,87.4
2025-03-23,breakfast,Skandinavischer Räucherlachs,100.0g,174.0,21.0,10.0,0.0
2025-03-23,breakfast,Butterzopf,150.0g,459.0,13.5,10.5,76.5
2025-03-23,breakfast,"Kuhmilch (Vollmilch) 3,5% Fett",400.0g,260.0,13.6,14.4,18.8
2025-03-23,breakfast,Premium Muesli Honey & Nuts,100.0g,479.0,11.0,21.0,58.0
2025-03-23,breakfast,Pouletbrust Filetstücke Klassik,150.0g,187.5,33.0,4.2,4.0
2025-03-24,lunch,Lasagne selfmade,1.0 Portion(en),7949.7,541.2,407.9,525.0
2025-03-24,breakfast,Kornbrötchen,45.0g,74.2,3.6,6.3,1.4
2025-03-24,dinner,Chicken Cesar Wrap,250.0g,600.0,30.0,40.0,27.5
2025-03-24,dinner,Maréchal,80.0g,315.2,20.8,25.6,0.4
2025-03-24,dinner,Giovanni's Tomato Gnocchi,500.0g,660.0,18.5,8.5,120.0
2025-03-24,dinner,Protein Drink Macchiato,500.0g,260.0,37.0,2.5,26.5
2025-03-25,breakfast,Protein Drink Macchiato,500.0g,260.0,37.0,2.5,26.5
2025-03-26,breakfast,Protein Drink Macchiato,250.0g,130.0,18.5,1.2,13.2
2025-03-26,breakfast,Oh! High Protein Drink Ananas & Coco,500.0g,255.0,36.0,2.5,25.0
2025-03-26,lunch,Joghurt,26.0g,113.1,2.6,4.4,15.6
2025-03-26,lunch,"Club Sandwich ""Chicken Katsu Sando""",360.0g,756.0,29.5,30.6,82.8
2025-03-26,dinner,Butterbrezeli mit Sonnenblumenkernen,70.0g,275.1,6.3,14.7,28.0
2025-03-26,dinner,Felfel Le Gruyère,52.0g,215.8,17.2,16.1,0.5
2025-03-26,lunch,"Nudeln, gekocht (aus Hartweizengrieß)",120.0g,171.6,6.0,0.6,33.7
2025-03-26,lunch,Gulaschsuppe,300.0g,168.0,13.8,9.0,6.0
2025-03-26,lunch,MBudget Protein Coolies & Cream Bar,45.0g,189.0,16.2,6.3,16.2
2025-03-27,breakfast,Skandinavischer Räucherlachs,120.0g,208.8,25.2,12.0,0.0
2025-03-27,breakfast,Protein Drink Macchiato,500.0g,260.0,37.0,2.5,26.5
2025-03-27,breakfast,Oh! High Protein Drink Ananas & Coco,500.0g,255.0,36.0,2.5,25.0
2025-03-27,dinner,Vaya,80.0g,339.2,16.8,9.6,43.2
2025-03-27,dinner,Pouletburger,160.0g,300.8,25.6,19.2,6.4
2025-03-27,dinner,Nudeln mit Tomatensoße,150.0g,273.0,11.7,7.3,53.0
2025-03-27,lunch,Premium Muesli Honey & Nuts,60.0g,287.4,6.6,12.6,34.8
2025-03-27,lunch,Milch,250.0g,115.0,8.0,3.8,12.2
2025-03-27,lunch,Croissant mit Pistazienfüllung,95.0g,367.6,9.5,19.0,39.0
2025-03-29,breakfast,Protein Drink Macchiato,500.0g,260.0,37.0,2.5,26.5
2025-03-29,breakfast,magerquark M- Budget,300.0g,189.0,29.1,1.5,17.1
2025-03-29,breakfast,Mozzarella fettreduziert,125.0g,367.5,22.5,23.8,1.9
2025-03-29,lunch,Nic Nacs,100.0g,533.0,15.0,36.0,34.0
2025-03-30,breakfast,Premium Muesli Honey & Nuts,40.0g,191.6,4.4,8.4,23.2
2025-03-30,breakfast,Milch,200.0g,92.0,6.4,3.0,9.8
2025-03-30,breakfast,Nic Nacs,100.0g,533.0,15.0,36.0,34.0
2025-03-30,breakfast,Farmer Soft Brombeer & Apfel,26.0g,113.1,2.3,4.4,15.6
2025-03-30,breakfast,Gruyère,76.0g,346.0,12.0,12.0,46.0
2025-03-30,breakfast,Mirabelle & Rhubarb,500.0g,85.0,0.0,0.0,20.0
2025-03-30,breakfast,Selbstgemachte Hamburger,350.0g,456.1,30.1,28.4,18.9
2025-03-30,snack,Milch,300.0g,138.0,9.6,4.5,14.7
2025-03-30,snack,Bodylab Whey Marzipan,70.0g,269.5,52.5,3.5,5.2
2025-03-30,lunch,Nigiri Sushi,400.0g,648.0,20.0,17.6,100.8
2025-03-31,lunch,Tomatensauce,1.0 Portion(en),1901.7,42.2,135.6,118.0
2025-03-31,lunch,Müscheli,100.0g,366.0,15.0,2.9,68.0
2025-03-31,lunch,Pouletfilet-Geschnetzeltes,255.0g,262.6,56.1,4.3,0.0
2025-03-31,dinner,Spaghetti Bolognese,500.0g,715.0,31.0,17.5,104.0
2025-03-31,dinner,Erdnüsse geröstet & gesalzen,50.0g,309.5,12.0,25.5,5.5
2025-03-31,dinner,Magerquark,500.0g,315.0,50.0,2.5,20.0
2025-03-31,dinner,Lotus cheescake,120.0g,340.8,7.6,21.0,30.5
2025-04-01,breakfast,Weizenbrötchen (Semmel),90.0g,261.9,9.1,1.6,50.3
2025-04-01,breakfast,Bio Senner Extra,65.0g,247.0,18.2,20.8,0.3
2025-04-01,lunch,Soße Bolognese,500.0g,375.0,25.0,21.0,20.0
2025-04-01,lunch,"Nudeln, gekocht (aus Hartweizengrieß)",250.0g,357.5,12.5,1.2,70.2
2025-04-01,dinner,Käsemischung gerieben ,130.0g,513.5,37.7,40.3,0.0
2025-04-01,dinner,Ravioli al brasato di manzo,400.0g,784.0,48.0,26.0,92.0
2025-04-01,dinner,Butterbrezeli mit Sonnenblumenkernen,70.0g,275.1,6.3,14.7,28.0
2025-04-01,dinner,Poulet - Mediterranean Wrap,170.0g,323.0,20.4,14.1,27.2
2025-04-02,lunch,Lasagne selfmade,1.0 Portion(en),7949.7,541.2,407.9,525.0
2025-04-02,breakfast,Bodylab Whey Marzipan,40.0g,154.0,30.0,2.0,3.0
2025-04-02,breakfast,Milch,300.0g,138.0,9.6,4.5,14.7
2025-04-02,dinner,Magerquark,500.0g,315.0,50.0,2.5,20.0
2025-04-02,breakfast,Schinkensandwich,400.0g,880.0,51.2,33.2,81.6
2025-04-02,dinner,Erdnüsse geröstet & gesalzen,50.0g,309.5,12.0,25.5,5.5
2025-04-03,breakfast,Ovomaltine crunchy ice,67.0g,233.2,3.4,12.7,26.1
2025-04-03,breakfast,Protein Drink Macchiato,1000.0g,520.0,74.0,5.0,53.0
2025-04-03,lunch,"Nudeln, gekocht (aus Hartweizengrieß)",250.0g,357.5,12.5,1.2,70.2
2025-04-03,lunch,Hackbällchen,150.0g,411.0,31.6,22.5,0.0
2025-04-03,dinner,Vaya,80.0g,339.2,16.8,9.6,43.2
2025-04-03,snack,Buttergipfel Branches,85.0g,371.4,7.3,21.2,36.5
2025-04-03,snack,Mandel Pistaziengipfel,80.0g,422.4,8.8,23.2,43.2
2025-04-04,breakfast,Highprotein strawberry drink,500.0g,285.0,40.0,7.0,15.0
2025-04-04,breakfast,Poulet tartare sandwich ,235.0g,622.8,19.3,30.6,65.8
2025-04-04,lunch,Vaya,80.0g,339.2,16.8,9.6,43.2
2025-04-04,lunch,Oh! High Protein Drink Ananas & Coco,500.0g,255.0,36.0,2.5,25.0
2025-04-04,lunch,Butterlaugebrezel,70.0g,241.5,5.5,8.2,36.4
2025-04-04,snack,Focus water,500.0g,85.0,0.0,0.0,20.0
2025-04-05,breakfast,Schweizer Bürli ,130.0g,358.8,16.2,2.1,85.8
2025-04-05,snack,Protein Drink Macchiato,500.0g,260.0,37.0,2.5,26.5
2025-04-05,snack,Gruyère,76.0g,346.0,12.0,12.0,46.0
2025-04-05,dinner,Milch,500.0g,230.0,16.0,7.5,24.5
2025-04-05,dinner,Lotuscreme,28.0g,163.5,0.8,10.7,16.0
2025-04-05,dinner,Total Protein Cinnalicious,40.0g,150.8,29.6,1.6,3.4
2025-04-05,dinner,Haferflocken,40.0g,149.2,5.3,2.7,23.8
2025-04-05,snack,Bschorle,330.0g,118.8,1.6,1.6,29.7
2025-04-05,snack,Farmer,26.0g,113.1,2.6,4.4,15.6
2025-04-05,dinner,Black Angus Burger,120.0g,295.2,18.0,24.0,1.8
2025-04-05,dinner,Lammfleischzubereitung mariniert,120.0g,170.4,25.2,5.4,0.6
2025-04-05,dinner,"Schweinssteak Nierstück, gewürzt",200.0g,302.0,42.0,14.0,1.0
2025-04-06,breakfast,Butterzopf,115.0g,351.9,10.3,8.1,58.6
2025-04-06,breakfast,"Schweinssteak Nierstück, gewürzt",300.0g,453.0,63.0,21.0,1.5
2025-04-06,lunch,"Kartoffeln (ohne Schale), gekocht",300.0g,270.0,6.0,0.0,56.7
2025-04-06,lunch,"Grüne Bohnen (Brechbohnen), gefroren",150.0g,58.5,3.9,0.5,8.0
2025-04-06,lunch,Gruyère,38.0g,173.0,6.0,6.0,23.0
2025-04-06,dinner,Gruyere Käse,130.0g,514.8,35.0,41.7,0.0
2025-04-06,dinner,Magerquark,500.0g,315.0,50.0,2.5,20.0
2025-04-06,snack,Knabbermüeslu Choco,50.0g,213.0,4.7,6.0,33.5
2025-04-06,snack,Joghurt Nature 1.5%,175.0g,94.5,6.7,2.6,7.7
2025-04-06,dinner,Lammfleischzubereitung mariniert,40.0g,56.8,8.4,1.8,0.2
2025-04-06,snack,Pommes Frites (frittiert und gesalzen),80.0g,236.0,3.4,11.6,28.6
2025-04-07,lunch,Lasagne Bolognese,450.0g,769.5,36.5,38.2,67.0
2025-04-07,dinner,Felfel Le Gruyère,52.0g,215.8,17.2,16.1,0.5
2025-04-08,breakfast,High Protein Drink Himbeere,500.0g,250.0,36.0,2.5,25.5
2025-04-09,breakfast,High Protein Drink Himbeere,500.0g,250.0,36.0,2.5,25.5
2025-04-10,lunch,Tomatensauce,1.0 Portion(en),1901.7,42.2,135.6,118.0
2025-04-10,lunch,Müscheli,100.0g,366.0,15.0,2.9,68.0
2025-04-10,lunch,Pouletfilet-Geschnetzeltes,255.0g,262.6,56.1,4.3,0.0
2025-04-10,dinner,Salmon Avocado Poke Bowl,390.0g,639.6,21.4,25.0,74.1
2025-04-10,snack,Felfel Le Gruyère,70.0g,290.5,23.1,21.7,0.7
2025-04-10,snack,Butterbrezeli mit Sonnenblumenkernen,65.0g,255.4,5.8,13.7,26.0
2025-04-11,lunch,Ravioli Alla Napoletana,600.0g,636.0,21.0,20.4,90.0
2025-04-11,lunch,Reibkäse,120.0g,414.0,40.8,27.6,0.6
2025-04-11,dinner,Maréchal,80.0g,315.2,20.8,25.6,0.4
2025-04-11,dinner,Ghackets mit Hörnli und Chäs,470.0g,766.1,42.3,21.6,94.0
2025-04-12,lunch,Pizza High Protein,1.0 Portion(en),508.8,50.6,6.0,60.0
2025-04-12,dinner,magerquark M- Budget,280.0g,176.4,27.2,1.4,16.0
2025-04-12,breakfast,Reibkäse,60.0g,207.0,20.4,13.8,0.3
2025-04-12,dinner,Coolbite protein icecream bar ,80.0g,296.0,13.6,18.4,22.4
2025-04-12,dinner,"Früchtemix für Smoothies - Tropical Mix (Ananas, Kiwi, Mango)",150.0g,81.0,0.8,0.8,16.5
2025-04-12,dinner,Früchtemix,150.0g,94.5,1.6,1.5,15.0
2025-04-13,breakfast,Butterzopf,130.0g,397.8,11.7,9.1,66.3
2025-04-13,breakfast,Peanut Butter,25.0g,150.0,6.2,11.7,4.0
2025-04-14,lunch,Lasagne selfmade,1.0 Portion(en),7949.7,541.2,407.9,525.0
2025-04-14,snack,brownie,40.0g,219.2,3.3,17.2,16.0
2025-04-14,snack,Felfel Le Gruyère,50.0g,207.5,16.5,15.5,0.5
2025-04-14,dinner,Homemade Beef Goulash with Spätzle,480.0g,633.6,34.6,27.8,62.4
2025-04-14,dinner,Magerquark,500.0g,315.0,50.0,2.5,20.0
2025-04-15,breakfast,Schweizer Bürli ,75.0g,207.0,9.4,1.2,49.5
2025-04-15,breakfast,Skandinavischer Räucherlachs,100.0g,174.0,21.0,10.0,0.0
2025-04-15,lunch,"Nudeln, gekocht (aus Hartweizengrieß)",350.0g,500.5,17.5,1.8,98.3
2025-04-15,lunch,Hackbällchen mit Tomatensoße ,250.0g,347.0,32.5,10.5,21.0
2025-04-15,lunch,"Grüne Erbsen, gefroren",125.0g,120.0,8.9,0.6,15.9
2025-04-15,dinner,Schweizer Bürli ,75.0g,207.0,9.4,1.2,49.5
2025-04-15,dinner,Skandinavischer Räucherlachs,100.0g,174.0,21.0,10.0,0.0
2025-04-15,dinner,Felfel Le Gruyère,90.0g,373.5,29.7,27.9,0.9
2025-04-16,breakfast,Dar Vida Gruyère,46.0g,203.3,6.9,7.4,25.3
2025-04-16,breakfast,Felfel Knuspermüesli mit Himbeeren,225.0g,301.5,8.8,10.3,43.4
2025-04-16,snack,Trail mix - salty Protein mix,40.0g,210.4,10.4,12.8,12.0
2025-04-16,snack,Maréchal,80.0g,315.2,20.8,25.6,0.4
2025-04-16,lunch,"Nudeln, gekocht (aus Hartweizengrieß)",350.0g,500.5,17.5,1.8,98.3
2025-04-16,lunch,"Frikadellen (Bouletten, Hackfleischbällchen)",140.0g,298.2,22.5,19.5,8.1
2025-04-16,dinner,Skandinavischer Räucherlachs,120.0g,208.8,25.2,12.0,0.0
2025-04-16,dinner,Bauernbrot,250.0g,535.0,18.2,2.8,100.0
2025-04-18,breakfast,Bauernbrot,110.0g,235.4,8.0,1.2,44.0
2025-04-18,breakfast,Peanut Butter,40.0g,240.0,9.8,18.7,6.4
2025-04-18,breakfast,Skandinavischer Räucherlachs,200.0g,348.0,42.0,20.0,0.0
2025-04-18,lunch,Gruyère,60.0g,273.2,9.5,9.5,36.3
2025-04-18,lunch,Coolbite protein icecream bar ,40.0g,148.0,6.8,9.2,11.2
2025-04-18,lunch,Felfel Le Gruyère,105.0g,435.8,34.6,32.5,1.1
2025-04-18,lunch,Mozzarella fettreduziert,125.0g,367.5,22.5,23.8,1.9
2025-04-18,dinner,Milch,300.0g,138.0,9.6,4.5,14.7
2025-04-18,dinner,Whey Protein Coconut,40.0g,154.0,30.8,2.0,3.0
2025-04-19,breakfast,Gruyere Käse,60.0g,237.6,16.1,19.3,0.0
2025-04-19,breakfast,Peanut Butter,50.0g,300.0,12.3,23.4,8.1
2025-04-19,breakfast,Bauernbrot,140.0g,299.6,10.2,1.5,56.0
2025-04-19,lunch,Magerquark,500.0g,315.0,50.0,2.5,20.0
2025-04-19,lunch,Milch,300.0g,138.0,9.6,4.5,14.7
2025-04-19,lunch,Bio Whey Protein Erdbeere,30.0g,117.3,21.6,1.7,2.6
2025-04-20,breakfast,Pain Paillasse,250.0g,604.5,25.0,2.5,120.0
2025-04-20,breakfast,Birchermüesli,450.0g,639.0,15.8,20.7,90.0
2025-04-21,dinner,Basmati Reis gekocht,1.0 Portion(en),3580.0,86.0,11.0,780.0
2025-04-21,dinner,Butter Chicken Dehli Style selfmade,1.0 Portion(en),3315.7,480.0,112.5,99.3
2025-04-21,breakfast,Butterzopf,100.0g,306.0,9.0,7.0,51.0
2025-04-21,breakfast,Putenfleisch,80.0g,124.0,16.7,6.2,0.3
2025-04-21,breakfast,Bramata,80.0g,272.0,5.3,0.8,59.2
2025-04-21,lunch,Bodylab Whey Marzipan,75.0g,288.8,56.2,3.8,5.6
2025-04-21,lunch,Mozzarella fettreduziert,125.0g,367.5,22.5,23.8,1.9
2025-04-23,dinner,Felfel Le Gruyère,90.0g,373.5,29.7,27.9,0.9
2025-04-23,dinner,Magerquark,500.0g,315.0,50.0,2.5,20.0
2025-04-23,lunch,Schinkennudeln,400.0g,700.0,35.6,38.0,56.0
2025-04-23,breakfast,Bauernbrot,140.0g,299.6,10.2,1.5,56.0
2025-04-23,snack,Forever ultra chocolate shake,50.0g,189.0,24.0,5.0,12.0
2025-04-23,snack,Milch,428.0g,196.9,13.7,6.4,21.0
2025-04-24,snack,Mini Exotic,42.0g,52.1,0.7,0.6,10.9
2025-04-24,breakfast,Buttergipfel Branches,85.0g,371.4,7.3,21.2,36.5
2025-04-24,breakfast,Protein Drink Macchiato,1000.0g,520.0,74.0,5.0,53.0
2025-04-24,lunch,Pouletspiessli,140.0g,170.8,33.6,3.5,1.4
2025-04-24,lunch,5 Minuten Terrine Nudeln in Rahmsauce,460.0g,542.8,16.6,21.6,67.2
2025-04-24,dinner,Chiefs proteine chips,80.0g,314.4,20.8,7.2,40.8
2025-04-24,dinner,Paprika Chips,100.0g,515.0,5.8,30.0,53.0
2025-04-24,dinner,Twix,29.0g,145.6,1.4,7.2,18.8
2025-04-25,dinner,Poulet tartare sandwich ,240.0g,636.0,19.7,31.2,67.2
2025-04-25,dinner,Vaya,80.0g,339.2,16.8,9.6,43.2
2025-04-25,breakfast,HighProtein Choco DRINK,500.0g,290.0,40.0,8.0,14.5
2025-04-25,lunch,Lasagne Bolognese,450.0g,769.5,36.5,38.2,67.0
2025-04-25,lunch,Pouletfilet-Geschnetzeltes,120.0g,123.6,26.4,2.0,0.0
2025-04-25,dinner,Mozzarella fettreduziert,125.0g,367.5,22.5,23.8,1.9
2025-04-26,breakfast,Milch,130.0g,59.8,4.2,1.9,6.4
2025-04-26,breakfast,Halbrahm,130.0g,323.7,3.2,32.5,4.5
2025-04-26,breakfast,"Nudeln, gekocht (aus Hartweizengrieß)",200.0g,286.0,10.0,1.0,56.2
2025-04-26,breakfast,Pouletfilet-Geschnetzeltes,250.0g,257.5,55.0,4.2,0.0
2025-04-26,breakfast,Felfel Le Gruyère,75.0g,311.2,24.8,23.2,0.8
2025-04-27,dinner,Kartoffelstock,1.0 Portion(en),2767.4,67.9,61.7,453.1
2025-04-27,breakfast,Butterzopf,120.0g,367.2,10.8,8.4,61.2
2025-04-27,breakfast,Skandinavischer Räucherlachs,25.0g,43.5,5.2,2.5,0.0
2025-04-27,breakfast,Butter,10.0g,71.7,0.1,8.1,0.0
2025-04-27,breakfast,Honig,15.0g,45.9,0.1,0.0,11.3
2025-04-27,lunch,Poulet dürüm,550.0g,1045.0,71.5,44.0,88.0
2025-04-27,dinner,Pouletfilet-Geschnetzeltes,100.0g,103.0,22.0,1.7,0.0
2025-04-27,dinner,Isoclear,40.0g,138.0,32.0,0.0,1.0
2025-04-28,lunch,Kartoffelstock,1.0 Portion(en),2767.4,67.9,61.7,453.1
2025-04-28,breakfast,Butterzopf,70.0g,214.2,6.3,4.9,35.7
2025-04-28,dinner,Apero tete de moine AOP,52.0g,217.9,13.0,17.8,0.1
2025-04-28,dinner,Trail mix - salty Protein mix,40.0g,210.4,10.4,12.8,12.0
2025-04-28,dinner,Artisanal Sourdough Bread: Chicken,125.0g,292.5,10.0,12.5,33.8
2025-04-28,dinner,Chicken Couscous Bowl,420.0g,743.4,37.0,38.6,58.8
2025-04-28,lunch,Pouletfilet-Geschnetzeltes,225.0g,231.8,49.5,3.8,0.0
2025-04-28,lunch,Vollrahm,30.0g,101.4,0.7,10.5,1.0
2025-04-29,breakfast,Bauernbrot,180.0g,385.2,13.1,2.0,72.0
2025-04-29,lunch,"Nudeln, gekocht (aus Hartweizengrieß)",350.0g,500.5,17.5,1.8,98.3
2025-04-29,lunch,Tomatensoße (Tomatensauce) Konserve,100.0g,63.0,1.6,3.2,6.1
2025-04-29,lunch,Felfel Le Gruyère,70.0g,290.5,23.1,21.7,0.7
2025-04-29,dinner,Milch,400.0g,184.0,12.8,6.0,19.6
2025-04-30,breakfast,Darvida Sandwich Tomaten &  Basilikum,65.0g,311.4,6.5,14.9,36.4
2025-04-30,lunch,Paella Española Chicken & Chorizo,485.0g,519.0,25.2,9.7,77.6
2025-04-30,snack,Butterbrezeli mit Sonnenblumenkernen,65.0g,255.4,5.8,13.7,26.0
2025-04-30,dinner,Mozzarella fettreduziert,125.0g,367.5,22.5,23.8,1.9
2025-04-30,dinner,Olma Bratwurst,160.0g,368.0,19.2,32.0,1.9
2025-04-30,dinner,Skandinavischer Räucherlachs,160.0g,278.4,33.6,16.0,0.0
2025-04-30,dinner,Bio Senner Extra,60.0g,228.0,16.8,19.2,0.3
2025-05-01,breakfast,Protein Drink Macchiato,1000.0g,520.0,74.0,5.0,53.0
2025-05-01,lunch,Pouletburger,240.0g,451.2,38.4,28.8,9.6
2025-05-01,lunch,5 Minuten Terrine Nudeln in Rahmsauce,380.0g,448.4,13.7,17.9,55.5
2025-05-01,dinner,Vaya,80.0g,339.2,16.8,9.6,43.2
2025-05-01,dinner,Whey&Crispy  white chocolate,50.0g,269.0,15.5,16.5,14.5
2025-05-01,dinner,Apero tete de moine AOP,80.0g,335.2,20.0,27.4,0.2
2025-05-02,breakfast,Schweizer Bürli ,100.0g,276.0,12.5,1.6,66.0
2025-05-02,lunch,"Nudeln, gekocht (aus Hartweizengrieß)",350.0g,500.5,17.5,1.8,98.3
2025-05-02,lunch,Hackfleischsoße,300.0g,456.6,36.0,27.6,9.0
2025-05-02,breakfast,HighProtein Choco DRINK,500.0g,290.0,40.0,8.0,14.5
2025-05-02,lunch,Bio Senner Extra,75.0g,285.0,21.0,24.0,0.4
2025-05-02,dinner,Apero tete de moine AOP,120.0g,502.8,30.0,41.2,0.2
2025-05-02,dinner,Magerquark,500.0g,315.0,50.0,2.5,20.0
2025-05-03,breakfast,St.Gallerbrot dunkel,200.0g,502.0,24.0,4.2,90.0
2025-05-03,breakfast,Mandelmus braun,20.0g,128.6,5.8,11.0,1.0
2025-05-03,breakfast,Erdnussbutter MClassic,20.0g,120.8,4.8,9.6,3.0
2025-05-03,breakfast,Honig,30.0g,91.8,0.1,0.0,22.5
2025-05-03,breakfast,"Saft vom Fass, alkohilfrei",500.0g,90.0,0.5,0.0,21.0
2025-05-03,lunch,Spanferkelbraten,110.0g,242.0,20.9,22.0,0.0
2025-05-03,lunch,Protein Drink Macchiato,500.0g,260.0,37.0,2.5,26.5
2025-05-03,lunch,Butterzopf,70.0g,214.2,6.3,4.9,35.7
2025-05-03,lunch,M Classic  Mokka Yoghurt,125.0g,126.4,4.1,3.8,18.8
2025-05-04,breakfast,Protein Drink Macchiato,500.0g,260.0,37.0,2.5,26.5
2025-05-04,breakfast,Tresor,110.0g,498.3,7.3,16.5,78.1
2025-05-04,breakfast,Milch,400.0g,184.0,12.8,6.0,19.6
2025-05-04,breakfast,Butterzopf,120.0g,367.2,10.8,8.4,61.2
2025-05-04,lunch,Pouletfilet-Geschnetzeltes,240.0g,247.2,52.8,4.1,0.0
2025-05-04,lunch,Borito,90.0g,310.5,8.7,7.9,49.6
2025-05-04,snack,Atlantischer Brötlilachs,100.0g,187.0,21.0,11.0,1.0
2025-05-04,snack,Atlantischer Brötlilachs,72.0g,134.6,15.1,7.9,0.7
2025-05-04,snack,M Classic  Mokka Yoghurt,125.0g,126.4,4.1,3.8,18.8
2025-05-05,breakfast,Protein Drink Macchiato,500.0g,260.0,37.0,2.5,26.5
2025-05-05,dinner,Artisanal Sourdough Bread: Chicken,125.0g,292.5,10.0,12.5,33.8
2025-05-05,dinner,Maréchal,80.0g,315.2,20.8,25.6,0.4
2025-05-05,lunch,Lasagne Bolognese,600.0g,1026.0,48.6,51.0,89.4
2025-05-05,dinner,Skandinavischer Räucherlachs,90.0g,156.6,18.9,9.0,0.0
2025-05-05,dinner,Power Bowl - Tonkatsu Chicken Schnitzel ,390.0g,639.6,16.8,14.8,105.3
2025-05-06,lunch,Kartoffelstock,1.0 Portion(en),2767.4,67.9,61.7,453.1
2025-05-06,breakfast,Protein Drink Macchiato,500.0g,260.0,37.0,2.5,26.5
2025-05-06,lunch,Pouletfilet-Geschnetzeltes,225.0g,231.8,49.5,3.8,0.0
2025-05-06,lunch,Vollrahm,30.0g,101.4,0.7,10.5,1.0
2025-05-06,dinner,Vaya,80.0g,339.2,16.8,9.6,43.2
2025-05-07,lunch,Kartoffelstock,1.0 Portion(en),2767.4,67.9,61.7,453.1
2025-05-07,breakfast,Protein Drink Macchiato,430.0g,223.6,31.8,2.1,22.8
2025-05-08,breakfast,Surchoix,60.0g,235.2,15.0,19.2,0.0
2025-05-08,dinner,Tresor,80.0g,362.4,5.3,12.0,56.8
2025-05-08,dinner,Milch,250.0g,115.0,8.0,3.8,12.2
2025-05-08,dinner,Mokka Joghurt,200.0g,194.0,8.4,6.2,26.0
2025-05-08,dinner,Skandinavischer Räucherlachs,45.0g,78.3,9.4,4.5,0.0
2025-05-08,lunch,Chiefs proteine chips,80.0g,314.4,20.8,7.2,40.8
2025-05-08,breakfast,Protein Drink Macchiato,500.0g,260.0,37.0,2.5,26.5
2025-05-08,breakfast,Oh! High Protein Drink Ananas & Coco,500.0g,255.0,36.0,2.5,25.0
2025-05-08,lunch,Pouletburger,240.0g,451.2,38.4,28.8,9.6
2025-05-08,lunch,5 Minuten Terrine Nudeln in Rahmsauce,380.0g,448.4,13.7,17.9,55.5
2025-05-08,snack,"Nektarine, frisch",312.5g,178.1,2.8,0.3,38.8
2025-05-09,lunch,Basmati Reis gekocht,1.0 Portion(en),3580.0,86.0,11.0,780.0
2025-05-09,breakfast,Surchoix,62.0g,243.0,15.5,19.8,0.0
2025-05-09,breakfast,Highprotein vanills taste Drink coop,500.0g,280.0,40.0,7.0,14.0
2025-05-09,lunch,Classic Branches,72.9g,393.7,5.0,23.3,39.4
2025-05-09,lunch,Pouletbrust,120.0g,136.8,30.0,1.8,1.2
2025-05-09,lunch,Jowa Bürli,90.0g,222.3,9.0,0.9,43.2
2025-05-09,dinner,Vaya,80.0g,339.2,16.8,9.6,43.2
2025-05-11,breakfast,High Protein Drink Himbeere,675.0g,337.5,48.6,3.4,34.4
2025-05-11,breakfast,Butterzopf,180.0g,550.8,16.2,12.6,91.8
2025-05-11,lunch,Quarkhimmel,500.0g,265.0,43.0,2.5,22.5
2025-05-11,lunch,"Nudeln, gekocht (aus Hartweizengrieß)",280.0g,400.4,14.0,1.4,78.7
2025-05-11,lunch,Frifrag Pouletschenkel Bärlauch,120.0g,198.0,26.4,9.2,0.6
2025-05-11,dinner,Atlantischer Brötlilachs,200.0g,374.0,42.0,22.0,2.0
2025-05-11,snack,Raffaelo,20.0g,125.4,1.5,9.7,7.7
2025-05-12,dinner,Butterlaugebrezel,70.0g,241.5,5.5,8.2,36.4
2025-05-12,dinner,Butterzopf,135.0g,413.1,12.2,9.4,68.8
2025-05-12,lunch,Rosa Thon,131.75g,143.6,34.3,0.7,0.0
2025-05-12,lunch,Dinkelmehl,175.0g,610.8,18.9,2.3,120.6
2025-05-12,lunch,Magerquark,170.0g,107.1,17.0,0.8,6.8
2025-05-12,lunch,Mozzarella,90.0g,219.6,17.1,16.2,1.4
2025-05-12,breakfast,Oh! High Protein Drink Ananas & Coco,500.0g,255.0,36.0,2.5,25.0
2025-05-12,snack,Kartoffel Gnocchi,500.0g,685.0,18.5,2.5,145.0
2025-05-13,lunch,Basmati Reis gekocht,1.0 Portion(en),3580.0,86.0,11.0,780.0
2025-05-13,lunch,Butter Chicken Dehli Style selfmade,1.0 Portion(en),3315.7,480.0,112.5,99.3
2025-05-13,breakfast,Kartoffel Gnocchi,180.0g,246.6,6.7,0.9,52.2
2025-05-13,dinner,Artisanal Sourdough Bread: Chicken,125.0g,292.5,10.0,12.5,33.8
2025-05-13,dinner,Butterbrezeli mit Sonnenblumenkernen,70.0g,275.1,6.3,14.7,28.0
2025-05-13,dinner,Poke Bowl Salmon,430.0g,688.0,21.5,25.8,94.6
2025-05-13,breakfast,High Protein Drink Himbeere,500.0g,250.0,36.0,2.5,25.5
2025-05-14,breakfast,Butterlaugebrezel,70.0g,241.5,5.5,8.2,36.4
2025-05-14,lunch,Atlantischer Brötlilachs,100.0g,187.0,21.0,11.0,1.0
2025-05-14,lunch,Wildreis(gekocht),300.0g,375.0,14.4,1.5,75.0
2025-05-14,lunch,Chocolate Chip Cookie,50.0g,222.0,1.8,9.9,32.9
2025-05-14,snack,Poke Bowl: Spicy Salmon,385.0g,685.3,17.7,30.0,80.8
2025-05-14,dinner,Dinkelnudeln ,300.0g,1077.0,36.0,4.2,219.0
2025-05-14,dinner,Rosa Thon,200.0g,210.0,50.0,1.2,0.0
2025-05-15,breakfast,Whey&Crispy  white chocolate,50.0g,269.0,15.5,16.5,14.5
2025-05-15,lunch,Jowa Bürli,170.0g,419.9,17.0,1.7,81.6
2025-05-15,lunch,Atlantischer Brötlilachs,200.0g,374.0,42.0,22.0,2.0
2025-05-15,lunch,Vaya,80.0g,339.2,16.8,9.6,43.2
2025-05-15,breakfast,Protein Drink Macchiato,1000.0g,520.0,74.0,5.0,53.0
2025-05-16,breakfast,High Protein Choco Macchiato,500.0g,290.0,40.0,7.5,15.0
2025-05-17,breakfast,Bauernbrot,166.0g,355.2,12.1,1.8,66.4
2025-05-17,breakfast,Erdnussbutter MClassic,22.0g,132.9,5.3,10.6,3.3
2025-05-17,breakfast,Spekulatiuscreme,21.0g,122.6,0.6,8.0,12.0
2025-05-17,lunch,Himbeerjoghurt,150.0g,127.5,4.8,4.3,17.1
2025-05-17,lunch,Knabbermüeslu Choco,75.0g,319.5,7.0,9.0,50.2
2025-05-17,lunch,ASC lachsfilet,380.0g,760.0,76.0,49.4,0.0
2025-05-18,breakfast,Butterzopf,90.0g,275.4,8.1,6.3,45.9
2025-05-18,lunch,Quarkhimmel,170.0g,90.1,14.6,0.8,7.7
2025-05-18,lunch,Dinkelmehl,130.0g,453.7,14.0,1.7,89.6
2025-05-18,lunch,Rosa Thon,155.0g,162.8,38.8,0.9,0.0
2025-05-18,lunch,Mozzarella,100.0g,244.0,19.0,18.0,1.5
2025-05-18,dinner,Poulet dürüm,550.0g,1045.0,71.5,44.0,88.0
2025-05-19,lunch,Basmati Reis gekocht,1.0 Portion(en),3580.0,86.0,11.0,780.0
2025-05-19,dinner,Quarkhimmel,500.0g,265.0,43.0,2.5,22.5
2025-05-19,lunch,Pouletfilet-Geschnetzeltes,225.0g,231.8,49.5,3.8,0.0
2025-05-19,dinner,Maréchal,80.0g,315.2,20.8,25.6,0.4
2025-05-19,dinner,M Classic  Mokka Yoghurt,220.0g,222.4,7.3,6.6,33.0
2025-05-19,dinner,Müsli Honig/Nuss,90.0g,416.7,9.9,16.2,54.0
2025-05-19,dinner,Trail mix - salty Protein mix,40.0g,210.4,10.4,12.8,12.0
2025-05-19,dinner,Pique-nique Sandwich: Chicken - Avocado,240.0g,619.2,40.8,38.4,21.4
2025-05-20,breakfast,Butterlaugebrezel,70.0g,241.5,5.5,8.2,36.4
2025-05-21,lunch,Kartoffelstock,1.0 Portion(en),2767.4,67.9,61.7,453.1
2025-05-21,snack,Twix,29.0g,145.6,1.4,7.2,18.8
2025-05-21,lunch,Pouletfilet-Geschnetzeltes,225.0g,231.8,49.5,3.8,0.0
2025-05-21,lunch,Vollrahm,30.0g,101.4,0.7,10.5,1.0
2025-05-21,lunch,"Nudeln, gekocht (aus Hartweizengrieß)",220.0g,314.6,11.0,1.1,61.8
2025-05-21,dinner,Shrimp Bami Goreng,380.0g,478.8,22.0,18.2,53.2
2025-05-21,dinner,Apero tete de moine AOP,52.0g,217.9,13.0,17.8,0.1
2025-05-21,dinner,Birchermüesli Raspberry Pecan,250.0g,450.0,11.5,21.2,5.0
2025-05-21,dinner,Classic Branches,23.0g,124.2,1.6,7.4,12.4
2025-05-21,dinner,Isoclear,30.0g,103.5,24.0,0.0,0.8
2025-05-22,breakfast,Chicken cocktail ,235.0g,578.1,21.6,25.9,63.5
2025-05-22,breakfast,Protein Drink Macchiato,1000.0g,520.0,74.0,5.0,53.0
2025-05-22,dinner,Vaya,80.0g,339.2,16.8,9.6,43.2
2025-05-22,lunch,Pizza au poulet,420.0g,810.6,50.4,28.1,126.0
2025-05-22,snack,Omelett,150.0g,267.0,17.9,20.9,2.5
2025-05-23,breakfast,Crunchy roll,90.0g,381.6,7.7,19.2,43.6
2025-05-24,breakfast,Zweifel Chips Poulet im Chörbli,100.0g,520.0,6.1,31.0,52.0
2025-05-24,lunch,Butterzopf,250.0g,765.0,22.5,17.5,127.5
2025-05-24,dinner,"Kartoffeln (ohne Schale), gekocht",420.0g,378.0,8.4,0.0,79.4
2025-05-24,dinner,Crevettenspiesse mariniert Lemonpepper,340.0g,258.4,51.0,5.1,3.1
2025-05-24,snack,Milch,100.0g,46.0,3.2,1.5,4.9
2025-05-24,snack,Milch,300.0g,138.0,9.6,4.5,14.7
2025-05-24,snack,WHEY-PROTEIN MILKSHAKE CHOCOLATE,60.0g,220.8,31.7,1.9,19.2
2025-05-25,breakfast,Protein Drink Macchiato,500.0g,260.0,37.0,2.5,26.5
2025-05-25,lunch,Pouletbrust,500.0g,570.0,125.0,7.5,5.0
2025-05-25,lunch,Butternudeln,140.0g,275.8,6.3,12.5,34.4
2025-05-25,breakfast,Weizenbrötchen (Semmel),120.0g,349.2,12.1,2.2,67.1
2025-05-25,lunch,Salatdressing selbstgemacht,70.0g,94.5,2.8,6.3,4.9
2025-05-25,dinner,M Classic  Mokka Yoghurt,220.0g,222.4,7.3,6.6,33.0
2025-05-26,lunch,Basmati Reis gekocht,1.0 Portion(en),3580.0,86.0,11.0,780.0
2025-05-26,breakfast,Protein Drink Macchiato,500.0g,260.0,37.0,2.5,26.5
2025-05-26,lunch,Pouletfilet-Geschnetzeltes,225.0g,231.8,49.5,3.8,0.0
2025-05-26,dinner,Croquant Muesli - Framboise,250.0g,322.5,9.8,11.2,45.0
2025-05-26,dinner,Petit Pain à la Tête de Moin,100.0g,257.0,11.0,11.0,29.0
2025-05-26,dinner,Oriental Chicken & Hummus,400.0g,580.0,23.6,21.2,68.0
2025-05-27,snack,Gurken Poulet Salat,1.0 Portion(en),2331.2,323.8,61.1,105.8
2025-05-27,dinner,Croquant Muesli - Framboise,250.0g,322.5,9.8,11.2,45.0
2025-05-27,dinner,Oriental Chicken & Hummus,400.0g,580.0,23.6,21.2,68.0
2025-05-27,breakfast,Protein Drink Macchiato,500.0g,260.0,37.0,2.5,26.5
2025-05-27,lunch,"Risotto, gekocht",300.0g,234.0,4.2,5.7,40.8
2025-05-27,lunch,Geschnezeltes Schweinefleisch,140.0g,245.0,11.5,17.1,11.2
2025-05-27,lunch,Müesli mit Himbeeren,200.0g,242.0,8.0,6.0,38.0
2025-05-27,lunch,Vaya,80.0g,339.2,16.8,9.6,43.2
2025-05-28,dinner,Gurken Poulet Salat,1.0 Portion(en),2331.2,323.8,61.1,105.8
2025-05-28,breakfast,Protein Drink Macchiato,500.0g,260.0,37.0,2.5,26.5
2025-05-28,dinner,"Mineralwasser, Still",200.0g,0.0,0.0,0.0,0.0
2025-05-28,dinner,Croquant Muesli - Framboise,250.0g,322.5,9.8,11.2,45.0
2025-05-28,dinner,Oriental Chicken & Hummus,400.0g,580.0,23.6,21.2,68.0
2025-05-29,breakfast,Protein Drink Macchiato,500.0g,260.0,37.0,2.5,26.5
2025-05-29,lunch,Minor,44.0g,252.6,4.3,17.2,19.8
2025-05-29,breakfast,Soft milch,29.0g,129.3,3.8,5.2,16.2
2025-05-29,breakfast,"Activ Müsli Knusper, Kokosnuss",65.0g,289.2,5.5,10.4,41.0
2025-05-29,breakfast,Mokka Joghurt,200.0g,194.0,8.4,6.2,26.0
2025-05-30,dinner,Gurken Poulet Salat,1.0 Portion(en),2331.2,323.8,61.1,105.8
2025-05-30,breakfast,Butterzopf,60.0g,183.6,5.4,4.2,30.6
2025-05-30,breakfast,Peanut Butter,20.0g,120.0,4.9,9.3,3.2
2025-05-30,breakfast,Protein Drink Macchiato,500.0g,260.0,37.0,2.5,26.5
2025-05-30,dinner,"Mineralwasser, Still",200.0g,0.0,0.0,0.0,0.0
2025-05-30,lunch,Asiatisches Reisgericht mit gebratenem Pouletfleisch und Gemüse ,500.0g,485.0,30.0,7.5,70.0
2025-05-30,breakfast,Gruyère,38.0g,173.0,6.0,6.0,23.0
2025-05-30,breakfast,Minor,22.0g,126.3,2.2,8.6,9.9
2025-05-30,dinner,Granulat Kerne & Saaten (Bio),100.0g,544.0,17.0,36.0,33.0
2025-05-30,dinner,Milch,175.0g,80.5,5.6,2.6,8.6
2025-05-30,dinner,Mokka Joghurt,200.0g,194.0,8.4,6.2,26.0
2025-05-31,dinner,Gurken Poulet Salat,1.0 Portion(en),2331.2,323.8,61.1,105.8
2025-05-31,dinner,Poulet Gourmetspiessli gewürzt,130.0g,210.6,24.7,12.3,0.7
2025-05-31,lunch,Joghurt Nature ,180.0g,117.0,6.8,6.3,8.1
2025-05-31,lunch,Granulat Kerne & Saaten (Bio),75.0g,408.0,12.8,27.0,24.8
2025-05-31,lunch,Magerquark,220.0g,138.6,22.0,1.1,8.8
2025-05-31,breakfast,Eistee Pfirsich,400.0g,76.0,2.0,2.0,18.4
2025-05-31,breakfast,Nussgipfel ,70.0g,309.4,4.9,17.5,32.9
2025-05-31,breakfast,Minor,22.0g,126.3,2.2,8.6,9.9
2025-05-31,breakfast,Weizenbrötchen (Semmel),80.0g,232.8,8.1,1.4,44.7
2025-05-31,breakfast,Nutella,25.0g,134.8,1.6,7.7,14.4
2025-05-31,dinner,Milch,200.0g,92.0,6.4,3.0,9.8
2025-05-31,dinner,Multipower- whey protein shake cookies &cream,30.0g,113.4,21.3,1.4,3.6
2025-06-01,dinner,Gurken Poulet Salat,1.0 Portion(en),2331.2,323.8,61.1,105.8
2025-06-01,breakfast,Poulet Gourmetspiessli gewürzt,220.0g,356.4,41.8,20.9,1.1
2025-06-01,breakfast,Mozzarella fettreduziert,125.0g,367.5,22.5,23.8,1.9
2025-06-01,breakfast,Borito,90.0g,310.5,8.7,7.9,49.6
2025-06-01,breakfast,Mayonnaise light,24.0g,74.6,0.2,7.7,0.9
2025-06-01,lunch,Weizenbrötchen (Semmel),43.0g,125.1,4.3,0.8,24.0
2025-06-01,lunch,Atlantischer Brötlilachs,132.0g,246.8,27.7,14.5,1.3
2025-06-01,lunch,Gruyère,38.0g,173.0,6.0,6.0,23.0
2025-06-02,breakfast,Kokosglace selfmade,1.0 Portion(en),1069.2,82.7,59.0,42.4
2025-06-02,dinner,Poke Bowl: Smoked Salmon Rainbow,380.0g,665.0,22.0,23.6,87.4
2025-06-02,dinner,Maréchal,80.0g,315.2,20.8,25.6,0.4
2025-06-02,dinner,Butterlaugebrezel,70.0g,241.5,5.5,8.2,36.4
2025-06-02,dinner,Croquant Muesli - Framboise,250.0g,322.5,9.8,11.2,45.0
2025-06-02,breakfast,Milch,350.0g,161.0,11.2,5.2,17.2
2025-06-02,breakfast,Whey Protein Coconut,30.0g,115.5,23.1,1.5,2.2
2025-06-02,lunch,Mozzarella fettreduziert,125.0g,367.5,22.5,23.8,1.9
2025-06-02,lunch,Borito,90.0g,310.5,8.7,7.9,49.6
2025-06-02,lunch,Mayonnaise light,24.0g,74.6,0.2,7.7,0.9
2025-06-02,lunch,Chili con Carne,340.0g,224.4,19.4,6.8,19.0
2025-06-03,breakfast,Bauernbrot,60.0g,128.4,4.4,0.7,24.0
2025-06-03,breakfast,Atlantischer Brötlilachs,125.0g,233.8,26.2,13.8,1.2
2025-06-04,breakfast,Protein Drink Macchiato,500.0g,260.0,37.0,2.5,26.5
2025-06-04,lunch,Pizza poulet,450.0g,940.5,49.5,25.6,121.5
2025-06-04,dinner,Bauernbrot,200.0g,428.0,14.6,2.2,80.0
2025-06-04,snack,Mozzarella fettreduziert,125.0g,367.5,22.5,23.8,1.9
2025-06-04,dinner,Skandinavischer Räucherlachs,200.0g,348.0,42.0,20.0,0.0
2025-06-05,lunch,Gurken Poulet Salat,1.0 Portion(en),2331.2,323.8,61.1,105.8
2025-06-05,breakfast,Protein Drink Macchiato,500.0g,260.0,37.0,2.5,26.5
2025-06-05,dinner,Poke Bowl: Smoked Salmon Rainbow,380.0g,665.0,22.0,23.6,87.4
2025-06-05,dinner,Maréchal,80.0g,315.2,20.8,25.6,0.4
2025-06-05,dinner,Trail mix - salty Protein mix,40.0g,210.4,10.4,12.8,12.0
2025-06-06,breakfast,Protein Drink Macchiato,500.0g,260.0,37.0,2.5,26.5
2025-06-07,breakfast,Kokosglace selfmade,1.0 Portion(en),1069.2,82.7,59.0,42.4
2025-06-07,lunch,Poulet Gurkensalat 7 Juni,1.0 Portion(en),283.4,38.6,9.6,8.5
2025-06-07,dinner,Gurken Poulet Salat,1.0 Portion(en),2331.2,323.8,61.1,105.8
2025-06-08,lunch,Kartoffel Gnocchi,350.0g,479.5,12.9,1.8,101.5
2025-06-08,lunch,Pouletbrust Filetstücke Klassik,160.0g,200.0,35.2,4.5,4.3
2025-06-08,breakfast,Magerquark,500.0g,315.0,50.0,2.5,20.0
2025-06-08,dinner,Butterzopf,115.0g,351.9,10.3,8.1,58.6
2025-06-08,dinner,Skandinavischer Räucherlachs,150.0g,261.0,31.5,15.0,0.0
2025-06-08,dinner,Minor,44.0g,252.6,4.3,17.2,19.8
2025-06-09,dinner,Poulet Gurkensalat 7 Juni,1.0 Portion(en),283.4,38.6,9.6,8.5
2025-06-10,lunch,Poulet Gurkensalat 7 Juni,1.0 Portion(en),283.4,38.6,9.6,8.5
2025-06-10,breakfast,Butterzopf,40.0g,122.4,3.6,2.8,20.4
2025-06-10,breakfast,Erdnussbutter MClassic,20.0g,120.8,4.8,9.6,3.0
2025-06-10,dinner,Croquant Muesli - Framboise,250.0g,322.5,9.8,11.2,45.0
2025-06-10,dinner,Trail mix - salty Protein mix,40.0g,210.4,10.4,12.8,12.0
2025-06-10,dinner,Chicken Panaeng (Spicy),490.0g,779.1,29.4,33.8,83.3
2025-06-11,breakfast,Peanut Butter,25.0g,150.0,6.2,11.7,4.0
2025-06-11,breakfast,Bauernbrot,100.0g,214.0,7.3,1.1,40.0
2025-06-11,breakfast,High Protein Choco Macchiato,500.0g,290.0,40.0,7.5,15.0
2025-06-11,breakfast,Shokata,500.0g,90.0,0.0,0.0,21.5
2025-06-12,dinner,Skandinavischer Räucherlachs,200.0g,348.0,42.0,20.0,0.0
2025-06-12,dinner,Gruyère,76.0g,346.0,12.0,12.0,46.0
2025-06-12,dinner,Focus water,500.0g,85.0,0.0,0.0,20.0
2025-06-13,lunch,Sushi wrap,240.0g,427.2,13.2,18.7,50.4
2025-06-14,lunch,Lasagne Bolognese,600.0g,1026.0,48.6,51.0,89.4
2025-06-15,breakfast,"Activ Müsli Knusper, Kokosnuss",75.0g,333.8,6.4,12.0,47.2
2025-06-15,breakfast,Mokka Joghurt,200.0g,194.0,8.4,6.2,26.0
2025-06-16,lunch,Kartoffelstock,1.0 Portion(en),2767.4,67.9,61.7,453.1
2025-06-16,lunch,Pouletfilet-Geschnetzeltes,225.0g,231.8,49.5,3.8,0.0
2025-06-16,lunch,Vollrahm,30.0g,101.4,0.7,10.5,1.0
2025-06-16,dinner,Maréchal,80.0g,315.2,20.8,25.6,0.4
2025-06-16,dinner,Butterbrezeli mit Sonnenblumenkernen,70.0g,275.1,6.3,14.7,28.0
2025-06-16,breakfast,Premium Muesli Honey & Nuts,155.0g,742.5,17.1,32.5,89.9
2025-06-16,breakfast,Milch,500.0g,230.0,16.0,7.5,24.5
2025-06-17,lunch,Sushi Hanami,265.0g,381.6,15.6,9.3,58.3
2025-06-17,lunch,Protein Drink Macchiato,500.0g,260.0,37.0,2.5,26.5
2025-06-17,dinner,Premium Muesli Honey & Nuts,70.0g,335.3,7.7,14.7,40.6
2025-06-17,dinner,Milch,350.0g,161.0,11.2,5.2,17.2
2025-06-17,lunch,Tibits indian dal,520.0g,618.8,20.3,27.6,62.4
2025-06-17,dinner,Minor,22.0g,126.3,2.2,8.6,9.9
2025-06-17,dinner,Milch,450.0g,207.0,14.4,6.8,22.1
2025-06-17,dinner,Whey Protein Cookies & Cream,70.0g,261.8,52.1,3.0,6.2
2025-06-18,dinner,Magerquark,500.0g,315.0,50.0,2.5,20.0
2025-06-18,dinner,Mokka Joghurt,200.0g,194.0,8.4,6.2,26.0
2025-06-18,dinner,Poke Bowl: Spicy Salmon,385.0g,685.3,17.7,30.0,80.8
2025-06-18,dinner,Maréchal,80.0g,315.2,20.8,25.6,0.4
2025-06-18,lunch,Zinger Burger,180.0g,552.6,18.9,34.0,40.1
2025-06-18,lunch,Truffel parmesan fries,135.0g,476.3,7.3,28.5,47.5
2025-06-19,lunch,"Kartoffeln (ohne Schale), gekocht",280.0g,252.0,5.6,0.0,52.9
2025-06-19,lunch,Cordon bleu (aus Schweinefleisch),115.0g,254.2,25.6,11.7,10.6
2025-06-19,lunch,Skandinavischer Räucherlachs,200.0g,348.0,42.0,20.0,0.0
2025-06-19,dinner,Pouletfilet-Geschnetzeltes,550.0g,566.5,121.0,9.3,0.0
2025-06-21,lunch,Pouletfilet-Geschnetzeltes,400.0g,412.0,88.0,6.8,0.0
2025-06-21,lunch,Borito,90.0g,310.5,8.7,7.9,49.6
2025-06-21,lunch,Sauce mayonnaise,25.0g,172.0,0.0,19.4,0.1
2025-06-21,dinner,Zimtschnecke,70.0g,268.8,4.1,17.1,24.7
2025-06-21,dinner,Premium Muesli Honey & Nuts,110.0g,526.9,12.1,23.1,63.8
2025-06-21,dinner,Milch,250.0g,115.0,8.0,3.8,12.2
2025-06-21,dinner,Magerquark,500.0g,315.0,50.0,2.5,20.0
2025-06-22,breakfast,Appenzeller Switzerland mild,180.0g,700.2,45.0,57.6,0.2
2025-06-22,breakfast,Hefezopf ,212.0g,659.3,16.5,19.1,95.2
2025-06-22,breakfast,Nektarine,120.0g,72.0,1.1,0.1,14.9
2025-06-22,dinner,Magerquark,500.0g,315.0,50.0,2.5,20.0
2025-06-22,lunch,Rindsburger,200.0g,538.0,32.0,45.4,2.4
2025-06-22,lunch,Mayomix ,20.0g,86.4,0.2,8.2,2.9
2025-06-23,lunch,Galettes campinoises,56.0g,272.2,4.3,11.2,37.5
2025-06-23,lunch,Cornet Chocolat,83.0g,248.0,3.8,12.0,30.0
2025-06-23,dinner,Salmon Mango Poke Bowl,390.0g,647.4,14.8,10.5,89.7
2025-06-23,dinner,Croquant Muesli - Framboise,250.0g,322.5,9.8,11.2,45.0
2025-06-23,lunch,Pouletfilet-Geschnetzeltes,210.0g,216.3,46.2,3.6,0.0
2025-06-23,lunch,"Nudeln, gekocht (aus Hartweizengrieß)",210.0g,300.3,10.5,1.1,59.0
2025-06-23,lunch,Sweet Chilli Sauce,50.0g,108.5,0.4,0.6,25.0
2025-06-23,dinner,Rindsburger,100.0g,269.0,16.0,22.7,1.2
2025-06-23,snack,Magerquark,500.0g,315.0,50.0,2.5,20.0
2025-06-24,lunch,Lasagne Bolognese,600.0g,1026.0,48.6,51.0,89.4
2025-06-24,dinner,Croquant Muesli - Framboise,250.0g,322.5,9.8,11.2,45.0
2025-06-24,dinner,Spicy Beef Burito,392.0g,701.7,31.0,23.9,86.2
2025-06-24,dinner,Cornet Chocolat,83.0g,248.0,3.8,12.0,30.0
2025-06-24,snack,Poulet dürüm,550.0g,1045.0,71.5,44.0,88.0
2025-06-25,breakfast,Isoclear,30.0g,103.5,24.0,0.0,0.8
2025-06-25,breakfast,Croquant Muesli - Framboise,250.0g,322.5,9.8,11.2,45.0
2025-06-25,lunch,Salmon Mango Poke Bowl,390.0g,647.4,14.8,10.5,89.7
2025-06-25,breakfast,Minor,22.0g,126.3,2.2,8.6,9.9
2025-06-29,breakfast,Hefezopf ,200.0g,622.0,15.6,18.0,89.8
2025-06-29,breakfast,Gekookte en gepelde garnalenlook,350.0g,455.0,63.0,22.8,0.0
2025-06-29,lunch,More Clear Vegan Apfel Zitrone,70.0g,252.7,47.6,0.0,3.1
2025-06-29,dinner,"Entrecôte de bœuf, grillée",135.0g,322.6,37.0,19.0,0.8
2025-06-29,dinner,Schweinssteak Nierstuck,300.0g,432.0,66.0,18.0,3.0
2025-06-29,dinner,"Kartoffeln (ohne Schale), gekocht",400.0g,360.0,8.0,0.0,75.6
2025-06-29,dinner,"Gemüsepfanne, fettarm",300.0g,123.0,6.0,3.9,15.6
2025-06-30,lunch,Magnum Almond Eis,110.0g,366.3,5.2,22.0,34.1
2025-07-01,breakfast,Proteindrink Schoko,550.0g,264.0,29.7,3.9,26.4
2025-07-01,breakfast,Proteinriegel mit Crispy White chocolate Geschmack,90.0g,326.7,45.0,9.0,7.2
2025-07-01,lunch,Spaghetti Bolognese,500.0g,715.0,31.0,17.5,104.0
2025-07-01,lunch,Parmesan,45.0g,176.4,14.8,12.6,0.0
2025-07-02,breakfast,Joghurt Nature ,500.0g,325.0,19.0,17.5,22.5
2025-07-02,breakfast,Knuspermüsli,80.0g,335.2,8.6,11.1,45.3
2025-07-02,lunch,Sandwich Poulet,120.0g,306.0,13.2,10.1,39.6
2025-07-03,lunch,Kartoffelsalat,340.0g,333.2,5.8,13.3,44.2
2025-07-03,lunch,Pouletfilet-Geschnetzeltes,180.0g,185.4,39.6,3.1,0.0
2025-07-03,lunch,Schweinebraten,290.0g,371.2,69.6,8.7,2.9
2025-07-03,dinner,Butterbrezeli mit Sonnenblumenkernen,70.0g,275.1,6.3,14.7,28.0
2025-07-03,dinner,Croquant Muesli - Framboise,250.0g,322.5,9.8,11.2,45.0
2025-07-03,dinner,Salmon Wakame Poké Bowl,400.0g,664.0,20.0,28.0,76.0
2025-07-04,breakfast,Kartoffelstock,1.0 Portion(en),2767.4,67.9,61.7,453.1
2025-07-04,breakfast,Kirsche Ciliegia Cerise,175.0g,166.2,6.1,5.2,22.8
2025-07-04,breakfast,Pouletfilet-Geschnetzeltes,225.0g,231.8,49.5,3.8,0.0
2025-07-04,breakfast,Vollrahm,30.0g,101.4,0.7,10.5,1.0
2025-07-04,breakfast,Butterlaugebrezel,70.0g,241.5,5.5,8.2,36.4
2025-07-04,breakfast,Nic Nacs,35.0g,186.6,5.2,12.6,11.9
2025-07-04,lunch,Protein Mix,60.0g,351.6,18.5,27.5,4.1
2025-07-05,lunch,Knoppers,25.0g,137.8,2.2,8.3,13.1
2025-07-06,lunch,Pad Thai Nudeln mit Huhn,600.0g,1080.0,60.0,48.0,120.0
2025-07-06,breakfast,Rösti,175.0g,287.0,5.2,14.3,35.0
2025-07-06,breakfast,Butterzopf,170.0g,520.2,15.3,11.9,86.7
2025-07-06,dinner,Magerquark,500.0g,315.0,50.0,2.5,20.0
2025-07-06,snack,Pouletfilet-Geschnetzeltes,300.0g,309.0,66.0,5.1,0.0
2025-07-07,breakfast,M Classic Creamy Erdnussbutter,15.0g,91.2,3.6,7.2,2.4
2025-07-07,breakfast,Butterzopf,100.0g,306.0,9.0,7.0,51.0
2025-07-07,breakfast,Milch,500.0g,230.0,16.0,7.5,24.5
2025-07-07,breakfast,Bodylab Whey Marzipan,50.0g,192.5,37.5,2.5,3.8
2025-07-07,breakfast,"Nektarine, frisch",80.0g,45.6,0.7,0.1,9.9
2025-07-07,lunch,Polenta (zubereitet),450.0g,427.5,10.8,8.1,74.7
2025-07-07,lunch,"Brokkoli (Broccoli), gekocht",750.0g,202.5,21.0,1.5,15.0
2025-07-07,snack,Popcorn micro,70.0g,305.9,6.1,15.4,33.6
2025-07-07,dinner,Magerquark,500.0g,315.0,50.0,2.5,20.0
2025-07-08,breakfast,Flohsamenschalenbowl,1.0 Portion(en),916.5,79.2,28.2,71.1
2025-07-08,dinner,Gurken Poulet Salat,1.0 Portion(en),2331.2,323.8,61.1,105.8
2025-07-08,lunch,"Kartoffeln (ohne Schale), gekocht",180.0g,162.0,3.6,0.0,34.0
2025-07-08,lunch,Blumenkohlsuppe,220.0g,61.6,3.1,3.7,3.5
2025-07-08,lunch,Bio Senner Extra,24.0g,91.2,6.7,7.7,0.1
2025-07-08,lunch,Gruyère,38.0g,173.0,6.0,6.0,23.0
2025-07-08,snack,Appenzeller Käse rezent,60.0g,234.6,15.6,19.2,0.3
2025-07-09,lunch,Hörnli - Müscheligratin,1.0 Portion(en),804.6,73.0,32.4,54.7
2025-07-09,breakfast,Snickers,50.0g,245.5,3.8,11.9,30.8
2025-07-09,snack,Twister mini,50.0g,50.0,0.2,0.3,11.0
2025-07-09,dinner,Lasagne Bolognese,800.0g,1368.0,64.8,68.0,119.2
2025-07-10,breakfast,Frühstücksbowl new,1.0 Portion(en),708.8,61.0,10.8,67.7
2025-07-10,lunch,Gurken Poulet Salat,1.0 Portion(en),2331.2,323.8,61.1,105.8
2025-07-10,lunch,Gruyère,76.0g,346.0,12.0,12.0,46.0
2025-07-10,lunch,Jogurt Drink Mocca,250.0g,190.0,7.0,4.0,30.0
2025-07-10,dinner,Chicken BigMac,241.0g,542.2,21.2,26.5,41.0
2025-07-11,breakfast,Die  Leichte,20.0g,70.0,0.0,7.8,0.0
2025-07-11,breakfast,Weizenbrötchen (Semmel),150.0g,436.5,15.2,2.7,83.8
2025-07-11,breakfast,Putenbrust,240.0g,372.0,50.2,18.5,1.0
2025-07-11,lunch,Snack Fun Mandeln geröstet & gesalzen ,60.0g,386.4,14.4,33.6,3.6
2025-07-12,breakfast,Weizenbrötchen (Semmel),43.0g,125.1,4.3,0.8,24.0
2025-07-19,breakfast,Bauernbrot,125.0g,267.5,9.1,1.4,50.0
2025-07-19,breakfast,Norwegischer Räucherlachs,200.0g,312.0,42.0,18.0,0.0
2025-07-19,dinner,Light Chips,100.0g,479.0,6.5,23.0,59.0
2025-07-19,lunch,Kalbshackfleisch,150.0g,232.5,41.2,11.6,0.0
2025-07-19,lunch,"Kartoffeln (ohne Schale), gekocht",200.0g,180.0,4.0,0.0,37.8
2025-07-19,dinner,Premium Muesli Honey & Nuts,70.0g,335.3,7.7,14.7,40.6
2025-07-19,dinner,Magerquark,500.0g,315.0,50.0,2.5,20.0
2025-07-20,breakfast,Bauernbrot,93.0g,199.0,6.8,1.0,37.2
2025-07-20,breakfast,Peanut Butter,20.0g,120.0,4.9,9.3,3.2
2025-07-20,breakfast,Appenzeller Käse rezent,70.0g,273.7,18.2,22.4,0.3
2025-07-20,lunch,Sauce cocktail,60.0g,74.4,0.8,0.7,16.9
2025-07-21,breakfast,Magerquark,500.0g,315.0,50.0,2.5,20.0
2025-07-21,breakfast,Premium Muesli Honey & Nuts,75.0g,359.2,8.2,15.8,43.5
2025-07-21,lunch,Thai Curry mit Hühnchen und Reis,375.0g,937.5,48.8,37.5,86.2
2025-07-21,snack,Isoclear,50.0g,172.5,40.0,0.0,1.2
2025-07-21,dinner,Hähnchenbrustfilet mit Paprika,150.0g,162.0,31.5,3.0,2.2
2025-07-21,dinner,Skandinavischer Räucherlachs,250.0g,435.0,52.5,25.0,0.0
2025-07-21,dinner,Brownie Gluten free,60.0g,262.2,2.9,14.4,30.6
2025-07-21,snack,Happy Day Cocos Ananas Saft,500.0g,275.0,2.5,2.5,60.0
2025-07-21,snack,Kirsche Sport,500.0g,95.0,2.5,1.5,22.0
2025-07-21,snack,Rheinische vollkornschnitten,166.8g,323.6,8.5,1.8,61.7
2025-07-21,snack,Mandelkerne in Öl geröstet,75.0g,465.0,14.2,41.2,5.0
2025-07-24,breakfast,Beeren Crunch,125.0g,528.8,12.2,13.8,85.0
2025-07-24,breakfast,"Kuhmilch (Vollmilch) 3,5% Fett",400.0g,260.0,13.6,14.4,18.8
2025-07-24,breakfast,Weizenbrötchen (Semmel),60.0g,174.6,6.1,1.1,33.5
2025-07-24,breakfast,"Butter, light",10.0g,49.9,0.3,5.5,0.0
2025-07-24,breakfast,Putenbrustschinken,30.0g,30.9,6.0,0.5,0.3
2025-07-24,breakfast,Fruchtjoghurt Himbeere,100.0g,87.0,3.7,3.0,10.5
2025-07-24,breakfast,Multivitamin Saft,200.0g,76.0,0.8,0.2,20.0
2025-07-24,breakfast,Peanut Butter,30.0g,180.0,7.4,14.0,4.8
2025-07-26,breakfast,Milch 0.3%,500.0g,190.0,18.0,1.5,25.5
2025-07-26,breakfast,Protein Iced Coffee Dark Cookie Crumble,50.0g,189.0,32.5,3.0,8.0
2025-07-26,breakfast,Skandinavischer Räucherlachs,100.0g,174.0,21.0,10.0,0.0
2025-07-26,lunch,Burrata Pizza,130.0g,1120.6,29.9,52.0,102.7
2025-07-26,lunch,Pouletfilet-Geschnetzeltes,70.0g,72.1,15.4,1.2,0.0
2025-07-26,dinner,Sushi Box Sunakku,210.0g,304.5,12.4,6.1,49.4
2025-07-26,dinner,Räucherlachs Wrap,175.0g,350.0,12.9,19.2,29.8
2025-07-26,dinner,Mondseer,17.0g,65.5,4.8,5.1,0.0
2025-07-26,snack,Skandinavischer Räucherlachs,100.0g,174.0,21.0,10.0,0.0
2025-07-28,breakfast,Mozzarella Pizza ,200.0g,502.0,38.0,38.0,2.0
2025-07-28,breakfast,Quarkhimmel,500.0g,265.0,43.0,2.5,22.5
2025-07-28,breakfast,Appenzeller Extra-Würzig,100.0g,405.0,26.0,33.0,0.1
2025-07-28,lunch,Weizenbrötchen (Semmel),50.0g,145.5,5.0,0.9,27.9
2025-07-28,lunch,Cottage cheese,70.0g,56.0,7.7,1.8,2.1
2025-07-28,lunch,Sushi Meal,150.0g,216.0,4.8,5.0,36.0
2025-07-29,breakfast,Gurken Poulet Salat,1.0 Portion(en),2331.2,323.8,61.1,105.8
2025-07-29,dinner,Basmati Reis gekocht,1.0 Portion(en),3580.0,86.0,11.0,780.0
2025-07-29,breakfast,Protein Drink Macchiato,500.0g,260.0,37.0,2.5,26.5
2025-07-29,lunch,Mozzarella fettreduziert,125.0g,367.5,22.5,23.8,1.9
2025-07-29,lunch,Appenzeller Extra-Würzig,50.0g,202.5,13.0,16.5,0.1
2025-07-29,lunch,Nussmischung mit kernen,40.0g,248.4,11.2,20.4,3.6
2025-07-29,dinner,Kichererbsencurry,250.0g,352.5,10.8,10.2,52.5
2025-07-29,snack,Joghurt Nature 1.5%,400.0g,216.0,15.2,6.0,17.6
2025-07-30,lunch,"Spaghetti, gekocht",220.0g,314.6,11.0,1.1,61.8
2025-07-30,lunch,Soße Bolognese,320.0g,240.0,16.0,13.4,12.8
2025-07-30,lunch,Grana padano,70.0g,278.6,23.1,20.3,0.0
2025-07-30,breakfast,Protein Drink Macchiato,500.0g,260.0,37.0,2.5,26.5
2025-07-30,breakfast,"Nektarine, frisch",80.0g,45.6,0.7,0.1,9.9
2025-07-30,dinner,"Mineralwasser, Still",200.0g,0.0,0.0,0.0,0.0
2025-07-30,snack,"Karotten (Möhren), frisch",260.0g,101.4,2.1,0.5,17.7
2025-07-30,dinner,Lasagne Bolognese,800.0g,1368.0,64.8,68.0,119.2
2025-07-31,dinner,Gurken Poulet Salat,1.0 Portion(en),2331.2,323.8,61.1,105.8
2025-07-31,breakfast,Poulet Filetspitzen,235.0g,331.4,49.4,14.6,1.2
2025-07-31,breakfast,Protein Drink Macchiato,500.0g,260.0,37.0,2.5,26.5
2025-07-31,lunch,Tortillas,62.0g,192.8,4.6,3.9,34.1
2025-07-31,lunch,Minor,22.0g,126.3,2.2,8.6,9.9
2025-07-31,snack,Bretzel mit Meersalz-Butter,80.0g,252.0,6.2,12.0,28.8
2025-07-31,dinner,"Mineralwasser, Still",200.0g,0.0,0.0,0.0,0.0
2025-08-01,snack,Surprise Egg,20.0g,110.0,2.0,7.0,11.0
2025-08-01,lunch,Formaggio grattugiato,100.0g,342.0,31.0,24.0,0.5
2025-08-01,snack,Döner Style Warp ,170.0g,401.2,13.8,16.7,47.6
2025-08-01,lunch,Pouletfilet-Geschnetzeltes,230.0g,236.9,50.6,3.9,0.0
2025-08-02,breakfast,Formaggio grattugiato,100.0g,342.0,31.0,24.0,0.5
2025-08-02,breakfast,Ghackets und Hörnli,500.0g,760.0,55.0,24.5,75.0
2025-08-02,snack,Protein Iced Coffee ,30.0g,113.4,19.5,1.8,4.8
2025-08-02,snack,Milch,340.0g,156.4,10.9,5.1,16.7
2025-08-02,dinner,Butterzopf,120.0g,367.2,10.8,8.4,61.2
2025-08-02,dinner,Skandinavischer Räucherlachs,200.0g,348.0,42.0,20.0,0.0
2025-08-02,lunch,Eistee Pfirsich,400.0g,76.0,2.0,2.0,18.4
2025-08-03,lunch,Gurken Poulet Salat,1.0 Portion(en),2331.2,323.8,61.1,105.8
2025-08-03,breakfast,Kräftig-Würzig,100.0g,391.0,23.0,32.0,0.0
2025-08-03,breakfast,Butterzopf,150.0g,459.0,13.5,10.5,76.5
2025-08-03,breakfast,Peanut Butter,10.0g,60.0,2.5,4.7,1.6
2025-08-03,breakfast,Spekulatiuscreme,14.0g,81.8,0.4,5.3,8.0
2025-08-03,dinner,Skandinavischer Räucherlachs,150.0g,261.0,31.5,15.0,0.0
2025-08-04,lunch,Gurken Poulet Salat,1.0 Portion(en),2331.2,323.8,61.1,105.8
2025-08-04,breakfast,Pane  Valle Maggia,80.0g,191.2,7.2,0.9,36.8
2025-08-04,breakfast,Kräftig-Würzig,80.0g,312.8,18.4,25.6,0.0
2025-08-04,lunch,"Mineralwasser, Still",200.0g,0.0,0.0,0.0,0.0
2025-08-04,breakfast,Pouletbrust Filetstücke Klassik,150.0g,187.5,33.0,4.2,4.0
2025-08-04,dinner,Poulet au Café de Paris,415.0g,585.1,29.9,18.3,70.5
2025-08-04,snack,Cremerolle,120.0g,399.6,4.8,25.2,38.4
2025-08-05,lunch,Gurken Poulet Salat,1.0 Portion(en),2331.2,323.8,61.1,105.8
2025-08-05,breakfast,Kräftig-Würzig,45.0g,175.9,10.3,14.4,0.0
2025-08-05,breakfast,Protein Iced Coffee Dark Cookie Crumble,33.0g,124.7,21.4,1.9,5.3
2025-08-05,breakfast,Milch,500.0g,230.0,16.0,7.5,24.5
2025-08-05,lunch,"Mineralwasser, Still",200.0g,0.0,0.0,0.0,0.0
2025-08-05,dinner,"Apfel (mit Schale), frisch",260.0g,169.0,0.8,0.3,37.2
2025-08-05,dinner,Croquant Muesli - Framboise,250.0g,322.5,9.8,11.2,45.0
2025-08-05,dinner,Birchermüesli - Baies (dairy free),250.0g,385.0,7.0,14.2,55.0
2025-08-05,dinner,Smoked Salmon Bagel,210.0g,569.1,23.1,23.1,63.0
2025-08-06,lunch,Gurken Poulet Salat,1.0 Portion(en),2331.2,323.8,61.1,105.8
2025-08-06,snack,"Apfel (mit Schale), frisch",260.0g,169.0,0.8,0.3,37.2
2025-08-06,snack,Nektarine,120.0g,72.0,1.1,0.1,14.9
2025-08-06,breakfast,Kräftig-Würzig,48.0g,187.7,11.0,15.4,0.0
2025-08-06,lunch,"Mineralwasser, Still",200.0g,0.0,0.0,0.0,0.0
2025-08-06,snack,Rührkuchen mit Bourbon Vanille,65.0g,264.6,3.2,13.5,32.2
2025-08-06,dinner,Butterbretzeli mit Sonnenblumenkernen,70.0g,267.4,6.3,13.3,28.0
2025-08-06,dinner,Paranuss,40.0g,278.8,6.8,27.2,1.6
2025-08-06,snack,Sandwich M budget chicken tartare,185.0g,516.1,20.4,20.4,59.2
2025-08-06,snack,Magerquark,500.0g,315.0,50.0,2.5,20.0
2025-08-07,breakfast,Premium Muesli Honey & Nuts,80.0g,383.2,8.8,16.8,46.4
2025-08-07,breakfast,Milch,300.0g,138.0,9.6,4.5,14.7
2025-08-07,dinner,Cordon bleu (aus Schweinefleisch),300.0g,663.0,66.9,30.6,27.6
2025-08-07,dinner,Cocktailsoße,45.0g,82.3,0.3,6.3,5.8
2025-08-07,dinner,King  Pawns White Tiger Garnelen,400.0g,288.0,64.0,3.6,0.0
2025-08-07,lunch,Kartoffelgratin (überbacken),325.0g,552.5,17.9,34.8,40.3
2025-08-08,breakfast,"Apfel (mit Schale), frisch",130.0g,84.5,0.4,0.1,18.6
2025-08-08,lunch,Kichererbsencurry,350.0g,493.5,15.1,14.3,73.5
2025-08-08,lunch,"Basmatireis, gekocht",350.0g,462.0,11.6,1.1,98.3
2025-08-08,dinner,Butterbretzeli mit Sonnenblumenkernen,70.0g,267.4,6.3,13.3,28.0
2025-08-08,dinner,Croquant Muesli - Framboise,250.0g,322.5,9.8,11.2,45.0
2025-08-08,dinner,Birchermüesli - Baies (dairy free),250.0g,385.0,7.0,14.2,55.0
2025-08-08,dinner,Trail mix - salty Protein mix,40.0g,210.4,10.4,12.8,12.0
2025-08-08,snack,Hänchen Nuggets Cornflakes,270.0g,378.0,41.3,3.0,45.1
2025-08-08,snack,Kräftig-Würzig,90.0g,351.9,20.7,28.8,0.0
2025-08-08,snack,Bodylab Protein Coffee Espresso ,50.0g,185.5,33.0,3.2,6.0
2025-08-09,breakfast,Premium Muesli Honey & Nuts,80.0g,383.2,8.8,16.8,46.4
2025-08-09,breakfast,Milch,300.0g,138.0,9.6,4.5,14.7
2025-08-09,breakfast,Kräftig-Würzig,75.0g,293.2,17.2,24.0,0.0
2025-08-09,snack,RedBull Sea blue,250.0g,112.5,0.0,0.0,27.5
2025-08-09,snack,Magerquark,500.0g,315.0,50.0,2.5,20.0
2025-08-09,snack,Bodylab Protein Coffee Espresso ,50.0g,185.5,33.0,3.2,6.0
2025-08-10,breakfast,Magerquark,500.0g,315.0,50.0,2.5,20.0
2025-08-10,lunch,Kräftig-Würzig,110.0g,430.1,25.3,35.2,0.0
2025-08-10,lunch,Knusperi Classic,25.0g,137.0,1.8,8.2,13.2
2025-08-10,lunch,Fruity Snakes,33.32g,111.3,1.8,0.0,25.7
2025-08-10,snack,Bodylab Whey Protein Latte Macchiato,40.0g,152.4,29.2,2.4,3.3
2025-08-10,snack,Milch,400.0g,184.0,12.8,6.0,19.6
2025-08-10,dinner,Hänchen Nuggets Cornflakes,500.0g,700.0,76.5,5.5,83.5
2025-08-10,dinner,"Karotten (Möhren), frisch",600.0g,234.0,4.8,1.2,40.8
2025-08-10,dinner,Salatsauce französisch,110.0g,431.2,1.6,46.9,0.4
2025-08-11,lunch,Basmati Reis gekocht,1.0 Portion(en),3580.0,86.0,11.0,780.0
2025-08-11,breakfast,Kräftig-Würzig,40.0g,156.4,9.2,12.8,0.0
2025-08-11,dinner,Salmone Poke Bowl - FELFEL,370.0g,610.5,25.5,15.9,88.8
2025-08-11,dinner,Smoked salmon sushi wrap,260.0g,439.4,15.3,13.3,67.6
2025-08-11,lunch,Soße Bolognese,450.0g,337.5,22.5,18.9,18.0
2025-08-11,breakfast,Magerquark,500.0g,315.0,50.0,2.5,20.0
2025-08-12,lunch,Tomatensauce,1.0 Portion(en),1901.7,42.2,135.6,118.0
2025-08-12,dinner,Whey Protein Cookies & Cream,60.0g,224.4,44.6,2.6,5.3
2025-08-12,dinner,Milch,400.0g,184.0,12.8,6.0,19.6
2025-08-12,lunch,Müscheli,100.0g,366.0,15.0,2.9,68.0
2025-08-12,lunch,Schweinssteak Nierstuck,200.0g,288.0,44.0,12.0,2.0
2025-08-13,lunch,Kichererbsencurry,350.0g,493.5,15.1,14.3,73.5
2025-08-13,lunch,"Basmatireis, gekocht",350.0g,462.0,11.6,1.1,98.3
2025-08-13,dinner,Butterlaugebrezel,70.0g,241.5,5.5,8.2,36.4
2025-08-13,dinner,Croquant Muesli - Framboise,250.0g,322.5,9.8,11.2,45.0
2025-08-13,breakfast,"Apfel (mit Schale), frisch",130.0g,84.5,0.4,0.1,18.6
2025-08-13,dinner,Salmone Poke Bowl - FELFEL,370.0g,610.5,25.5,15.9,88.8
2025-08-13,snack,Whey Protein Cookies & Cream,90.0g,336.6,67.0,3.9,8.0
2025-08-13,snack,Milch,600.0g,276.0,19.2,9.0,29.4
2025-08-14,dinner,Big Mac,884.0g,2050.9,106.1,106.1,168.0
2025-08-14,snack,Poulet dürüm,550.0g,1045.0,71.5,44.0,88.0
2025-08-14,lunch,Soße Bolognese,450.0g,337.5,22.5,18.9,18.0
2025-08-14,lunch,"Basmatireis, gekocht",350.0g,462.0,11.6,1.1,98.3
2025-08-14,breakfast,Birchermüsli,400.0g,508.0,25.2,22.8,43.2
2025-08-15,dinner,Smoked salmon sushi wrap,260.0g,439.4,15.3,13.3,67.6
2025-08-15,lunch,Pizza poulet curry,590.0g,1044.3,61.4,41.3,104.4
2025-08-15,snack,Milch,400.0g,184.0,12.8,6.0,19.6
2025-08-15,snack,Whey Protein Cookies & Cream,60.0g,224.4,44.6,2.6,5.3
2025-08-15,dinner,Le Maxi Sandwich: Poulet Schnitzel,350.0g,868.0,25.6,35.0,80.5
2025-08-16,snack,Butterzopf,100.0g,306.0,9.0,7.0,51.0
2025-08-16,dinner,Mc Wrap Chicken Honig-Senf,247.0g,471.8,19.3,19.8,49.4
2025-08-16,lunch,Red Thai Chicken Curry,600.0g,768.0,27.6,27.6,97.2
2025-08-16,dinner,mc donalds sprite,500.0g,160.0,0.0,0.0,38.5
2025-08-16,breakfast,Mokka Joghurt,125.0g,121.2,5.2,3.9,16.2
2025-08-16,snack,Mozzarella light,125.0g,206.2,26.2,10.6,1.9
2025-08-16,lunch,Fried Sushi Roll ,250.0g,437.8,9.0,27.8,38.8
2025-08-16,snack,hähnchen,300.0g,468.0,60.0,24.0,2.1
2025-08-17,breakfast,california rollen kawaii,162.0g,247.9,8.7,8.4,34.0
2025-08-17,breakfast,Dark Chocolate Nuts & Sea Salt,40.0g,209.2,6.8,14.8,9.6
2025-08-17,breakfast,Hefezopf ,75.0g,233.2,5.8,6.8,33.7
2025-08-17,breakfast,Ovomaltine,20.0g,109.4,0.7,6.5,11.9
2025-08-18,lunch,Rösti,400.0g,656.0,12.0,32.8,80.0
2025-08-18,dinner,Satay Chicken Noodles,420.0g,781.2,39.9,40.7,58.8
2025-08-18,dinner,Croquant Muesli - Framboise,250.0g,322.5,9.8,11.2,45.0
2025-08-18,breakfast,"Nektarine, frisch",212.5g,121.1,1.9,0.2,26.4
2025-08-18,breakfast,Haselnuss schokokuchen,75.0g,309.8,3.8,22.5,22.5
2025-08-18,lunch,Mozzarella light,125.0g,206.2,26.2,10.6,1.9
2025-08-18,breakfast,Mokka Joghurt,125.0g,121.2,5.2,3.9,16.2
2025-08-18,dinner,Gemischter Salat Mexican,300.0g,351.0,15.3,24.9,13.8
2025-08-18,snack,Magerquark,500.0g,350.0,59.5,3.0,18.0
2025-08-19,lunch,Kichererbsencurry,350.0g,493.5,15.1,14.3,73.5
2025-08-19,lunch,"Basmatireis, gekocht",350.0g,462.0,11.6,1.1,98.3
2025-08-19,lunch,Vanille Joghurt,175.0g,173.2,6.1,5.2,24.5
2025-08-19,lunch,Müsli Erdbeer & weisse Schoko,40.0g,177.2,3.6,6.0,26.0
2025-08-19,dinner,Maréchal,80.0g,315.2,20.8,25.6,0.4
2025-08-19,dinner,Trail mix - salty Protein mix,40.0g,210.4,10.4,12.8,12.0
2025-08-19,dinner,Fuzetea limone,330.0g,62.7,0.0,0.0,14.5
2025-08-19,dinner,Satay Chicken Noodles,420.0g,781.2,39.9,40.7,58.8
2025-08-19,lunch,Whey Protein Cookies & Cream,70.0g,261.8,52.1,3.0,6.2
2025-08-19,lunch,Milch,450.0g,207.0,14.4,6.8,22.1
2025-08-20,snack,Butterlaugebrezel,70.0g,241.5,5.5,8.2,36.4
2025-08-20,dinner,Smoked salmon sushi wrap,260.0g,439.4,15.3,13.3,67.6
2025-08-20,snack,Isoclear,40.0g,138.0,32.0,0.0,1.0
2025-08-20,snack,Snack Fun Mandeln geröstet & gesalzen ,140.0g,901.6,33.6,78.4,8.4
2025-08-20,lunch,"Kartoffeln (ohne Schale), gekocht",200.0g,180.0,4.0,0.0,37.8
2025-08-20,lunch,hähnchen,115.0g,179.4,23.0,9.2,0.8
2025-08-20,lunch,Rösti,150.0g,246.0,4.5,12.3,30.0
2025-08-20,lunch,"Brokkoli (Broccoli), gekocht",200.0g,54.0,5.6,0.4,4.0
2025-08-20,breakfast,Nougat Pockets ,125.0g,561.2,8.5,20.0,83.8
2025-08-20,breakfast,Milch,200.0g,92.0,6.4,3.0,9.8
2025-08-20,lunch,Kartoffelsalat,200.0g,208.0,3.4,9.6,25.2
2025-08-20,dinner,Magerquark,500.0g,350.0,59.5,3.0,18.0
2025-08-21,lunch,Kohlrabi + Karotten mit Sahnesauce,1.0 Portion(en),2385.0,56.6,187.1,104.8
2025-08-21,lunch,Nudeln selfmade ,1.0 Portion(en),3496.8,142.5,27.4,647.2
2025-08-21,lunch,Sosse mit Frischkäse,1.0 Portion(en),773.0,37.2,49.6,42.6
2025-08-21,lunch,melanzana alla parigiana,600.0g,828.0,32.4,60.0,22.2
2025-08-21,lunch,"Shrimp (raw, shell on, easy peel",225.0g,148.5,33.8,1.6,0.0
2025-08-21,lunch,Grana Padano Da Emilio,30.0g,119.4,9.9,8.7,0.0
2025-08-21,dinner,Nougat Pockets ,100.0g,449.0,6.8,16.0,67.0
2025-08-21,dinner,Milch,100.0g,46.0,3.2,1.5,4.9
2025-08-21,dinner,Milch,500.0g,230.0,16.0,7.5,24.5
2025-08-21,dinner,Whey Protein Coconut,50.0g,192.5,38.5,2.5,3.8
2025-08-23,breakfast,Knusper Joghurt Himbeer (30% weniger  Fett),145.0g,597.4,14.5,14.4,97.2
2025-08-23,breakfast,Milch,650.0g,299.0,20.8,9.8,31.9
2025-08-23,lunch,Rösti,175.0g,287.0,5.2,14.3,35.0
2025-08-23,lunch,Lachs in Sahnesoße,350.0g,637.0,35.0,44.1,4.2
2025-08-23,dinner,Butterzopf,150.0g,459.0,13.5,10.5,76.5
2025-08-23,snack,Magerquark,500.0g,315.0,57.5,0.5,20.0
2025-08-23,snack,Knusper Joghurt Himbeer (30% weniger  Fett),60.0g,247.2,6.0,5.9,40.2
2025-08-24,lunch,Chicken Nuggets (Zweifel),1.0 Portion(en),4473.3,418.7,167.1,308.4
2025-08-24,lunch,Kartoffeln wedges mit parmesan,1.0 Portion(en),2900.0,98.8,122.3,323.0
2025-08-24,lunch,Mayonnaise light,50.0g,155.5,0.3,16.0,1.9
2025-08-24,lunch,Ketchup,40.0g,44.8,0.5,0.1,10.5
2025-08-24,dinner,Döner Kebab,500.0g,870.0,52.5,24.5,104.0
2025-08-24,snack,Mokka Joghurt,180.0g,174.6,7.6,5.6,23.4
2025-08-24,snack,Isoclear,50.0g,172.5,40.0,0.0,1.2
2025-08-24,snack,Nougat Pockets ,50.0g,224.5,3.4,8.0,33.5
2025-08-25,dinner,Maréchal,80.0g,315.2,20.8,25.6,0.4
2025-08-25,dinner,Trail mix - salty Protein mix,40.0g,210.4,10.4,12.8,12.0
2025-08-25,dinner,Salmon Wakame Poké Bowl,400.0g,664.0,20.0,28.0,76.0
2025-08-25,lunch,Lachs in Sahnesoße,350.0g,637.0,35.0,44.1,4.2
2025-08-25,lunch,Kartoffel Gnocchi,250.0g,342.5,9.2,1.2,72.5
2025-08-26,lunch,Lachs in Sahnesoße,350.0g,637.0,35.0,44.1,4.2
2025-08-26,lunch,Kartoffel Gnocchi,250.0g,342.5,9.2,1.2,72.5
2025-08-26,dinner,Nougat Pockets ,130.0g,583.7,8.8,20.8,87.1
2025-08-26,dinner,Milch,800.0g,368.0,25.6,12.0,39.2
2025-08-26,snack,Trutenbrust hauchdünn,150.0g,142.5,31.5,1.5,0.8
2025-08-27,lunch,Chicken Nuggets (Zweifel),1.0 Portion(en),4473.3,418.7,167.1,308.4
2025-08-27,lunch,Kartoffeln wedges mit parmesan,1.0 Portion(en),2900.0,98.8,122.3,323.0
2025-08-27,lunch,Trail mix - salty Protein mix,40.0g,210.4,10.4,12.8,12.0
2025-08-27,lunch,Felfel Le Gruyère,52.0g,215.8,17.2,16.1,0.5
2025-08-27,dinner,Emincé de Dinde - Trutengeschnetzeltes,475.0g,679.2,33.2,28.5,71.2
2025-08-27,snack,Mozzarella,200.0g,488.0,38.0,36.0,3.0
2025-08-28,snack,Dürüm Döner,400.0g,700.0,44.0,28.0,72.0
2025-08-28,snack,Knusper Joghurt Himbeer (30% weniger  Fett),120.0g,494.4,12.0,11.9,80.4
2025-08-28,snack,Milch,500.0g,230.0,16.0,7.5,24.5
2025-08-28,breakfast,Soße Bolognese,800.0g,600.0,40.0,33.6,32.0
2025-08-28,dinner,Penne al Tartufo ,430.0g,795.5,6.5,26.2,111.8
2025-08-28,lunch,Wildreis(gekocht),250.0g,312.5,12.0,1.2,62.5
2025-08-28,lunch,brochettes de poulet mariné curry ,250.0g,342.5,42.5,18.8,1.2
2025-08-29,snack,Milch,600.0g,276.0,19.2,9.0,29.4
2025-08-29,snack,Bodylab Whey Protein Latte Macchiato,50.0g,190.5,36.5,3.0,4.1
2025-08-29,snack,Roasted Peppers & Chipotle,100.0g,394.0,9.3,12.0,55.0
2025-08-29,breakfast,Knusper Joghurt Himbeer (30% weniger  Fett),205.0g,844.6,20.5,20.3,137.3
2025-08-29,breakfast,Milch,500.0g,230.0,16.0,7.5,24.5
2025-08-29,lunch,Ravioli Alla Napoletana,500.0g,530.0,17.5,17.0,75.0
2025-08-29,dinner,Salmon Wakame Poké Bowl,400.0g,664.0,20.0,28.0,76.0
2025-08-30,breakfast,Smoked salmon bowl,380.0g,775.2,20.5,30.0,87.4
2025-08-30,lunch,"Nudeln, gekocht (aus Hartweizengrieß)",200.0g,286.0,10.0,1.0,56.2
2025-08-30,lunch,Kalbsbraten,300.0g,375.0,57.0,10.5,0.0
2025-08-30,dinner,Dinkelbrötchen,100.0g,226.0,10.0,3.4,38.0
2025-08-30,dinner,Norwegischer Räucherlachs,100.0g,156.0,21.0,9.0,0.0
2025-08-30,snack,Magerquark,500.0g,315.0,50.0,2.5,20.0
2025-08-30,snack,california rollen kawaii,162.0g,247.9,8.7,8.4,34.0
2025-08-31,dinner,Mozzarella fettreduziert,125.0g,367.5,22.5,23.8,1.9
2025-08-31,lunch,Pouletbrust mit Haut,420.0g,697.2,83.6,40.3,0.0
2025-08-31,lunch,Kartoffelsalat,400.0g,416.0,6.8,19.2,50.4
2025-08-31,dinner,Smoked salmon bowl,380.0g,775.2,20.5,30.0,87.4
2025-09-01,breakfast,Protein Drink Macchiato,500.0g,260.0,37.0,2.5,26.5
2025-09-01,dinner,Tibits Red Thai Curry,500.0g,625.0,13.5,35.5,60.0
2025-09-01,snack,Saure Würmer,100.0g,335.0,4.3,0.0,78.0
2025-09-01,snack,Protein Drink Macchiato,500.0g,260.0,37.0,2.5,26.5
2025-09-01,lunch,Spaghetti Bolognese,860.0g,1229.8,53.3,30.1,178.9
2025-09-01,lunch,Grana Padano,50.0g,199.0,16.5,14.5,0.1
2025-09-04,breakfast,Skandinavischer Räucherlachs,100.0g,174.0,21.0,10.0,0.0
2025-09-04,breakfast,Bauernbrot,90.0g,192.6,6.6,1.0,36.0
2025-09-04,breakfast,Bio Senner Extra,90.0g,342.0,25.2,28.8,0.5
2025-09-04,breakfast,Butterlaugebrezel,70.0g,241.5,5.5,8.2,36.4
2025-09-04,breakfast,Smoked salmon bowl,380.0g,775.2,20.5,30.0,87.4
2025-09-05,lunch,Lasagne selfmade September,1.0 Portion(en),7529.6,368.9,288.5,845.5
2025-09-05,breakfast,Bauernbrot,90.0g,192.6,6.6,1.0,36.0
2025-09-05,breakfast,Skandinavischer Räucherlachs,100.0g,174.0,21.0,10.0,0.0
2025-09-05,dinner,Saure Würmer,100.0g,335.0,4.3,0.0,78.0
2025-09-05,dinner,Mozzarella fettreduziert,125.0g,367.5,22.5,23.8,1.9
2025-09-06,dinner,Gurken Poulet Salat,1.0 Portion(en),2331.2,323.8,61.1,105.8
2025-09-06,lunch,"K classic geriffelte Chips Paprika, light",60.0g,287.4,3.9,13.8,35.4
2025-09-06,lunch,Döner Kebab,500.0g,870.0,52.5,24.5,104.0
2025-09-06,lunch,Mezo Mix Dose,250.0g,107.5,0.0,0.0,26.5
2025-09-06,lunch,ESN Designer Protein Bar Almond Coconut Flavor,90.0g,396.9,27.9,20.7,28.8
2025-09-07,dinner,Gurken Poulet Salat,1.0 Portion(en),2331.2,323.8,61.1,105.8
2025-09-07,breakfast,Hefezopf ,100.0g,311.0,7.8,9.0,44.9
2025-09-07,breakfast,california rollen kawaii,162.0g,247.9,8.7,8.4,34.0
2025-09-07,lunch,Gruyère,38.0g,173.0,6.0,6.0,23.0
2025-09-07,lunch,Hefezopf ,160.0g,497.6,12.5,14.4,71.8
2025-09-07,snack,Redbull Viva Mate,250.0g,72.5,0.0,0.0,17.0
2025-09-07,dinner,Pizza Margherita (Margheritapizza),262.5g,630.0,24.9,26.5,69.8
2025-09-07,dinner,Delikatess Hähnchenbrust hauchfein,200.0g,208.0,40.0,4.0,2.0
2025-09-07,dinner,Milch Haselnuss-Schnitte,50.0g,274.0,3.9,16.5,26.0
2025-09-08,lunch,Smoked salmon bowl,380.0g,775.2,20.5,30.0,87.4
2025-09-08,breakfast,Nussgipfel ,120.0g,530.4,8.4,30.0,56.4
2025-09-08,snack,Red  Couscous with Chicken,190.0g,384.4,11.6,20.1,39.3
2025-09-08,snack,Vanilla Protein Milk Felfel,230.0g,207.0,23.0,5.3,17.0
2025-09-08,snack,Fitline  Protein Pfirsich-Maracuja,400.0g,232.0,29.6,0.8,24.8
2025-09-08,snack,Mozzarella light,125.0g,206.2,26.2,10.6,1.9
2025-09-08,dinner,Whey Protein Coconut,50.0g,192.5,38.5,2.5,3.8
2025-09-08,dinner,milfina Milch 0.1%,400.0g,132.0,12.8,0.4,19.6
2025-09-09,lunch,Chicken Nuggets (Zweifel),1.0 Portion(en),4473.3,418.7,167.1,308.4
2025-09-09,lunch,Kartoffeln wedges mit parmesan,1.0 Portion(en),2900.0,98.8,122.3,323.0
2025-09-09,snack,Gurken Poulet Salat,1.0 Portion(en),2331.2,323.8,61.1,105.8
2025-09-09,lunch,Magerquark,100.0g,63.0,10.0,0.5,4.0
2025-09-09,lunch,Heinz Tomato Ketchup ohne Zucker und Salz,30.0g,13.2,0.5,0.0,1.6
2025-09-09,lunch,Mayonnaise light,30.0g,93.3,0.2,9.6,1.2
2025-09-09,dinner,Butter Chicken Dehli,500.0g,675.0,34.0,29.5,65.0
2025-09-09,breakfast,Butterbrezeli mit Sonnenblumenkernen,70.0g,275.1,6.3,14.7,28.0
2025-09-09,dinner,Food Republic Planted Shawarma,360.0g,568.8,20.9,15.8,86.4
2025-09-10,dinner,Saltay chicken udon noodles,1.0 Portion(en),2920.5,282.7,73.2,271.1
2025-09-10,lunch,Gurken Poulet Salat,1.0 Portion(en),2331.2,323.8,61.1,105.8
2025-09-10,snack,Pizza Margherita (Margheritapizza),612.5g,1470.0,58.2,61.9,162.9
2025-09-11,lunch,Saltay chicken udon noodles,1.0 Portion(en),2920.5,282.7,73.2,271.1
2025-09-11,dinner,Butter Chicken Dehli,500.0g,675.0,34.0,29.5,65.0
2025-09-11,breakfast,Gewürzschinken,40.0g,44.4,8.0,1.2,0.4
2025-09-11,breakfast,Weizenbrötchen (Semmel),40.0g,116.4,4.0,0.7,22.4
2025-09-11,breakfast,Croquant Muesli - Framboise,250.0g,322.5,9.8,11.2,45.0
2025-09-11,snack,French Salatsauce,40.0g,114.4,0.3,11.6,1.9
2025-09-11,dinner,Exquisa Zero Quark-Joghurt-Creme Kokos,400.0g,204.0,29.6,1.6,15.6
2025-09-12,breakfast,Hotaru,160.0g,254.4,10.9,7.7,33.6
2025-09-12,breakfast,california rollen kawaii,162.0g,247.9,8.7,8.4,34.0
2025-09-13,breakfast,Gnocchi fromaggio,400.0g,524.0,12.0,20.4,72.0
2025-09-13,breakfast,california rollen kawaii,162.0g,247.9,8.7,8.4,34.0
2025-09-13,breakfast,Hotaru,160.0g,254.4,10.9,7.7,33.6
2025-09-14,breakfast,california rollen kawaii,162.0g,247.9,8.7,8.4,34.0
2025-09-14,lunch,"Basmatireis, gekocht",250.0g,330.0,8.2,0.8,70.2
2025-09-14,lunch,Soße Bolognese,350.0g,262.5,17.5,14.7,14.0
2025-09-14,lunch,Kürbissuppe,120.0g,81.6,1.2,6.6,4.8
2025-09-14,lunch,Redbull Viva Mate,250.0g,72.5,0.0,0.0,17.0
2025-09-14,dinner,Kebab de Poulet,550.0g,957.0,66.0,35.8,88.0
2025-09-14,dinner,Magerquark,500.0g,315.0,50.0,2.5,20.0
2025-09-15,breakfast,Brownie Gluten free,100.0g,437.0,4.9,24.0,51.0
2025-09-15,dinner,Cornet Chocolat,83.0g,248.0,3.8,12.0,30.0
2025-09-15,snack,Croquant Muesli - Framboise,250.0g,322.5,9.8,11.2,45.0
2025-09-15,snack,Chicken panaeng curry,520.0g,743.6,29.6,36.4,74.9
2025-09-15,breakfast,Redbull Viva Mate,250.0g,72.5,0.0,0.0,17.0
2025-09-15,snack,cheese ,100.0g,350.0,20.0,10.0,10.0
2025-09-15,lunch,Sushi Box Nao,460.0g,772.8,23.5,25.8,105.8
2025-09-16,lunch,Chicken Nuggets (Zweifel),1.0 Portion(en),4473.3,418.7,167.1,308.4
2025-09-16,lunch,Kartoffeln wedges mit parmesan,1.0 Portion(en),2900.0,98.8,122.3,323.0
2025-09-16,lunch,Chipeño Smoky Chipotle Sauce,20.0g,91.6,0.4,9.0,2.2
2025-09-16,lunch,Magerquark,500.0g,315.0,50.0,2.5,20.0
2025-09-16,lunch,Ketchup Zero,30.0g,12.0,0.5,0.0,1.8
2025-09-16,lunch,Mayonnaise light,20.0g,62.2,0.1,6.4,0.8
2025-09-16,snack,Vanilla Protein Milk Felfel,230.0g,207.0,23.0,5.3,17.0
2025-09-16,breakfast,Butterlaugebrezel,70.0g,241.5,5.5,8.2,36.4
2025-09-16,dinner,Butterbrezeli mit Sonnenblumenkernen,70.0g,275.1,6.3,14.7,28.0
2025-09-16,dinner,Chicken Couscous Bowl,420.0g,743.4,37.0,38.6,58.8
2025-09-17,lunch,Saltay chicken udon noodles,1.0 Portion(en),2920.5,282.7,73.2,271.1
2025-09-18,dinner,Räucherlachs K-Classic,200.0g,330.0,42.0,18.0,0.0
2025-09-19,lunch,Norwegisches Lachsfilet,1050.0g,2299.5,205.8,164.8,0.0
2025-09-19,breakfast,Sandwich Poulet,175.0g,446.2,15.8,27.5,31.3
2025-09-19,snack,BURRATINA,125.0g,303.8,15.0,26.2,1.9
2025-09-20,breakfast,Oreo Frühstück,1.0 Portion(en),740.2,53.5,16.7,89.1
2025-09-20,lunch,Lachs Brokkoli Kartoffelauflauf,1.0 Portion(en),5169.7,296.9,283.9,365.4
2025-09-20,dinner,Protein Drink Macchiato,500.0g,260.0,37.0,2.5,26.5
2025-09-21,breakfast,Ovo Crunch,80.0g,437.6,3.0,25.9,47.5
2025-09-21,breakfast,Hefezopf ,250.0g,777.5,19.5,22.5,112.2
2025-09-21,lunch,"Nektarine, frisch",200.0g,114.0,1.8,0.2,24.8
2025-09-21,lunch,"Banane (ohne Schale), frisch",150.0g,139.5,1.6,0.3,30.0
2025-09-21,lunch,Protein Drink Macchiato,500.0g,260.0,37.0,2.5,26.5
2025-09-21,lunch,Pouletbrust,250.0g,285.0,62.5,3.8,2.5
2025-09-21,dinner,Dürüm Weizenfladen,92.0g,274.2,7.0,7.0,46.0
2025-09-21,dinner,Isoclear,50.0g,172.5,40.0,0.0,1.2
2025-09-22,breakfast,Focca,255.0g,589.0,28.1,24.0,68.8
2025-09-22,breakfast,mucki energy protein ananas guave,500.0g,280.0,40.0,2.0,24.0
2025-09-22,lunch,Dürüm Weizenfladen,92.0g,274.2,7.0,7.0,46.0
2025-09-22,lunch,Pouletbrust,250.0g,285.0,62.5,3.8,2.5
2025-09-22,lunch,Bio Cottage Cheese,200.0g,214.0,26.0,9.0,7.0
2025-09-23,breakfast,Protein Drink Macchiato,500.0g,260.0,37.0,2.5,26.5
2025-09-23,breakfast,Vanilla Protein Milk Felfel,230.0g,207.0,23.0,5.3,17.0
2025-09-23,snack,Hummus Chips Sour Creme & Herbs,100.0g,528.0,8.3,30.0,53.0
2025-09-23,dinner,Poke Bowl: Smoked Salmon Rainbow,380.0g,665.0,22.0,23.6,87.4
2025-09-23,dinner,Butterlaugebrezel,140.0g,483.0,10.9,16.4,72.8
2025-09-23,lunch,"Basmatireis, gekocht",300.0g,396.0,9.9,0.9,84.3
2025-09-23,lunch,Soße Bolognese,450.0g,337.5,22.5,18.9,18.0
2025-09-24,lunch,Kartoffelstock ,450.0g,463.5,9.4,23.4,53.1
2025-09-24,breakfast,Butterlaugebrezel,70.0g,241.5,5.5,8.2,36.4
2025-09-24,breakfast,Croquant Muesli - Framboise,250.0g,322.5,9.8,11.2,45.0
2025-09-24,breakfast,Poke Bowl: Smoked Salmon Rainbow,380.0g,665.0,22.0,23.6,87.4
2025-09-24,lunch,Norwegische Lachsfilet,312.5g,637.5,69.4,40.0,0.0
2025-09-24,dinner,Bio Cottage Cheese,200.0g,214.0,26.0,9.0,7.0
2025-09-25,breakfast,Oreo Frühstück,1.0 Portion(en),740.2,53.5,16.7,89.1
2025-09-25,dinner,Supreme Snack Mandeln geröstet BBQ-Geschmack Snackfun,200.0g,1254.0,48.0,108.0,14.6
2025-09-25,lunch,Bio Cottage Cheese,400.0g,428.0,52.0,18.0,14.0
2025-09-26,breakfast,Oreo Frühstück mini,1.0 Portion(en),586.5,39.2,16.4,65.2
2025-09-26,breakfast,Vanilla Protein Milk Felfel,230.0g,207.0,23.0,5.3,17.0
2025-09-27,breakfast,Oreo Frühstück mini,1.0 Portion(en),586.5,39.2,16.4,65.2
2025-09-27,breakfast,Bauernbrot,220.0g,470.8,16.1,2.4,88.0
2025-09-27,breakfast,Ovo Crunch,42.0g,229.7,1.6,13.6,24.9
2025-09-27,lunch,Rindsburger,200.0g,538.0,32.0,45.4,2.4
2025-09-27,lunch,Appenzeller Schmelzkäse,40.0g,118.4,8.0,9.6,0.0
2025-09-27,dinner,Isoclear,45.0g,155.2,36.0,0.0,1.1
2025-09-29,breakfast,Oreo Frühstück mini,1.0 Portion(en),586.5,39.2,16.4,65.2
2025-09-29,dinner,Power Bowl - Tonkatsu Chicken Schnitzel ,390.0g,639.6,16.8,14.8,105.3
2025-09-29,lunch,Bio Räuchertofu,350.0g,679.0,73.5,38.5,4.5
2025-09-29,lunch,Mozzarella,200.0g,488.0,38.0,36.0,3.0
2025-09-30,breakfast,Butterlaugebrezel,70.0g,241.5,5.5,8.2,36.4
2025-09-30,breakfast,Kichererbsencurry,350.0g,493.5,15.1,14.3,73.5
2025-09-30,breakfast,"Basmatireis, gekocht",350.0g,462.0,11.6,1.1,98.3
2025-09-30,snack,Redbull Viva Mate,250.0g,72.5,0.0,0.0,17.0
2025-09-30,snack,V by valais RECHARGE lemon-lime,750.0g,82.5,0.0,0.0,22.5
2025-09-30,lunch,Lasagne mit Erbsenprotein,700.0g,1099.0,31.5,49.0,126.0
2025-10-02,lunch,Chicken Nuggets (Zweifel),1.0 Portion(en),4473.3,418.7,167.1,308.4
2025-10-02,lunch,Kartoffeln wedges mit parmesan,1.0 Portion(en),2900.0,98.8,122.3,323.0
2025-10-02,breakfast,Butterlaugebrezel,70.0g,241.5,5.5,8.2,36.4
2025-10-02,dinner,Power Bowl - Tonkatsu Chicken Schnitzel ,390.0g,639.6,16.8,14.8,105.3
2025-10-02,snack,Croquant Muesli - Framboise,250.0g,322.5,9.8,11.2,45.0
2025-10-02,lunch,Rosa Thon,155.0g,168.9,40.3,0.8,0.0
2025-10-02,lunch,Gruyère,38.0g,173.0,6.0,6.0,23.0
2025-10-03,dinner,Picanha,600.0g,1680.0,126.6,126.6,0.0
2025-10-03,lunch,Gnocchi fromaggio,400.0g,524.0,12.0,20.4,72.0
2025-10-03,lunch,Crunchy Müsli,180.0g,779.4,21.6,25.2,108.0
2025-10-03,lunch,Milch,400.0g,184.0,12.8,6.0,19.6
2025-10-04,breakfast,Crunchy Müsli,100.0g,433.0,12.0,14.0,60.0
2025-10-04,breakfast,Milch,400.0g,184.0,12.8,6.0,19.6
2025-10-04,lunch,Hefezopf ,120.0g,373.2,9.4,10.8,53.9
2025-10-04,lunch,Ovomaltine Crunchy Cream,50.0g,272.5,1.9,16.0,29.8
2025-10-04,lunch,"Spätzle, gekocht",240.0g,333.6,14.4,8.2,50.4
2025-10-04,snack,Magerquark,500.0g,315.0,50.0,2.5,20.0
2025-10-04,lunch,Räucherlachs,100.0g,177.0,21.0,10.0,0.0
2025-10-05,breakfast,"Food Republic Poke Bowl, Smoked Salmon",380.0g,775.2,20.5,38.0,87.4
2025-10-05,lunch,Butterzopf,150.0g,459.0,13.5,10.5,76.5
2025-10-05,lunch,Ovomaltine Crunchy Cream,40.0g,218.0,1.5,12.8,23.8
2025-10-05,dinner,Mozzarella,100.0g,244.0,19.0,18.0,1.5
2025-10-05,dinner,Felfel Le Gruyère,65.0g,269.8,21.4,20.1,0.7
2025-10-05,snack,Protein Shot,60.0g,85.0,20.4,0.0,0.1
2025-10-05,snack,Sushi box,330.0g,475.2,17.2,8.9,79.2
2025-10-06,lunch,Roasted Chicken Bowl,380.0g,562.4,20.9,4.6,106.4
2025-10-06,breakfast,Gruyère,38.0g,173.0,6.0,6.0,23.0
2025-10-06,dinner,Butterbrezeli mit Sonnenblumenkernen,70.0g,275.1,6.3,14.7,28.0
2025-10-06,breakfast,Felfel Le Gruyère,50.0g,207.5,16.5,15.5,0.5
2025-10-07,lunch,Poulet au Café de Paris,417.0g,588.0,30.0,18.3,70.9
2025-10-07,lunch,Maltesers,37.0g,186.1,3.1,9.2,22.9
2025-10-07,lunch,Butterlaugebrezel,70.0g,241.5,5.5,8.2,36.4
2025-10-07,lunch,Poulet Stroganoff,470.0g,507.6,28.2,17.4,56.4
2025-10-07,dinner,Skandinavischer Räucherlachs,100.0g,174.0,21.0,10.0,0.0
2025-10-07,dinner,Nodini di mozzarella,100.0g,236.0,18.0,18.0,0.4
2025-10-07,dinner,Hörnlisalat,200.0g,438.0,10.8,30.0,32.0
2025-10-07,breakfast,Milch,300.0g,138.0,9.6,4.5,14.7
2025-10-07,breakfast,More Protein Cinnalicious,20.0g,35.4,5.0,1.3,0.5
2025-10-08,lunch,Sushi Meal,420.0g,604.8,13.4,13.9,100.8
2025-10-08,dinner,Skandinavischer Räucherlachs,100.0g,174.0,21.0,10.0,0.0
2025-10-08,dinner,Nodini di mozzarella,100.0g,236.0,18.0,18.0,0.4
2025-10-08,snack,Poulet minifilet spiessli gewürzt,355.0g,337.2,78.1,2.8,1.8
2025-10-09,lunch,Thai Curry mit Hühnchen und Reis,400.0g,1000.0,52.0,40.0,92.0
2025-10-11,breakfast,kölln knusper Honig Nuss Hafer Müsli ,124.0g,563.0,12.3,22.3,75.6
2025-10-11,breakfast,Milch,500.0g,230.0,16.0,7.5,24.5
2025-10-11,snack,Saure Glühwürmchen,98.0g,326.3,4.2,0.0,75.5
2025-10-11,lunch,Butterzopf,100.0g,306.0,9.0,7.0,51.0
2025-10-11,lunch,Appenzeller Käse rezent,120.0g,469.2,31.2,38.4,0.6
2025-10-12,lunch,Chicken Curry,400.0g,472.0,26.4,11.6,64.0
2025-10-12,breakfast,Milch,500.0g,230.0,16.0,7.5,24.5
2025-10-12,breakfast,kölln knusper Honig Nuss Hafer Müsli ,124.0g,563.0,12.3,22.3,75.6
2025-10-18,breakfast,Protein Müsli,100.0g,414.0,28.0,12.0,42.0
2025-10-18,breakfast,Yogurt Frutti Di Bosco,200.0g,200.0,7.0,6.4,28.0
2025-10-18,breakfast,High Protein Mousse Vanille Geschmack ,200.0g,162.0,20.0,3.6,12.4
2025-10-18,lunch,Toni' Mozzarella,150.0g,366.0,28.5,27.0,2.2
2025-10-18,lunch,Fuzetea Eistee Zitrone,250.0g,75.0,0.0,0.0,18.0
2025-10-18,lunch,Zimtschnecke,70.0g,268.8,4.1,17.1,24.7
2025-10-18,lunch,Butterzopf,100.0g,306.0,9.0,7.0,51.0
2025-10-19,breakfast,Poke Bowl ,250.0g,315.0,13.5,9.0,42.5
2025-10-19,lunch,Pouletschenkel Steak,300.0g,345.0,60.0,12.0,1.5
2025-10-19,lunch,Gourmet Filet,210.0g,296.1,33.6,10.9,8.2
2025-10-19,breakfast,Saure Glühwürmchen,35.0g,116.5,1.5,0.0,26.9
2025-10-21,dinner,Protein Drink Macchiato,500.0g,260.0,37.0,2.5,26.5
2025-10-21,dinner,Isoclear,40.0g,138.0,32.0,0.0,1.0
2025-10-21,lunch,Lasagne Bolognese,700.0g,1197.0,56.7,59.5,104.3
2025-10-25,lunch,Pouletbrust Geschnetzeltes,300.0g,309.0,69.0,3.0,1.5
2025-10-26,breakfast,Sushi Box Edogawa,330.0g,475.2,17.2,8.9,79.2
2025-10-26,lunch,Chicken Frites,500.0g,1025.0,70.0,40.0,100.0
2025-10-27,breakfast,Skandinavischer Räucherlachs,200.0g,348.0,42.0,20.0,0.0
2025-10-27,lunch,Food Republic Planted Shawarma,360.0g,568.8,20.9,15.8,86.4
2025-11-09,breakfast,Overnight Oats 2.0,1.0 Portion(en),596.2,60.1,10.8,66.6
2025-11-09,breakfast,High Protein Vanilla Berry Crunchy,215.0g,206.4,24.9,4.5,12.5
2025-11-09,breakfast,Protein Brot,150.0g,366.0,36.8,12.0,22.5
2025-11-09,lunch,Burrito Spicy Tiger,200.0g,436.0,18.8,14.8,56.0
2025-11-09,lunch,Sushi Manami,205.0g,299.3,9.8,7.8,45.1
2025-11-11,breakfast,Overnight Oats 2.0,1.0 Portion(en),596.2,60.1,10.8,66.6
2025-11-11,dinner,Le Maxi Sandwich: Poulet Curry,350.0g,997.5,49.0,49.0,87.5
2025-11-13,breakfast,Overnight Oats 2.0,1.0 Portion(en),596.2,60.1,10.8,66.6
2025-11-13,lunch,Pouletfilet-Geschnetzeltes,400.0g,412.0,88.0,6.8,0.0
2025-11-25,dinner,Le Maxi Sandwich: Poulet Schnitzel,350.0g,868.0,25.6,35.0,80.5
2025-11-25,dinner,Vanilla Protein Milk,230.0g,207.0,23.2,5.3,17.0
2025-11-25,dinner,Trail mix - salty Protein mix,40.0g,210.4,10.4,12.8,12.0
2025-11-25,snack,mucki energy protein ananas guave,500.0g,280.0,40.0,2.0,24.0
2025-12-01,snack,Power Bowl - Tonkatsu Chicken Schnitzel ,390.0g,639.6,16.8,14.8,105.3
2025-12-01,snack,Cashew Erdnuss Mix Honig & Salz,150.0g,811.5,22.5,49.5,66.0
2025-12-01,snack,"Hühnerei, Eier, gekocht",210.0g,287.7,24.8,19.5,3.1
2025-12-01,snack,Protein Drink Macchiato,500.0g,260.0,37.0,2.5,26.5
2025-12-01,snack,Trail mix - salty Protein mix,40.0g,210.4,10.4,12.8,12.0
2025-12-01,snack,Apero tete de moine AOP,52.0g,217.9,13.0,17.8,0.1
2025-12-01,snack,"Bündnerfleisch (Trockenfleisch, Dörrfleisch)",45.0g,85.5,17.7,1.6,0.2
2025-12-01,snack,Protein Chips Sour Cream,80.0g,312.8,20.8,7.2,40.0
2025-12-08,dinner,Vanilla Protein Milk,230.0g,207.0,23.2,5.3,17.0
2025-12-08,dinner,Lasagne alla bolognese,400.0g,600.0,22.4,27.6,64.0
2025-12-08,dinner,cube le maréchal ,80.0g,310.4,20.0,25.6,0.0
2025-12-08,lunch,Putengulasch Szegediner Art mit Kartoffelbrei ,500.0g,495.0,32.5,24.0,35.5
2025-12-31,breakfast,Pouletballs Cordonbleu,300.0g,747.0,63.0,39.0,33.0
2025-12-31,breakfast,Poulet,200.0g,384.0,28.0,16.8,30.0
2025-12-31,breakfast,Joghurt Apfel- Zimt,180.0g,189.0,6.8,4.1,28.8
2026-01-10,breakfast,Energy Sport Bar,40.0g,157.6,1.9,3.8,28.8
2026-01-16,breakfast,Champion,150.0g,640.5,31.5,18.0,84.0
2026-01-16,breakfast,Berry Granola Crunchy Müesli,50.0g,222.5,4.5,7.5,32.5
2026-01-16,breakfast,Milch,300.0g,138.0,9.6,4.5,14.7
2026-01-16,breakfast,"Hühnerei, Eier, gekocht",210.0g,287.7,24.8,19.5,3.1
2026-01-16,breakfast,Brotscheibe,112.0g,140.0,4.6,1.2,26.5
2026-01-16,breakfast,Nutella,15.0g,80.8,0.9,4.6,8.6
2026-01-16,breakfast,Multivitamin Saft,250.0g,95.0,1.0,0.2,25.0
2026-01-16,breakfast,Ananasjoghurt,150.0g,103.5,5.8,0.1,19.5
2026-02-14,breakfast,Quix mixed nuts paprika,200.0g,1134.0,44.0,98.0,26.0
2026-02-15,breakfast,Chilli con carne,800.0g,960.0,42.4,56.0,68.8
2026-03-02,breakfast,Quix mixed nuts paprika,50.0g,283.5,11.0,24.5,6.5
2026-03-02,breakfast,Dar Vida Gruyère,46.0g,203.3,6.9,7.4,25.3
2026-03-02,snack,Protein Drink Macchiato,500.0g,260.0,37.0,2.5,26.5
2026-03-02,dinner,Champion,100.0g,427.0,21.0,12.0,56.0
2026-03-02,lunch,Tonno  rosa naturale,155.0g,170.5,40.3,1.1,0.0
2026-03-03,breakfast,Quix mixed nuts paprika,100.0g,567.0,22.0,49.0,13.0
2026-03-03,breakfast,Pouletbrust mit Curry,150.0g,157.5,33.0,2.1,1.4
2026-03-03,breakfast,Protein Drink Macchiato,1000.0g,520.0,74.0,5.0,53.0
2026-03-14,breakfast,Milch,250.0g,115.0,8.0,3.8,12.2
2026-03-14,breakfast,High Protein Crunchy Muesli,130.0g,562.9,36.4,20.8,62.4
2026-03-22,breakfast,Emmi Protein Coffee,462.0g,254.1,36.5,4.2,18.5
2026-03-22,breakfast,Sushi box tokio-style,280.0g,439.6,13.2,12.9,67.2
2026-03-22,breakfast,Kägi Chiefs Protein Waffer,50.0g,239.5,12.5,14.0,18.0
2026-03-22,lunch,Knuspi Vollkorn,22.0g,110.4,1.6,7.3,11.7
2026-03-22,lunch,"Chicken Wing, roasted",255.0g,647.7,60.7,43.1,0.0
2026-03-22,dinner,Magerquark,320.0g,201.6,32.0,1.6,12.8
2026-03-23,breakfast,Chia pudding with mango,1.0 Portion(en),663.5,42.1,31.9,40.7
2026-03-24,dinner,Protein Drink Macchiato,500.0g,260.0,37.0,2.5,26.5
2026-03-24,dinner,Mozzarella,250.0g,622.5,45.0,47.5,3.8
2026-03-24,lunch,"Bratwurst, grob",200.0g,578.0,30.4,51.2,0.6
2026-03-24,lunch,Country Cuts,300.0g,531.0,9.0,15.0,81.0
2026-03-24,breakfast,Milch,200.0g,92.0,6.4,3.0,9.8
2026-03-24,breakfast,Mokka Joghurt,100.0g,97.0,4.2,3.1,13.0
2026-03-24,breakfast,Berry Granola Crunchy Müesli,50.0g,222.5,4.5,7.5,32.5
2026-03-26,breakfast,Berry Granola Crunchy Müesli,50.0g,222.5,4.5,7.5,32.5
2026-03-26,breakfast,Milch,300.0g,138.0,9.6,4.5,14.7
2026-03-26,breakfast,Pouletbrust mit Curry,150.0g,157.5,33.0,2.1,1.4
2026-03-26,breakfast,Bauernbrot,110.0g,235.4,8.0,1.2,44.0
2026-03-26,breakfast,Protein Drink Macchiato,500.0g,260.0,37.0,2.5,26.5
2026-03-28,breakfast,HighProtein choco Drink,500.0g,290.0,40.0,8.0,14.5
2026-03-29,breakfast,Protein Drink Macchiato,500.0g,260.0,37.0,2.5,26.5
2026-03-29,breakfast,Emmi Protein Coffee,330.0g,181.5,26.1,3.0,13.2
2026-03-31,lunch,Emmi Protein Coffee,660.0g,363.0,52.1,5.9,26.4
2026-04-04,breakfast,Appenzellerin,238.0g,940.1,64.3,76.2,0.2
2026-04-04,breakfast,Focaccia,220.0g,547.8,19.4,17.4,78.8
2026-04-04,snack,Mini Mozzarella,160.0g,388.8,33.6,27.2,2.4
2026-04-04,snack,Protein Drink Macchiato,500.0g,260.0,37.0,2.5,26.5
2026-04-04,snack,Focus water,500.0g,85.0,0.0,0.0,20.0
2026-04-04,lunch,Chicken Dürüm,350.0g,577.5,42.0,28.0,52.5
2026-04-04,dinner,Lasagne Bolognese,400.0g,684.0,32.4,34.0,59.6
2026-04-04,dinner,Parmesan,80.0g,313.6,26.4,22.4,0.0
2026-04-04,snack,"Heidelbeeren (Blaubeeren), frisch",400.0g,184.0,2.4,2.4,24.0
2026-04-06,lunch,Knoppers NussRiegel,40.0g,214.0,3.4,12.7,20.9
2026-04-06,breakfast,Tortilla Wraps (Vollkorn),124.0g,359.6,11.7,5.5,64.5
2026-04-06,breakfast,Poulet Geschnetzeltes ,460.0g,542.8,115.0,9.2,0.0
2026-04-06,breakfast,Saurer Halbrahm,100.0g,164.0,2.8,15.0,3.8
2026-04-06,dinner,Rindsgulasch mit kartoffelstock,400.0g,460.0,20.8,24.4,37.2
2026-04-06,lunch,Eistee Pfirsich,400.0g,76.0,2.0,2.0,18.4
2026-04-10,dinner,Poulet Schenkel gewürzt,500.0g,800.0,85.0,50.0,2.5
2026-04-10,lunch,Sandwich Poulet Tartar,235.0g,622.8,18.6,32.9,61.1
2026-04-10,breakfast,HighProtein choco Drink,500.0g,290.0,40.0,8.0,14.5
2026-04-10,snack,Whey Protein Coconut,80.0g,308.0,61.6,4.0,6.0
2026-04-10,snack,Milch,500.0g,230.0,16.0,7.5,24.5
2026-04-11,dinner,Cordon bleu poulet,900.0g,2124.0,126.0,117.0,135.0
2026-04-11,snack,Hurricane Eis,252.0g,267.9,2.0,4.3,54.4
2026-04-14,breakfast,Bauernbrot,120.0g,256.8,8.8,1.3,48.0
2026-04-14,breakfast,Nutella,20.0g,107.8,1.3,6.2,11.5
2026-04-14,lunch,Stocki Kartoffelstock,450.0g,324.0,10.3,5.0,54.0
2026-04-14,dinner,Dürüm Döner,800.0g,1400.0,88.0,56.0,144.0
2026-04-14,lunch,Falafel,80.0g,259.2,11.1,10.3,29.6
2026-04-14,lunch,Fischfilet paniert ,250.0g,435.0,38.0,15.2,35.5
2026-04-14,lunch,Emmi Protein Coffee,330.0g,181.5,26.1,3.0,13.2
2026-04-14,snack,Berry Granola Crunchy Müesli,100.0g,445.0,9.1,15.0,65.0
2026-04-15,breakfast,Müsli,50.0g,211.5,4.8,5.5,34.0
2026-04-15,breakfast,Bauernbrot,60.0g,128.4,4.4,0.7,24.0
2026-04-15,breakfast,Youghourt Himbeer,270.0g,248.4,8.1,7.6,35.1
2026-04-15,breakfast,"Hühnerei, Eier, gekocht",70.0g,95.9,8.3,6.5,1.1
2026-04-15,breakfast,whey vanille ,80.0g,308.8,58.3,2.2,13.8
2026-04-15,breakfast,Milch,500.0g,230.0,16.0,7.5,24.5
2026-04-15,lunch,Schnitzelbrötchen,250.0g,606.2,26.0,27.0,62.8
2026-04-15,lunch,Schnitzelbrötchen,250.0g,606.2,26.0,27.0,62.8
2026-04-15,dinner,Älpler Magronen,520.0g,722.8,24.4,30.2,83.2
2026-04-16,breakfast,"Hühnerei, Eier, gekocht",140.0g,191.8,16.5,13.0,2.1
2026-04-16,breakfast,Berry Granola Crunchy Müesli,50.0g,222.5,4.5,7.5,32.5
2026-04-16,breakfast,Joghurt Pur Himbeere,90.0g,90.0,4.0,2.2,11.7
2026-04-16,lunch,Putenfleisch,350.0g,542.5,73.1,26.9,1.4
2026-04-16,lunch,Gnocchi (Nocken),400.0g,616.0,14.4,2.0,127.6
2026-04-16,lunch,"Grüne Bohnen (Brechbohnen), gekocht",210.0g,75.6,5.0,0.4,10.5
2026-04-16,snack,Quix mixed nuts paprika,50.0g,283.5,11.0,24.5,6.5
2026-04-16,dinner,Paprika Chips,155.0g,815.3,7.8,49.6,82.2
2026-04-16,dinner,Rösti,300.0g,492.0,9.0,24.6,60.0
2026-04-19,breakfast,Skandinavischer Räucherlachs,200.0g,348.0,42.0,20.0,0.0
2026-04-19,breakfast,Bauernbrot,130.0g,278.2,9.5,1.4,52.0
2026-04-20,breakfast,Cottage Cheese Lava Cake,1.0 Portion(en),830.4,79.4,46.7,18.5
2026-04-20,lunch,Ghackets und Hörnli (mit Zwiebeln & Käse),331.5g,460.8,21.5,11.3,66.3
2026-04-20,breakfast,Skandinavischer Räucherlachs,200.0g,348.0,42.0,20.0,0.0
2026-04-20,breakfast,ParaPan,150.0g,388.5,21.6,11.4,42.0
2026-04-25,breakfast,Caffè Latte 26g Protein Coffee,660.0g,369.6,52.1,5.9,27.1
2026-04-25,breakfast,Ovomaltine crunchy cream,21.0g,114.9,0.8,6.8,12.5
2026-04-25,breakfast,Vollkorntoast ,76.0g,194.6,6.5,3.5,31.9
2026-04-25,breakfast,Youghourt Himbeer,270.0g,248.4,8.1,7.6,35.1
2026-04-25,breakfast,Quix mixed nuts paprika,100.0g,567.0,22.0,49.0,13.0
2026-04-25,lunch,Döner Kebab,500.0g,870.0,52.5,24.5,104.0
2026-04-29,breakfast,Biscoff stick,66.0g,235.0,2.0,13.9,25.7
2026-04-29,breakfast,Müsli,50.0g,211.5,4.8,5.5,34.0
2026-04-29,breakfast,Youghourt Himbeer,90.0g,82.8,2.7,2.5,11.7
2026-04-29,dinner,Sandwichtoast Saatenharmonie,150.0g,448.5,15.0,12.9,64.0
2026-04-29,dinner,Hamburger,200.0g,484.0,31.8,38.6,1.6
2026-04-29,dinner,Stremellachs,250.0g,577.5,52.5,40.0,0.0
2026-04-29,lunch,Hackbällchen mit Kartoffelstock,400.0g,604.8,24.0,60.0,46.0
2026-04-29,lunch,vaya protein chips,80.0g,339.2,16.8,9.6,43.2
2026-05-02,breakfast,Farmer Müsli Kerne und Nüsse,100.0g,471.0,14.0,23.0,45.0
2026-05-02,breakfast,Milch,400.0g,184.0,12.8,6.0,19.6
2026-05-02,breakfast,Quix mixed nuts paprika,50.0g,283.5,11.0,24.5,6.5
2026-05-04,breakfast,Protein Drink Macchiato,1000.0g,520.0,74.0,5.0,53.0
2026-05-04,breakfast,Haferbrei mit Apfelstücken,200.0g,804.0,26.0,19.6,124.0
2026-05-04,breakfast,Appenzellerin,150.0g,592.5,40.5,48.0,0.1
2026-05-04,lunch,Vollkorntoast,100.0g,246.0,8.5,3.7,41.7
2026-05-04,snack,Vitamin Focus Water Reload ,500.0g,85.0,0.0,0.0,20.0
2026-05-05,breakfast,Haferbrei mit Apfelstücken,100.0g,402.0,13.0,9.8,62.0
2026-05-05,breakfast,whey vanille ,30.0g,115.8,21.9,0.8,5.2
2026-05-05,breakfast,Protein Drink Macchiato,500.0g,260.0,37.0,2.5,26.5
2026-05-05,breakfast,Appenzellerin,45.0g,177.8,12.2,14.4,0.0
2026-05-05,lunch,Ravioli in Tomatensauce,600.0g,528.0,19.2,12.6,81.0
2026-05-05,lunch,Quix mixed nuts paprika,50.0g,283.5,11.0,24.5,6.5
2026-05-05,snack,Trek Biscoff Protein Oat Bar,50.0g,230.0,10.0,10.5,22.5
2026-05-07,lunch,Trek Biscoff Protein Oat Bar,100.0g,460.0,20.0,21.0,45.0
2026-05-07,lunch,Gulasch (Rindergulasch),450.0g,535.5,37.8,36.0,13.5
2026-05-07,lunch,Protein Drink Macchiato,500.0g,260.0,37.0,2.5,26.5
2026-05-07,lunch,Schweinssteak Nierstuck,500.0g,720.0,110.0,30.0,5.0
2026-05-09,breakfast,Chicken Strips Herbs,130.0g,143.0,29.9,2.6,0.0
2026-05-09,breakfast,Truten sandwich,215.0g,485.9,21.5,18.1,55.9
2026-05-09,breakfast,Biscoff stick,66.0g,235.0,2.0,13.9,25.7
2026-05-09,snack,Vanille Skyr,500.0g,385.0,46.0,2.5,46.0
2026-05-12,breakfast,Haferbrei mit Apfelstücken,100.0g,402.0,13.0,9.8,62.0
2026-05-12,breakfast,Banana,150.0g,133.5,1.6,0.5,34.2
2026-05-12,breakfast,Bio Whey Protein Natural Vanilla,65.0g,241.2,25.4,8.4,9.8
2026-05-12,breakfast,HighProtein choco Drink,350.0g,203.0,28.0,5.6,10.2
2026-05-12,lunch,Ciabatta poulet curry,250.0g,515.0,21.2,13.8,73.0
2026-05-12,snack,Mild - würzig,50.0g,197.0,12.5,15.5,0.2
2026-05-12,dinner,FuzeTea Eistee Zitrone Zitronengras,500.0g,95.0,0.0,0.0,22.0
2026-05-13,breakfast,Poulet Sauce Cocktail,235.0g,578.1,18.8,25.9,65.8
2026-05-13,breakfast,Mild - würzig,100.0g,394.0,25.0,31.0,0.5
2026-05-14,breakfast,Laugen Butterbrezel,62.0g,226.9,4.7,13.0,24.2
2026-05-14,breakfast,Ice Tea Lemon,500.0g,140.0,2.5,2.5,35.5
2026-05-14,breakfast,Poulet Sauce Cocktail,235.0g,578.1,18.8,25.9,65.8
2026-05-14,breakfast,Energy milk high protein,330.0g,194.7,26.4,3.3,16.5
2026-05-14,breakfast,Haferbrei mit Apfelstücken,100.0g,402.0,13.0,9.8,62.0
2026-05-14,breakfast,Bio Whey Protein Natural Vanilla,65.0g,241.2,25.4,8.4,9.8
2026-05-15,lunch,Poulet Sauce Cocktail,235.0g,578.1,18.8,25.9,65.8
2026-05-16,lunch,Leckere Protein Knöpfli,1.0 Portion(en),1323.8,103.8,32.1,151.1
2026-05-16,breakfast,Energy milk high protein,330.0g,194.7,26.4,3.3,16.5
2026-05-16,lunch,Chicken Crispy Pouletschnitzel,200.0g,424.0,32.0,22.0,24.0
2026-05-16,snack,Chef Select Salatbox Caesar,280.0g,330.4,14.6,25.2,6.7
2026-05-16,dinner,Norwegische Lachsfiletportionen,125.0g,266.2,22.6,19.9,0.0
2026-05-16,dinner,Butterzopf,50.0g,153.0,4.5,3.5,25.5
2026-05-16,lunch,Cordon bleu (aus Schweinefleisch),165.0g,364.6,36.8,16.8,15.2
2026-05-17,dinner,High Protein Milk Drink,400.0g,156.0,28.0,0.4,10.0
2026-05-17,dinner,Farmer Müsli Kerne und Nüsse,150.0g,706.5,21.0,34.5,67.5
2026-05-17,dinner,Norwegische Lachsfiletportionen,375.0g,798.8,67.9,59.6,0.0
2026-05-17,breakfast,Bauernbrot,150.0g,321.0,10.9,1.6,60.0
2026-05-18,breakfast,Oreo Frühstück 2026,1.0 Portion(en),539.3,45.5,14.8,51.1
2026-05-18,lunch,Butter Chicken Dehli Style selfmade,1.0 Portion(en),3315.7,480.0,112.5,99.3
2026-05-18,lunch,Basmati Reis gekocht,1.0 Portion(en),3580.0,86.0,11.0,780.0
2026-05-18,snack,V by valais RECHARGE lemon-lime,750.0g,82.5,0.0,0.0,22.5
2026-05-18,dinner,Vanilla Protein Milk Felfel,230.0g,207.0,23.0,5.3,17.0
2026-05-18,dinner,"Karotten (Möhren), frisch",300.0g,117.0,2.4,0.6,20.4
2026-05-18,dinner,Poke Bowl: Smoked Salmon Rainbow,380.0g,665.0,22.0,23.6,87.4
2026-05-18,dinner,Fromage,46.0g,203.3,6.9,7.4,25.3
2026-05-18,dinner,Formaggio grattugiato,100.0g,342.0,31.0,24.0,0.5
2026-05-19,breakfast,Oreo Frühstück 2026,1.0 Portion(en),539.3,45.5,14.8,51.1
2026-05-19,lunch,Oreo Donuts geil,1.0 Portion(en),129.3,7.0,4.8,11.0
2026-05-19,lunch,"Apfel (mit Schale), frisch",130.0g,84.5,0.4,0.1,18.6
2026-05-19,breakfast,Spagetti Bolognese,700.0g,980.0,53.2,22.4,140.0
2026-05-20,breakfast,Oreo Frühstück 2026,1.0 Portion(en),539.3,45.5,14.8,51.1
2026-05-20,breakfast,Raffaelo,40.0g,250.8,3.0,19.3,15.4
2026-05-20,lunch,"Kartoffeln, ohne Schale gebacken",400.0g,372.0,8.0,0.4,86.4
2026-05-20,lunch,Hackbraten,360.0g,536.4,61.2,21.6,16.2
2026-05-20,dinner,Vanilla Protein Milk Felfel,230.0g,207.0,23.0,5.3,17.0
2026-05-20,dinner,Trail mix - salty Protein mix,40.0g,210.4,10.4,12.8,12.0
2026-05-20,dinner,Croquant Muesli - Framboise,250.0g,322.5,9.8,11.2,45.0
2026-05-21,breakfast,Oreo Frühstück 2026,1.0 Portion(en),539.3,45.5,14.8,51.1
2026-05-21,lunch,Ricola,12.5g,50.0,0.0,0.0,12.2
2026-05-21,lunch,"Kopfsalat, frisch",300.0g,42.0,3.6,0.6,3.3
2026-05-21,lunch,Magerquark,150.0g,94.5,15.0,0.8,6.0
2026-05-21,lunch,Parmesan Käse,20.0g,79.2,6.1,6.1,0.0
2026-05-21,lunch,Ricotta Käse,40.0g,64.8,3.4,4.9,1.8
2026-05-21,lunch,"Hühnerei, Eier, roh",60.0g,82.2,7.1,5.6,0.9
2026-05-21,lunch,Pouletbrust,250.0g,285.0,62.5,3.8,2.5
2026-05-21,dinner,Trockenfleisch M-Budget,80.0g,150.4,30.4,2.8,0.8
2026-05-21,dinner,Dinkelroggenbrot ,350.0g,665.0,15.4,3.1,129.5
2026-05-21,dinner,Butter,60.0g,444.6,0.4,49.9,0.4
2026-05-22,breakfast,Magerquark,500.0g,315.0,50.0,2.5,20.0
2026-05-22,breakfast,Focus water,1500.0g,255.0,0.0,0.0,60.0
2026-05-22,lunch,Gyros,250.0g,490.0,56.8,27.8,3.5
2026-05-22,lunch,Süßkartoffelpommes frittiert,250.0g,487.5,5.0,27.5,82.5
2026-05-22,lunch,Tzatziki selbstgemacht,200.0g,78.0,11.4,2.0,4.6
2026-05-23,dinner,Chickenburger,300.0g,693.0,25.5,20.7,81.0
2026-05-23,dinner,Chicken Mc Nuggets,216.0g,527.0,32.4,25.9,41.0
2026-05-23,lunch,Pouletbrust,130.0g,148.2,32.5,1.9,1.3
2026-05-23,lunch,Kartoffelsalat,600.0g,624.0,10.2,28.8,75.6
2026-05-23,dinner,The Ceasar Salad Crispy Chicken ,329.0g,355.3,23.0,16.4,26.3
2026-05-25,breakfast,Hefezopf ,120.0g,373.2,9.4,10.8,53.9
2026-05-25,breakfast,"Hühnerei, Eier, gekocht",70.0g,95.9,8.3,6.5,1.1
2026-05-25,breakfast,Ovomaltine crunchy cream,28.0g,153.2,1.0,9.1,16.6
2026-05-26,breakfast,Hm oreo frühstück solala ende mai,1.0 Portion(en),637.5,54.4,17.5,58.2
2026-05-26,snack,Vitamin Focus Water Reload ,500.0g,85.0,0.0,0.0,20.0
2026-05-26,lunch,Hüttenkäse,200.0g,190.0,21.8,8.0,7.4
2026-05-26,lunch,Salmone Poke Bowl - FELFEL,300.0g,495.0,20.7,12.9,72.0
2026-05-26,dinner,Trail mix - salty Protein mix,40.0g,210.4,10.4,12.8,12.0
2026-05-26,dinner,Sternenberger (Käse),120.0g,484.8,34.8,38.4,0.1
2026-05-26,snack,"Assorted cake slices (chocolate brownie, cheesecake, lemon tart) with chocolate milkshake",0g,718.0,14.0,29.0,89.0
2026-05-27,breakfast,Hm oreo frühstück solala ende mai,1.0 Portion(en),637.5,54.4,17.5,58.2
2026-05-27,breakfast,Butterlaugebrezel,70.0g,241.5,5.5,8.2,36.4
2026-05-27,breakfast,Kinder Bueno White,39.0g,222.7,3.3,14.0,20.7
2026-05-27,snack,Water Active Pineapple,500.0g,85.0,0.0,0.0,20.0
2026-05-28,breakfast,Hm oreo frühstück solala ende mai,1.0 Portion(en),637.5,54.4,17.5,58.2
2026-05-28,breakfast,Crunchy roll,90.0g,381.6,7.7,19.2,43.6
2026-05-28,breakfast,HiGHPROTEIN nature DRINK,500.0g,315.0,40.5,6.5,24.0
2026-05-28,lunch,Poulet Filetspitzen Indonesia,288.0g,391.7,60.5,16.1,1.4
2026-05-28,lunch,Mischsalat mit Falafel und Couscous,300.0g,366.0,9.0,23.4,25.5
2026-05-28,breakfast,Trockenfleisch,50.0g,115.5,22.5,2.5,0.8
2026-05-28,dinner,Felfel Overnight Oats Framboise,210.0g,321.3,7.3,11.1,46.2
2026-05-29,breakfast,Hm oreo frühstück solala ende mai,1.0 Portion(en),637.5,54.4,17.5,58.2
2026-05-29,snack,La fionrenzana,350.0g,143.5,2.8,0.3,32.6
2026-05-29,snack,Activia Pfirsich & Maracuja,115.0g,102.3,4.4,3.3,13.8
2026-05-29,snack,Salat Natur,300.0g,213.0,4.2,15.9,10.5
2026-05-29,breakfast,Kinder Bueno White,39.0g,222.7,3.3,14.0,20.7
2026-05-29,breakfast,Vanilla Protein Milk Felfel,230.0g,207.0,23.0,5.3,17.0
2026-05-29,dinner,BBQ,256.0g,378.9,46.1,19.7,4.4
2026-05-30,breakfast,Sternenberger (Käse),56.0g,226.2,16.2,17.9,0.1
2026-05-30,dinner,Rauchmöckli,45.0g,79.7,16.2,1.4,0.7
2026-05-30,breakfast,Power Gel,41.0g,103.3,0.0,0.0,25.8
2026-05-30,lunch,"Dinkelnudeln, gekocht",300.0g,384.0,13.8,3.3,72.0
2026-05-30,lunch,Rindsgeschnetzeltes,200.0g,252.0,40.0,10.0,1.0
2026-05-30,lunch,Bratensauce,200.0g,150.0,3.4,11.2,8.2
2026-05-30,breakfast,Urdinkelbrot,130.0g,318.5,10.4,5.2,61.1
2026-05-30,breakfast,Butter,30.0g,222.3,0.2,25.0,0.2
2026-05-30,breakfast,Haferkleie,50.0g,186.5,6.6,3.4,29.8
2026-05-30,breakfast,Milch 3.5% fett,150.0g,97.5,4.8,5.4,7.3
2026-05-30,breakfast,Kakaopulver,20.0g,73.4,4.0,4.2,1.8
2026-05-30,breakfast,Bodylab Whey Protein Latte Macchiato,30.0g,114.3,21.9,1.8,2.5
2026-05-30,breakfast,Saure Glühwürmchen,63.0g,209.8,2.7,0.0,48.5
2026-05-30,breakfast,"Joghurt 1,5% Fett",50.0g,23.0,1.5,0.8,2.0
2026-05-30,breakfast,Frischkäse light,25.0g,22.8,2.5,1.0,0.8
2026-05-30,snack,protein spread almond,25.0g,155.2,5.8,11.5,8.0
2026-05-30,snack,Urdinkelbrot,90.0g,220.5,7.2,3.6,42.3
2026-05-30,dinner,Protein clear drink ,500.0g,90.0,20.0,0.0,0.0
2026-05-30,dinner,Hamburger ,80.0g,176.0,14.4,12.0,2.4
2026-05-30,dinner,Butterzopf,70.0g,214.2,6.3,4.9,35.7
2026-05-31,lunch,"Pork strips with spätzle, mixed vegetables, and gravy sauce",0g,800.0,70.0,0,0
2026-06-01,breakfast,Oreo Frühstück 2026,1.0 Portion(en),539.3,45.5,14.8,51.1
2026-06-01,lunch,Thai Curry mit Reis,1.0 Portion(en),858.6,72.3,13.5,107.4
2026-06-01,dinner,Lotus Cheesecake High Protein,1.0 Portion(en),195.6,10.5,10.8,13.5
2026-06-01,snack,Focus water,500.0g,85.0,0.0,0.0,20.0
2026-06-01,dinner,Sour cream & onion Nüsse,60.0g,298.8,8.4,18.6,23.4
2026-06-01,dinner,Chicken shawarma with French fries and mixed salad with ranch dressing,0g,905.0,50.0,45.0,85.0
2026-06-02,lunch,Thai Curry mit Reis,1.0 Portion(en),858.6,72.3,13.5,107.4
2026-06-02,lunch,Oreo Frühstück 2026,1.0 Portion(en),539.3,45.5,14.8,51.1
2026-06-02,dinner,Lotus Cheesecake High Protein,1.0 Portion(en),195.6,10.5,10.8,13.5
2026-06-02,snack,Focus water,500.0g,85.0,0.0,0.0,20.0
2026-06-02,breakfast,"Apfel (mit Schale), frisch",260.0g,169.0,0.8,0.3,37.2
2026-06-02,lunch,Texan Pecan,66.0g,250.8,3.4,15.8,23.8
2026-06-02,snack,Croquant Muesli - Framboise,250.0g,322.5,9.8,11.2,45.0
2026-06-02,snack,BEEF JERKY ORIGINAL,40.0g,102.0,19.2,2.7,0.2
2026-06-02,snack,Vanilla Protein Milk,230.0g,207.0,23.2,5.3,17.0
2026-06-03,breakfast,Oreo Frühstück 2026,1.0 Portion(en),539.3,45.5,14.8,51.1
2026-06-03,lunch,Lachs Brokkoli Kartoffelauflauf,1.0 Portion(en),5169.7,296.9,283.9,365.4
2026-06-03,snack,Focus water,500.0g,85.0,0.0,0.0,20.0
2026-06-03,breakfast,"Apfel (mit Schale), frisch",260.0g,169.0,0.8,0.3,37.2
2026-06-03,lunch,Pouletbrust,350.0g,399.0,87.5,5.2,3.5
2026-06-04,breakfast,Oreo Frühstück 2026,1.0 Portion(en),539.3,45.5,14.8,51.1
2026-06-04,breakfast,Lotus Cheesecake High Protein,1.0 Portion(en),195.6,10.5,10.8,13.5
2026-06-04,dinner,maispoulez,300.0g,306.0,66.0,4.8,0.0
2026-06-05,breakfast,Oreo Frühstück 2026,1.0 Portion(en),539.3,45.5,14.8,51.1
2026-06-05,dinner,Trockenfleisch,400.0g,752.0,152.0,14.0,4.0
2026-06-05,lunch,Dürüm Döner,600.0g,1050.0,66.0,42.0,108.0
2026-06-05,dinner,Parmesan Käse,120.0g,475.2,36.8,36.7,0.0
2026-06-05,lunch,Power Layer,50.0g,188.5,15.0,9.0,16.5
2026-06-05,snack,Focus water,500.0g,85.0,0.0,0.0,20.0
2026-06-06,breakfast,Oreo Frühstück 2026,1.0 Portion(en),539.3,45.5,14.8,51.1
2026-06-06,breakfast,Bio Senner Extra,55.0g,209.0,15.4,17.6,0.3
2026-06-06,lunch,Nudelgratin mit Schinken,200.0g,320.0,2.0,14.0,32.0
2026-06-06,lunch,"Joghurt 1,5% Fett",130.0g,59.8,3.9,1.9,5.2
2026-06-06,lunch,Mayonnaise light,30.0g,93.3,0.2,9.6,1.2
2026-06-06,snack,Milsani High Protein Joghurt Pfirsich Orange ,200.0g,142.0,20.0,0.6,12.0
2026-06-07,breakfast,Oreo Frühstück 2026,1.0 Portion(en),539.3,45.5,14.8,51.1
2026-06-07,lunch,Mischsalat mit Poulet,600.0g,516.0,22.8,36.6,19.2
2026-06-07,lunch,Urdinkel Holzofenbrot,150.0g,466.5,16.6,12.9,68.4
2026-06-07,lunch,protein spread almond,30.0g,186.3,6.9,13.8,9.6
2026-06-07,lunch,Pouletaufschnitt,70.0g,74.9,14.7,1.4,0.7
2026-06-07,snack,"Nektarine, frisch",100.0g,57.0,0.9,0.1,12.4
2026-06-08,breakfast,Mango Chia Pudding,1.0 Portion(en),490.4,22.2,26.1,31.9
2026-06-08,lunch,Poulet für Fajitas,1.0 Portion(en),666.1,93.9,27.0,14.4
2026-06-08,lunch,Mozzarella light,125.0g,206.2,25.6,10.6,1.9
2026-06-08,lunch,High protein wrap,120.0g,351.6,21.6,8.4,44.4
2026-06-08,snack,Focus water,500.0g,85.0,0.0,0.0,20.0
2026-06-08,dinner,apero gruyère AOP,52.0g,215.8,17.2,16.1,0.5
2026-06-08,dinner,Croquant Muesli - Framboise,250.0g,322.5,9.8,11.2,45.0
2026-06-09,breakfast,Himbeer Chia Overnight Oats,1.0 Portion(en),511.8,38.0,12.8,49.1
2026-06-09,breakfast,Hefezopf ,40.0g,124.4,3.1,3.6,18.0
2026-06-09,breakfast,Pouletbrust mit Curry,40.0g,42.0,8.8,0.6,0.4
2026-06-09,breakfast,Bio wachteleier,45.0g,69.8,5.8,5.1,0.4
2026-06-09,snack,Salted peanuts,50.0g,315.5,14.0,25.5,5.5
2026-06-09,dinner,Penne alle  cinque P,380.0g,634.6,5.7,16.0,98.8
2026-06-09,dinner,cube le maréchal ,80.0g,310.4,20.0,25.6,0.0
2026-06-09,snack,Focus water,500.0g,85.0,0.0,0.0,20.0
2026-06-09,snack,Isoclear,45.0g,155.2,36.0,0.0,1.1
2026-06-09,lunch,köttbullar mit stock,460.0g,510.6,23.9,24.4,46.0
2026-06-10,breakfast,Oreo Frühstück 2026,1.0 Portion(en),539.3,45.5,14.8,51.1
2026-06-10,lunch,Poulet für Fajitas,1.0 Portion(en),666.1,93.9,27.0,14.4
2026-06-10,lunch,Mozzarella light,125.0g,206.2,25.6,10.6,1.9
2026-06-10,lunch,High protein wrap,120.0g,351.6,21.6,8.4,44.4
2026-06-10,dinner,protein bite ,40.0g,191.6,9.6,13.2,11.6
2026-06-10,dinner,Focus water,500.0g,85.0,0.0,0.0,20.0
2026-06-10,dinner,Croquant Muesli - Framboise,250.0g,322.5,9.8,11.2,45.0
2026-06-10,snack,Poulet Curry,70.0g,220.5,15.8,6.3,1.3
2026-06-10,snack,Urdinkel Holzofenbrot,60.0g,186.6,6.7,5.2,27.4
2026-06-10,snack,Fuzetea Eistee Zitrone,500.0g,150.0,0.0,0.0,36.0
2026-06-11,breakfast,Mango Chia Pudding,1.0 Portion(en),490.4,22.2,26.1,31.9
2026-06-11,dinner,Poulet für Fajitas,1.0 Portion(en),666.1,93.9,27.0,14.4
2026-06-11,dinner,Butterlaugebrezel,70.0g,241.5,5.5,8.2,36.4
2026-06-11,snack,Focus water,500.0g,85.0,0.0,0.0,20.0
2026-06-11,snack,High Protein Drink Chocolate Flavour,330.0g,234.3,36.3,1.0,17.5
2026-06-11,dinner,Smoked salmon bowl,210.0g,428.4,11.3,16.6,48.3
2026-06-11,dinner,High protein wrap,40.0g,117.2,7.2,2.8,14.8
2026-06-11,lunch,Hackbraten mit Soße,500.0g,750.0,39.5,52.0,29.0
2026-06-11,lunch,Kartoffelstock ,400.0g,412.0,8.4,20.8,47.2
2026-06-12,breakfast,Himbeer Chia Overnight Oats,1.0 Portion(en),511.8,38.0,12.8,49.1
2026-06-12,snack,"Karotten (Möhren), frisch",750.0g,292.5,6.0,1.5,51.0
2026-06-12,dinner,Snack Carrots,750.0g,195.0,7.5,1.5,36.0
2026-06-12,snack,15% Kaffeerahm Emmi,24.0g,39.1,0.7,3.6,1.0
2026-06-12,snack,Schwarzer Kaffee,200.0g,4.0,0.4,0.0,0.6
2026-06-12,dinner,Omlett,66.0g,72.6,10.4,2.9,0.7
2026-06-12,dinner,protein spread almond,10.0g,62.1,2.3,4.6,3.2
2026-06-12,dinner,Milch   Teilentrahmt Drink,400.0g,188.0,14.0,6.0,19.6
2026-06-12,dinner,Brownie z wisniami ,100.0g,408.0,21.0,13.0,46.0
2026-06-12,lunch,Pouletbrust,350.0g,399.0,87.5,5.2,3.5
2026-06-12,lunch,Kokosnussmilch fettreduziert,130.0g,157.3,0.9,15.6,1.8
2026-06-12,lunch,"Grüne Peperoni, frisch",160.0g,32.0,1.3,0.5,4.2
2026-06-12,lunch,Polenta (zubereitet),250.0g,237.5,6.0,4.5,41.5
2026-06-13,breakfast,Milch,410.0g,188.6,13.1,6.2,20.1
2026-06-13,breakfast,Farmer Müsli Kerne und Nüsse,130.0g,612.3,18.2,29.9,58.5
2026-06-13,snack,Hefezopf ,100.0g,311.0,7.8,9.0,44.9
2026-06-13,snack,protein spread almond,30.0g,186.3,6.9,13.8,9.6
2026-06-13,lunch,"Karotten (Möhren), frisch",650.0g,253.5,5.2,1.3,44.2
2026-06-13,dinner,Mozzarella light,125.0g,206.2,25.6,10.6,1.9
2026-06-13,dinner,alter fritz,30.0g,121.8,7.5,10.2,0.0
2026-06-14,breakfast,Blueberry Overnight Oats,1.0 Portion(en),482.1,24.4,15.6,47.7
2026-06-14,lunch,Pulled Beef,220.0g,354.2,40.0,10.3,24.9
2026-06-14,lunch,Roasted Sweet Potatoes,200.0g,238.0,2.4,2.4,50.0
2026-06-14,lunch,"Kohlrabi, gekocht",100.0g,26.0,1.9,0.1,3.5
2026-06-14,dinner,Brownie z wisniami ,100.0g,408.0,21.0,13.0,46.0
2026-06-14,dinner,Joghurt Nature 1.5%,300.0g,162.0,11.4,4.5,13.2
2026-06-14,snack,"Kirschen, frisch",250.0g,160.0,2.2,0.8,33.2
2026-06-14,snack,Farmer Cinnamon Roll,26.0g,121.4,1.9,5.5,15.3
2026-06-14,snack,Im your meal,500.0g,535.0,38.0,24.5,35.0
2026-06-14,snack,Joghurt Nature 1.5%,150.0g,81.0,5.7,2.2,6.6
2026-06-14,snack,Bio Vollmilch,150.0g,102.0,5.0,6.0,7.0
2026-06-15,breakfast,Kokos overnight oats,1.0 Portion(en),792.3,57.3,35.9,52.2
2026-06-15,lunch,Pulled Beef,220.0g,354.2,40.0,10.3,24.9
2026-06-15,lunch,Roasted Sweet Potatoes,200.0g,238.0,2.4,2.4,50.0
2026-06-15,lunch,"Kohlrabi, gekocht",100.0g,26.0,1.9,0.1,3.5
2026-06-15,snack,Water Active Pineapple,500.0g,85.0,0.0,0.0,20.0
2026-06-15,dinner,Ghackets mit Hörmli und Chäs,430.0g,614.9,35.7,14.6,81.7
2026-06-15,snack,Proteinshake Vanille,300.0g,183.0,30.0,0.6,14.4
2026-06-16,breakfast,Kokos overnight oats,1.0 Portion(en),792.3,57.3,35.9,52.2
2026-06-16,lunch,Pulled Beef,220.0g,354.2,40.0,10.3,24.9
2026-06-16,lunch,Roasted Sweet Potatoes,200.0g,238.0,2.4,2.4,50.0
2026-06-16,lunch,"Kohlrabi, gekocht",100.0g,26.0,1.9,0.1,3.5
2026-06-16,snack,Carazza,40.0g,149.6,4.4,8.8,13.2
2026-06-16,dinner,"Hühnerei, Eier, gekocht",120.0g,164.4,14.2,11.2,1.8
2026-06-16,dinner,Mayonnaise light,20.0g,62.2,0.1,6.4,0.8
2026-06-16,dinner,Toastbrot Weizen (Weizentoastbrot),50.0g,133.5,4.2,1.8,24.1
2026-06-16,dinner,Raclette Käse in Scheiben,48.0g,172.8,12.2,13.4,0.5
2026-06-16,dinner,"Putenschnitzel, paniert",125.0g,328.8,19.8,14.6,28.5
2026-06-17,breakfast,Kokos overnight oats,1.0 Portion(en),792.3,57.3,35.9,52.2
2026-06-17,snack,Coconut with Lemongrass & Tofu,450.0g,643.5,17.6,27.4,72.0
2026-06-17,snack,Vanilla Protein Milk,230.0g,207.0,23.2,5.3,17.0
2026-06-17,dinner,Raffaello,10.0g,62.8,0.7,4.9,3.8
2026-06-17,dinner,Schokoeier,6.0g,32.8,0.4,1.9,3.5
2026-06-17,lunch,Norwegische Lachsfilet,250.0g,510.0,55.5,32.0,0.0
2026-06-17,lunch,Kartoffeln roh,400.0g,308.0,8.0,0.4,64.0
2026-06-17,lunch,"Brokkoli (Broccoli), frisch",250.0g,85.0,9.5,0.5,6.8
2026-06-17,dinner,"Brokkoli (Broccoli), gekocht",408.0g,110.2,11.4,0.8,8.2
2026-06-17,dinner,"Blumenkohl, gekocht",400.0g,96.0,8.0,1.2,8.0
2026-06-18,breakfast,Kokos overnight oats,1.0 Portion(en),792.3,57.3,35.9,52.2
2026-06-18,lunch,Ghackets mit Hörnli,400.0g,488.0,32.0,12.0,60.0
2026-06-18,snack,Salted Caramel & Australian Macadamia,68.0g,244.8,2.6,14.3,25.8
2026-06-18,dinner,Premium Muesli Honey & Nuts,75.0g,359.2,8.2,15.8,43.5
2026-06-18,dinner,Milch,250.0g,115.0,8.0,3.8,12.2
2026-06-18,dinner,BBQ Pouletbrust Spiessli,300.0g,333.0,66.3,6.6,2.4
2026-06-18,dinner,Chef Select Salatbox Caesar,280.0g,330.4,14.6,25.2,6.7
2026-06-19,breakfast,Kokos overnight oats,1.0 Portion(en),792.3,57.3,35.9,52.2
2026-06-19,dinner,Pizza High Protein,1.0 Portion(en),508.8,50.6,6.0,60.0
2026-06-19,snack,Magnum White Chocolate & Cookies,74.0g,229.4,3.0,13.3,22.2
2026-06-19,snack,Milch Laktosefrei,400.0g,156.0,13.2,6.0,12.0
2026-06-19,dinner,Focus water,500.0g,85.0,0.0,0.0,20.0
2026-06-19,dinner,Classic Cornflakes,24.0g,94.8,1.1,1.9,18.5
2026-06-19,dinner,Himbeermilch,350.0g,157.5,10.5,4.5,16.8
2026-06-19,lunch,"Chicken and rice bowl with lettuce, red cabbage, carrot, and kidney beans",0g,700.0,40.0,15.0,60.0
2026-06-19,dinner,"Chicken salad bowl with lettuce, carrot, red cabbage, kidney beans, rice, and avocado",0g,175.0,17.0,7.2,14.0
2026-06-20,breakfast,Pizza High Protein,1.0 Portion(en),508.8,50.6,6.0,60.0
2026-06-20,dinner,High Protein Cinnamon Roll,1.0 Portion(en),193.8,11.0,4.2,27.7
2026-06-20,snack,Saft von Fass,1000.0g,180.0,0.0,0.0,42.0
2026-06-20,snack,Protein Quarkcreme,235.0g,155.1,20.4,2.8,11.5
2026-06-20,snack,Pouletbrust,200.0g,228.0,50.0,3.0,2.0
2026-06-20,dinner,Mischsalat mit Joghurtdressing,300.0g,342.0,6.0,27.0,18.0
2026-06-20,snack,high protein shake,330.0g,217.8,33.0,0.7,18.1
2026-06-20,dinner,"Greek yoghurt with mixed raspberries, banana, orange, blackberry, and peach",0g,500.0,40.0,15.0,0
2026-06-21,breakfast,Premium Muesli Honey & Nuts,150.0g,718.5,16.5,31.5,87.0
2026-06-21,breakfast,Milch,500.0g,230.0,16.0,7.5,24.5
2026-06-21,snack,Saure Glühwürmchen,110.0g,366.3,4.7,0.0,84.7
2026-06-21,snack,Dar Vida Gruyère,73.6g,325.3,11.0,11.8,40.5
2026-06-21,snack,Coca Cola Cherry,250.0g,107.5,0.0,0.0,26.8
2026-06-21,snack,shorley ,500.0g,130.0,0.0,0.0,31.0
2026-06-21,snack,Mischsalat mit Poulet,300.0g,258.0,11.4,18.3,9.6
2026-06-21,snack,Salznuesse,150.0g,928.5,36.0,76.5,16.5
2026-06-21,snack,Focus water,2000.0g,340.0,0.0,0.0,80.0
2026-06-21,snack,"Banane (ohne Schale), frisch",450.0g,418.5,5.0,0.9,90.0
2026-06-22,dinner,Lachs Brokkoli Kartoffelauflauf,1.0 Portion(en),5169.7,296.9,283.9,365.4
2026-06-22,dinner,Dürüm mit Poulet,300.0g,1071.0,50.7,77.7,38.1
2026-06-22,breakfast,Magerquark,500.0g,315.0,50.0,2.5,20.0
2026-06-22,breakfast,Kekse,33.0g,156.4,1.8,6.3,22.4
2026-06-22,lunch,Schokoladeneis,75.0g,212.2,3.9,13.2,18.6
2026-06-22,snack,Vanilla Protein Milk,230.0g,207.0,23.2,5.3,17.0
2026-06-23,lunch,Thai Curry,1.0 Portion(en),2460.4,333.6,116.0,16.2
2026-06-23,lunch,Chicken Fried Rice,480.0g,648.0,30.7,25.4,72.0
2026-06-23,breakfast,"Apfel (mit Schale), frisch",130.0g,84.5,0.4,0.1,18.6
2026-06-23,dinner,Focus water,500.0g,85.0,0.0,0.0,20.0
2026-06-24,dinner,Sweet potato minced beef,1.0 Portion(en),682.3,62.8,38.3,25.7
2026-06-24,breakfast,Riche en protéines crème dessert chocolat caramel ,150.0g,121.5,15.0,2.4,9.8
2026-06-24,breakfast,Protein Quarkcreme,235.0g,155.1,20.4,2.8,11.5
2026-06-24,lunch,"Nudeln, gekocht (aus Hartweizengrieß)",250.0g,357.5,12.5,1.2,70.2
2026-06-24,lunch,Soße Bolognese,450.0g,337.5,22.5,18.9,18.0
2026-06-24,snack,Pralinato Mini,21.0g,92.8,0.8,7.6,5.2
2026-06-24,dinner,Urdinkel Holzofenbrot,85.0g,264.4,9.4,7.3,38.8
2026-06-24,dinner,protein spread almond,20.0g,124.2,4.6,9.2,6.4
2026-06-25,lunch,Sweet potato minced beef,1.0 Portion(en),682.3,62.8,38.3,25.7
2026-06-25,snack,Super smoothie uplift,250.0g,155.0,1.0,0.2,34.2
2026-06-25,breakfast,Extreme Chocolate,145.0g,358.1,6.2,21.8,52.2
2026-06-26,lunch,Thai Curry,1.0 Portion(en),2460.4,333.6,116.0,16.2
2026-06-26,lunch,"Langkornreis, gekocht",300.0g,366.0,6.6,0.6,81.6
2026-06-26,breakfast,BEEF JERKY ORIGINAL,40.0g,102.0,19.2,2.7,0.2
2026-06-26,breakfast,apero gruyère AOP,52.0g,215.8,17.2,16.1,0.5
2026-06-26,dinner,Salmon Mango Poke Bowl,390.0g,651.3,16.0,10.9,74.1
2026-06-26,snack,Ovomaltine Crunchy Biscuit,31.0g,155.9,2.2,7.5,19.7
2026-06-26,snack,Premium Musli Triple Choc,80.0g,351.2,8.8,12.0,48.8
2026-06-26,snack,Joghurt Nature 1.5%,300.0g,162.0,11.4,4.5,13.2
2026-06-26,dinner,Focus water,500.0g,85.0,0.0,0.0,20.0
2026-06-26,dinner,Magerquark,500.0g,315.0,50.0,2.5,20.0
2026-06-26,dinner,Extrême mini vanille,39.0g,125.2,1.3,6.2,15.5
2026-06-27,breakfast,Premium Musli Triple Choc,120.0g,526.8,13.2,18.0,73.2
2026-06-27,breakfast,Milch,420.0g,193.2,13.4,6.3,20.6
2026-06-27,snack,Dar Vida Gruyère,46.0g,203.3,6.9,7.4,25.3
2026-06-27,snack,Power Layer Cookies and Cream,50.0g,198.0,16.5,9.0,17.5
2026-06-27,snack,Ovomaltine Crunchy Biscuit,31.0g,155.9,2.2,7.5,19.7
2026-06-27,lunch,Urdinkel Holzofenbrot,215.0g,668.6,23.9,18.5,98.0
2026-06-27,lunch,protein spread almond,30.0g,186.3,6.9,13.8,9.6
2026-06-27,lunch,Vita Reform,15.0g,81.0,0.1,9.0,0.1
2026-06-27,lunch,Bienenhonig cremig,20.0g,60.0,0.0,0.0,16.4
2026-06-27,dinner,Planted Kebab,170.0g,334.9,37.4,17.0,4.6
2026-06-27,dinner,High Protein Drink Chocolate Flavour,330.0g,234.3,36.3,1.0,17.5
2026-06-28,dinner,Brokkoli Taler,1.0 Portion(en),854.4,89.1,44.2,17.1
2026-06-28,breakfast,Clear whey blackberry geschmack,30.0g,104.1,24.3,0.0,0.5
2026-06-28,breakfast,Flohsamen,5.0g,10.3,0.1,0.1,0.0
2026-06-28,lunch,High protein wraps,120.0g,351.6,21.6,8.4,44.4
2026-06-28,lunch,Sour Cream,50.0g,106.0,0.5,9.5,4.5
2026-06-28,lunch,Planted Kebab,297.5g,586.1,65.5,29.8,8.0
2026-06-28,snack,Focus water,500.0g,85.0,0.0,0.0,20.0
2026-06-28,snack,Ice Tea Lemon,900.0g,117.0,0.0,0.0,27.9
2026-06-28,snack,Cornet mit Vanilleglace,68.5g,187.7,3.2,8.2,25.3
2026-06-28,snack,Glace twister,72.0g,62.6,0.4,0.4,14.4
2026-06-28,dinner,"Karotten (Möhren), frisch",550.0g,214.5,4.4,1.1,37.4
2026-06-28,dinner,"Nektarine, frisch",250.0g,142.5,2.2,0.2,31.0
2026-06-28,dinner,"Erdbeeren, frisch",150.0g,54.0,1.2,0.6,8.2
2026-06-28,dinner,gemischter salat,300.0g,396.0,9.3,22.8,34.5
2026-06-29,lunch,Brokkoli Taler,1.0 Portion(en),854.4,89.1,44.2,17.1
2026-06-29,breakfast,Hm oreo frühstück solala ende mai,1.0 Portion(en),637.5,54.4,17.5,58.2
2026-06-29,dinner,Flachpfirsich,230.0g,103.5,2.3,0.7,25.1
2026-06-29,dinner,Butterbrezeli mit Sonnenblumenkernen,70.0g,275.1,6.3,14.7,28.0
2026-06-29,snack,Giovanni's tosato gnocchi,500.0g,645.0,18.5,7.5,120.0
2026-06-29,snack,Power Layer Cookies and Cream,50.0g,198.0,16.5,9.0,17.5
2026-06-29,lunch,poke Bowl Chicken Asia4You,250.0g,317.5,14.2,7.5,47.5
2026-06-30,breakfast,Hm oreo frühstück solala ende mai,1.0 Portion(en),637.5,54.4,17.5,58.2
2026-07-01,breakfast,Hm oreo frühstück solala ende mai,1.0 Portion(en),637.5,54.4,17.5,58.2
2026-07-01,lunch,Gemüse Nudeln,1.0 Portion(en),5621.0,273.9,198.5,646.9
2026-07-01,snack,Sour cream & onion Nüsse,60.0g,298.8,8.4,18.6,23.4
2026-07-02,breakfast,Hm oreo frühstück solala ende mai,1.0 Portion(en),637.5,54.4,17.5,58.2
2026-07-02,lunch,Gemüse Nudeln,1.0 Portion(en),5621.0,273.9,198.5,646.9
2026-07-02,dinner,Gemüse Nudeln,1.0 Portion(en),5621.0,273.9,198.5,646.9
2026-07-02,snack,Spar Vollmilch 3.5%,300.0g,192.0,9.6,10.5,14.4
2026-07-02,snack,Ovomaltine Crisp Müesli,50.0g,204.5,4.7,4.7,34.0
2026-07-02,snack,Butterbrezeli mit Sonnenblumenkernen,70.0g,275.1,6.3,14.7,28.0
2026-07-02,dinner,BEEF JERKY ORIGINAL,40.0g,102.0,19.2,2.7,0.2
2026-07-02,dinner,"Karotten (Möhren), frisch",300.0g,117.0,2.4,0.6,20.4
2026-07-03,breakfast,Hm oreo frühstück solala ende mai,1.0 Portion(en),637.5,54.4,17.5,58.2
2026-07-03,breakfast,Pure kornkraft,100.0g,286.0,11.0,16.0,20.0
2026-07-03,snack,Ger. Erdnüsse Chili Geschmack,60.0g,298.2,8.4,18.6,23.4
2026-07-03,dinner,Honig,20.0g,61.2,0.1,0.0,15.0
2026-07-03,dinner,Ovomaltine crunchy cream,10.0g,54.7,0.4,3.2,5.9
2026-07-03,dinner,protein spread almond,10.0g,62.1,2.3,4.6,3.2
2026-07-03,dinner,Dinkel Vollkornbrot,200.0g,440.0,15.2,5.2,76.0
2026-07-03,snack,Glace twister,72.0g,62.6,0.4,0.4,14.4
2026-07-03,snack,Vanilla Protein Milk,230.0g,207.0,23.2,5.3,17.0
2026-07-03,dinner,Biscoff Aufstrich,8.0g,45.7,0.3,2.9,4.7
2026-07-03,dinner,Focus water,500.0g,85.0,0.0,0.0,20.0
2026-07-03,lunch,Vegetable curry with seitan and white rice,0g,659.0,40.0,15.0,91.0
2026-07-03,lunch,"Pork red curry with broccoli, pineapple, and coconut milk served with white rice",0g,702.0,0,30.0,75.0
2026-07-04,breakfast,Milch,500.0g,230.0,16.0,7.5,24.5
2026-07-04,breakfast,Premium Musli Triple Choc,150.0g,658.5,16.5,22.5,91.5
2026-07-04,snack,Sportness Protein Riegel 50%  Brownie-Chocolate-Crisp,90.0g,323.1,45.0,9.9,20.7
2026-07-04,lunch,Dar Vida Gruyère,46.0g,203.3,6.9,7.4,25.3
2026-07-04,breakfast,V by valais RECHARGE lemon-lime,750.0g,82.5,0.0,0.0,22.5
2026-07-04,breakfast,Focus water,500.0g,85.0,0.0,0.0,20.0
2026-07-04,lunch,Kambly Zitronenblatt,8.8g,43.4,0.6,2.0,5.5
2026-07-04,lunch,Ice Tea Lemon,600.0g,78.0,0.0,0.0,18.6
2026-07-05,dinner,Butter Chicken mit Wildreis,1.0 Portion(en),523.2,48.8,6.1,65.9
2026-07-05,snack,Vegi lasagne,1.0 Portion(en),5806.7,305.3,171.3,721.5
2026-07-06,lunch,Butter Chicken mit Wildreis,1.0 Portion(en),523.2,48.8,6.1,65.9
2026-07-06,breakfast,Aronia Chia Pudding,1.0 Portion(en),439.7,37.1,15.9,24.9
2026-07-06,dinner,Nüsslisalat,500.0g,115.0,10.0,2.0,10.0
2026-07-06,dinner,French Dressing,50.0g,228.5,0.4,22.4,7.8
2026-07-06,dinner,Balance Oil,12.0g,100.4,0.0,11.0,0.0
2026-07-06,snack,Snickers,50.0g,244.5,4.3,11.5,30.0
2026-07-06,dinner,Pastrami bagel,240.0g,532.8,28.8,20.2,57.6
2026-07-06,dinner,protein bite ,40.0g,191.6,9.6,13.2,11.6
2026-07-06,lunch,"Brokkoli (Broccoli), gekocht",250.0g,67.5,7.0,0.5,5.0
2026-07-06,dinner,Lachs,120.0g,194.4,24.5,10.8,0.0
2026-07-06,dinner,Urdinkel Holzofenbrot,90.0g,279.9,10.0,7.7,41.0
2026-07-07,breakfast,Aronia Chia Pudding,1.0 Portion(en),439.7,37.1,15.9,24.9
2026-07-07,lunch,Vegi lasagne,1.0 Portion(en),5806.7,305.3,171.3,721.5
2026-07-07,dinner,Basmati Reis gekocht,1.0 Portion(en),3580.0,86.0,11.0,780.0
2026-07-07,dinner,Skyr Cinnamon Rolls,1.0 Portion(en),255.9,13.1,5.5,32.7
2026-07-07,breakfast,"Banane (ohne Schale), frisch",150.0g,139.5,1.6,0.3,30.0
2026-07-07,snack,Refresh,400.0g,88.0,0.0,0.0,20.8
2026-07-07,snack,Focus water,500.0g,85.0,0.0,0.0,20.0
2026-07-07,snack,Polpette con sugo,400.0g,411.6,28.4,28.4,28.4
2026-07-07,dinner,Gruyères Stick de Boeuf,80.0g,392.8,24.8,32.0,0.0
2026-07-07,dinner,"Lachs, roh",70.0g,91.7,12.6,4.4,0.0
2026-07-08,breakfast,Aronia Chia Pudding,1.0 Portion(en),439.7,37.1,15.9,24.9
2026-07-08,lunch,Butter Chicken mit Wildreis,1.0 Portion(en),523.2,48.8,6.1,65.9
2026-07-08,dinner,Skyr Cinnamon Rolls,1.0 Portion(en),255.9,13.1,5.5,32.7
2026-07-08,lunch,"Brokkoli (Broccoli), gekocht",250.0g,67.5,7.0,0.5,5.0
2026-07-08,snack,NicNac's,35.0g,175.0,6.0,10.5,12.9
2026-07-08,dinner,Butterbrezeli mit Sonnenblumenkernen,70.0g,275.1,6.3,14.7,28.0
2026-07-08,dinner,Poulet - Curry Wrap,210.0g,375.9,18.5,17.2,35.7
2026-07-08,lunch,Kefir,120.0g,57.6,4.2,1.9,5.9
2026-07-08,dinner,Karottensaft (Möhrensaft),250.0g,60.0,1.5,0.2,12.0
2026-07-08,dinner,"Apfel (mit Schale), frisch",130.0g,84.5,0.4,0.1,18.6
2026-07-08,snack,Flohsamen,10.0g,20.6,0.3,0.1,0.0
2026-07-08,snack,Magerquark,250.0g,157.5,28.8,0.2,10.0
2026-07-08,snack,Dinkel Vollkornmehl,20.0g,68.4,2.8,0.4,12.6
2026-07-09,breakfast,Aronia Chia Pudding,1.0 Portion(en),439.7,37.1,15.9,24.9
2026-07-09,snack,Sour cream & onion Nüsse,60.0g,298.8,8.4,18.6,23.4
2026-07-09,dinner,Mozzarella light,125.0g,206.2,25.6,10.6,1.9
2026-07-09,dinner,Granola super nutty,80.0g,388.0,9.3,18.4,43.4
2026-07-09,dinner,Mokka Joghurt,200.0g,194.0,8.4,6.2,26.0
2026-07-09,lunch,"Kartoffeln (mit Schale), gekocht",750.0g,555.0,15.0,0.8,111.0
2026-07-09,lunch,Cottage Cheese,300.0g,285.0,32.7,12.0,11.1
2026-07-09,lunch,Thomynaise,30.0g,91.8,0.2,9.4,1.4
2026-07-09,lunch,Knoblauchcreme,5.0g,5.5,0.1,0.2,0.7
2026-07-09,lunch,Tomato Ketchup / Tomaten Ketchup,22.5g,22.9,0.3,0.0,5.2
2026-07-09,lunch,Senf,15.0g,16.6,0.9,1.0,0.6
2026-07-09,dinner,Hexenkäse extra würzig,60.0g,257.4,14.4,21.6,0.0
2026-07-09,snack,Flohsamen,5.0g,10.3,0.1,0.1,0.0
2026-07-09,snack,Magerquark,125.0g,78.8,14.4,0.1,5.0
2026-07-09,snack,Dinkel Vollkornmehl,10.0g,34.2,1.4,0.2,6.3
2026-07-09,dinner,Pain complet protéines,100.0g,238.0,20.0,9.8,11.0
2026-07-09,dinner,protein spread almond,25.0g,155.2,5.8,11.5,8.0
2026-07-10,breakfast,Mango Chia Pudding 2.0,1.0 Portion(en),452.4,30.3,20.4,29.6
2026-07-10,lunch,Thai Curry,1.0 Portion(en),1048.9,87.5,29.9,92.0
2026-07-10,snack,Vanilla Protein Milk,230.0g,207.0,23.2,5.3,17.0
2026-07-11,snack,zimtschnegge 4 stk,400.0g,1028.0,32.0,28.0,152.0
2026-07-11,lunch,Magnum Mandel,86.0g,284.7,4.2,18.1,25.8
2026-07-11,snack,Ice Cream Sandwich,70.0g,203.7,3.6,7.7,28.7
2026-07-11,dinner,shorley ,500.0g,130.0,0.0,0.0,31.0
2026-07-11,dinner,Saft von Fass,500.0g,90.0,0.0,0.0,21.0
2026-07-11,dinner,Skyre Yoghurt Drink Mango Passion Fruit,350.0g,269.5,22.8,5.2,32.6
2026-07-11,dinner,Skyr Drink Mango & Passion,330.0g,191.4,29.0,0.3,16.5
2026-07-11,dinner,Roggenbrot (Graubrot),115.0g,243.8,6.2,1.4,46.9
2026-07-11,dinner,Butter,15.0g,111.2,0.1,12.5,0.1
2026-07-11,dinner,"Bündnerfleisch (Trockenfleisch, Dörrfleisch)",45.0g,85.5,17.7,1.6,0.2
2026-07-11,dinner,"Hühnerei, Eier, gekocht",35.0g,48.0,4.1,3.3,0.5
2026-07-11,dinner,Mountain Twister alkoholfrei,330.0g,108.9,1.6,1.6,27.1
2026-07-11,dinner,Cottage Cheese,80.0g,76.0,8.7,3.2,3.0
2026-07-11,dinner,Kochschinken (Vorderschinken),90.0g,108.9,17.6,3.9,1.0
2026-07-11,dinner,Bio Senner Extra,25.0g,95.0,7.0,8.0,0.1
2026-07-11,breakfast,High Protein Drink Pistacho-Flavour,330.0g,198.0,35.0,0.3,13.9
2026-07-11,breakfast,Zimtschnecke,63.0g,241.9,3.7,15.4,22.2
2026-07-11,breakfast,Quille,25.0g,88.5,0.0,0.1,21.8
2026-07-12,breakfast,Aronia Chia Pudding,1.0 Portion(en),439.7,37.1,15.9,24.9
2026-07-12,dinner,Mango Chia Pudding 2.0,1.0 Portion(en),452.4,30.3,20.4,29.6
2026-07-12,breakfast,Hefezopf ,50.0g,155.5,3.9,4.5,22.4
2026-07-12,breakfast,protein spread almond,20.0g,124.2,4.6,9.2,6.4
2026-07-12,breakfast,M-Budget Wave-Chips,30.0g,153.3,1.7,8.4,16.8
2026-07-12,snack,zimtschnegge 4 stk,100.0g,257.0,8.0,7.0,38.0
2026-07-12,lunch,"Thunfisch (in Wasser), Konserve",150.0g,150.0,34.4,0.6,1.2
2026-07-12,lunch,Mayonnaise light,40.0g,124.4,0.3,12.8,1.6
2026-07-12,lunch,Nori-Blätter,8.4g,25.3,3.7,0.3,0.4
2026-07-12,lunch,Sushireis gekocht,350.0g,395.5,7.3,0.7,87.5
2026-07-12,dinner,"Hühnerei, Eier, roh",240.0g,328.8,28.3,22.3,3.6
2026-07-13,snack,Schoko Bananen Glace mit Cottage Cheese,1.0 Portion(en),82.1,4.2,2.1,10.8
2026-07-13,dinner,Pouletfleisch Kebab,400.0g,664.0,72.0,40.0,4.0
2026-07-13,dinner,Kebab Brot,80.0g,194.4,6.7,0.8,38.8
2026-07-13,lunch,Rotebeete,150.0g,63.0,2.2,0.1,12.6
2026-07-13,lunch,Sushireis gekocht,200.0g,226.0,4.2,0.4,50.0
2026-07-13,lunch,Gekochte eier,126.0g,192.8,16.4,13.9,0.8
2026-07-13,lunch,Steak,170.0g,232.9,32.8,10.5,1.7
2026-07-13,lunch,Salatsauce französisch,20.0g,78.4,0.3,8.5,0.1
2026-07-13,lunch,Actimel,100.0g,73.0,2.8,1.5,10.8
2026-07-13,lunch,"Blumenkohl, gekocht",400.0g,96.0,8.0,1.2,8.0
2026-07-13,dinner,Refresh,400.0g,88.0,0.0,0.0,20.8
2026-07-13,dinner,Cashewkerne umhüllt von Kokosraspeln,65.0g,347.8,7.8,24.7,22.8
2026-07-13,dinner,Schokoeier,6.0g,32.8,0.4,1.9,3.5
2026-07-13,dinner,Urdinkelbrot,45.0g,113.4,5.0,1.5,18.9
2026-07-13,dinner,Ovomaltine Crunchy Cream,20.0g,109.0,0.8,6.4,11.9
2026-07-14,snack,Thai Bolognese,1.0 Portion(en),2064.1,162.1,135.6,35.8
2026-07-14,lunch,Thai Bolognese,1.0 Portion(en),2064.1,162.1,135.6,35.8
2026-07-14,snack,Schoko Bananen Glace mit Cottage Cheese,1.0 Portion(en),82.1,4.2,2.1,10.8
2026-07-14,snack,"Sweet Potato, baked",250.0g,225.0,5.0,0.2,51.8
2026-07-14,snack,Mayonnaise light,30.0g,93.3,0.2,9.6,1.2
2026-07-14,lunch,Burrata,150.0g,388.5,15.4,35.0,3.0
2026-07-14,lunch,"Süßkartoffeln (ohne Schale), gebacken",200.0g,192.0,4.0,0.2,42.0
2026-07-14,lunch,Creme fraiche,40.0g,135.2,0.9,14.0,1.2
2026-07-14,dinner,Muesli croustillant noix et miel,70.0g,326.9,7.6,13.6,41.0
2026-07-14,dinner,Milch,100.0g,46.0,3.2,1.5,4.9
2026-07-14,dinner,Milch,300.0g,138.0,9.6,4.5,14.7
2026-07-14,snack,Ice Cream Sandwich,70.0g,203.7,3.6,7.7,28.7
2026-07-15,dinner,Udon mit Hack Vegan,1.0 Portion(en),777.2,41.1,41.9,52.3
2026-07-15,breakfast,Urdinkelbrot,70.0g,176.4,7.7,2.3,29.4
2026-07-15,breakfast,Halbfettbutter,10.0g,36.0,0.0,4.0,0.0
2026-07-15,breakfast,Poulet Aufschnitt,100.0g,106.0,21.0,2.0,1.0
2026-07-15,breakfast,Poulet Geschnetzeltes,300.0g,327.0,75.0,3.0,0.0
2026-07-15,breakfast,Skyr Choco,150.0g,81.0,13.2,0.8,6.0
2026-07-15,lunch,Schweinsnierstück steak,100.0g,127.0,22.0,4.0,0.7
2026-07-15,lunch,Gekochte eier,63.0g,96.4,8.2,6.9,0.4
2026-07-15,snack,"Honigmelone, frisch",525.0g,299.2,4.7,0.5,65.1
2026-07-16,lunch,Vaya,148.0g,627.5,31.1,17.8,79.9
2026-07-16,dinner,Bruschette Chips,70.0g,317.1,6.4,9.8,49.7
2026-07-16,dinner,Kéfir Activia Mangue,200.0g,146.0,6.2,6.2,16.2
2026-07-16,dinner,Crunchy Classic,50.0g,223.0,4.5,6.5,35.0
2026-07-16,dinner,Sonnenblumenkerne mit Schale,80.0g,316.8,13.7,27.2,4.3
2026-07-16,breakfast,Magerquark Coop,500.0g,280.0,55.0,0.0,15.5
2026-07-16,breakfast,Japanische Weinbeere,70.0g,33.6,0.8,0.7,4.2
2026-07-16,breakfast,"Heidelbeeren (Blaubeeren), frisch",120.0g,55.2,0.7,0.7,7.2
2026-07-16,breakfast,Kakaopulver,10.0g,36.7,2.0,2.1,0.9
2026-07-16,breakfast,Espresso,30.0g,2.7,0.0,0.1,0.5
2026-07-16,breakfast,Bodylab Whey Protein Latte Macchiato,20.0g,76.2,14.6,1.2,1.6
2026-07-16,breakfast,bio chiasamen,30.0g,134.4,5.1,9.3,2.3
2026-07-16,snack,"Omelette with cheddar cheese, whole grain bread roll, and green olives",0g,517.0,29.0,27.0,44.0
2026-07-17,breakfast,Saumon fumé nature Les domaines agricoles,100.0g,196.0,22.6,11.3,0.9
2026-07-17,breakfast,drinkplus zott,250.0g,192.5,27.0,2.8,13.8
2026-07-17,breakfast,Kéfir Activia Mangue,200.0g,146.0,6.2,6.2,16.2
2026-07-17,lunch,Cremos vanilla Greek style yogurt ,450.0g,603.0,15.3,36.0,54.0
2026-07-17,snack,drinkplus zott,250.0g,192.5,27.0,2.8,13.8
2026-07-17,dinner,chips,50.0g,287.0,3.3,18.2,27.3
2026-07-17,dinner,Chips au poulet braisé,60.0g,313.2,3.8,18.6,31.2
2026-07-17,dinner,Hawaii,250.0g,92.5,0.0,0.0,22.5
2026-07-18,lunch,Tacos poulet ,400.0g,776.0,47.6,51.6,20.0
2026-07-18,dinner,Shawarma,500.0g,750.0,90.0,35.0,50.0
2026-07-18,snack,oreo glace ,64.0g,217.0,2.2,12.8,23.0
2026-07-18,snack,Chergui Sport Mangue,260.0g,153.4,20.8,1.8,14.3
2026-07-18,snack,Lucioles,90.0g,300.6,5.0,0.0,70.2
2026-07-18,snack,Kéfir Activia Mangue,200.0g,146.0,6.2,6.2,16.2
2026-07-19,breakfast,Yaourt Fruit Brasse,250.0g,220.0,8.2,7.2,30.0
2026-07-19,breakfast,drinkplus zott,200.0g,154.0,21.6,2.2,11.0
2026-07-19,breakfast,Toastbrot Weizen (Weizentoastbrot),100.0g,267.0,8.3,3.6,48.1
2026-07-19,breakfast,Grana Padano,40.0g,159.2,13.2,11.6,0.0
2026-07-19,breakfast,Kéfir Activia Mangue,200.0g,146.0,6.2,6.2,16.2
2026-07-19,dinner,Tacos poulet ,450.0g,873.0,53.5,58.0,22.5
2026-07-19,snack,oreo glace ,64.0g,217.0,2.2,12.8,23.0
2026-07-19,snack,Kekse,66.0g,312.8,3.6,12.5,44.9
2026-07-19,dinner,Chergui Sport Mangue,460.0g,271.4,36.8,3.2,25.3
2026-07-20,breakfast,Gekochte eier,63.0g,96.4,8.2,6.9,0.4
2026-07-20,dinner,Parmesan Käse,120.0g,475.2,36.8,36.7,0.0
2026-07-20,lunch,"Large couscous with chicken, cooked carrots, zucchini, potatoes, and caramelized onions",0g,643.0,44.0,14.0,108.0
2026-07-21,breakfast,Nougat Bits,80.0g,388.8,5.6,17.6,50.4
2026-07-21,breakfast,Milch 3.5% fett,400.0g,260.0,12.8,14.4,19.6
2026-07-21,snack,proteine on,180.0g,151.2,19.8,0.9,19.8
2026-07-22,snack,proteine on,180.0g,151.2,19.8,0.9,19.8
2026-07-22,snack,Cashews Roasted & Salted,75.0g,463.5,13.9,37.5,16.3
2026-07-23,snack,Premium granola super berry,100.0g,448.0,10.5,15.7,62.2
2026-07-23,snack,Coop Naturjoghurt,300.0g,192.0,12.9,10.5,11.4
2026-07-23,lunch,McWrap Chicken Greek -Style,278.0g,597.7,22.0,33.4,52.8
2026-07-23,lunch,Netzkartoffeln,130.0g,405.6,3.9,22.1,45.5
2026-07-23,breakfast,Chicken Sandwich,220.0g,504.9,34.8,21.6,49.3
2026-07-23,dinner,Glace sorbet citron,150.0g,175.5,0.5,0.0,46.5
2026-07-23,dinner,Pouletbrust Schinken,130.0g,148.2,32.5,1.3,1.6
2026-07-23,dinner,Magerquark,500.0g,310.0,55.0,1.0,20.0
2026-07-24,breakfast,"Pfirsich, frisch",130.0g,57.2,1.0,0.1,11.6
2026-07-24,snack,Vollkorntoast,100.0g,246.0,8.5,3.7,41.7
2026-07-24,snack,Vita Reform,20.0g,108.0,0.1,12.0,0.1
2026-07-24,snack,Honig,3.0g,9.2,0.0,0.0,2.3
2026-07-24,lunch,Cottage Cheese,100.0g,95.0,10.9,4.0,3.7
2026-07-24,lunch,Mayonnaise light,15.0g,46.6,0.1,4.8,0.6
2026-07-24,lunch,Norwegische Lachsfiletportionen,470.0g,1001.1,85.1,74.7,0.0
2026-07-24,lunch,"Brokkoli (Broccoli), frisch",610.0g,207.4,23.2,1.2,16.5
2026-07-24,lunch,"Zwiebel, frisch",100.0g,30.0,1.2,0.2,4.9
2026-07-24,snack,Edelbitter 90% Cacao,50.0g,302.5,5.5,25.9,8.1
2026-07-24,snack,"Banane (ohne Schale), frisch",150.0g,139.5,1.6,0.3,30.0
2026-07-24,snack,Eistee Zitrone,330.0g,82.5,1.3,1.3,19.8
2026-07-25,breakfast,Vollkorntoast,100.0g,246.0,8.5,3.7,41.7
2026-07-25,breakfast,Vita Reform,20.0g,108.0,0.1,12.0,0.1
2026-07-25,breakfast,Honig,40.0g,122.4,0.2,0.0,30.0
2026-07-25,snack,Premium granola super berry,100.0g,448.0,10.5,15.7,62.2
2026-07-25,snack,Coop Naturjoghurt,380.0g,243.2,16.3,13.3,14.4
2026-07-25,snack,Tortilla Protein Chips,120.0g,481.2,49.2,13.2,33.6
2026-07-25,dinner,Jolly Oats High Protein Bircher Müsli,250.0g,382.5,22.2,7.2,54.2
2026-07-25,dinner,Skandinavischer Räucherlachs,120.0g,208.8,25.2,12.0,0.0
2026-07-25,dinner,Bio organic Grunchy Lidl ,225.0g,288.0,9.9,9.4,40.5
2026-07-26,breakfast,Aronia overnight,1.0 Portion(en),463.4,17.2,13.4,57.7
2026-07-26,lunch,Vegi Tortilla,1.0 Portion(en),673.7,56.5,37.5,21.8
2026-07-26,breakfast,Marmor cake,75.0g,328.5,4.8,18.8,34.5
2026-07-26,breakfast,"Joghurt 1,5% Fett",120.0g,55.2,3.6,1.8,4.8
2026-07-26,lunch,Tortilla Wraps Mehrkorn,124.0g,388.1,12.2,8.4,64.5
2026-07-26,lunch,Sour Cream,70.0g,148.4,0.7,13.3,6.2
2026-07-26,snack,"Passionsfrucht, frisch",40.0g,26.8,1.0,0.2,3.8
2026-07-26,dinner,Schweinsnierstückplätzli,152.0g,244.7,34.5,11.9,0.2
2026-07-26,dinner,Rösti,250.0g,410.0,7.5,20.5,50.0
2026-07-27,breakfast,Aronia mit Magerquark 2.0,1.0 Portion(en),435.1,17.3,13.6,49.4
2026-07-27,lunch,Vegi Tortilla,1.0 Portion(en),673.7,56.5,37.5,21.8
2026-07-27,dinner,Butter Chicken Delhi Style,500.0g,675.0,34.0,29.5,65.0
2026-07-27,lunch,Tortilla Wraps Mehrkorn,124.0g,388.1,12.2,8.4,64.5
2026-07-27,lunch,Sour Cream,70.0g,148.4,0.7,13.3,6.2
2026-07-27,snack,protein bite ,40.0g,191.6,9.6,13.2,11.6
2026-07-27,snack,Apero tete de moine AOP,52.0g,217.9,13.0,17.8,0.1
2026-07-27,snack,Butterbrezeli mit Sonnenblumenkernen,100.0g,393.0,9.0,21.0,40.0
2026-07-27,dinner,Poulet Brust filet,250.0g,257.5,55.0,4.2,0.0
2026-07-28,breakfast,Aronia mit Magerquark 2.0,1.0 Portion(en),435.1,17.3,13.6,49.4
2026-07-28,breakfast,Vanilla Protein Milk,230.0g,207.0,23.2,5.3,17.0
2026-07-28,lunch,Sour Cream,70.0g,148.4,0.7,13.3,6.2
2026-07-28,dinner,Butter Chicken Delhi Style,500.0g,675.0,34.0,29.5,65.0
2026-07-28,snack,Ovomaltine Crunchy Biscuit,62.0g,311.9,4.4,15.1,39.4
2026-07-28,snack,"Heidelbeeren (Blaubeeren), frisch",250.0g,115.0,1.5,1.5,15.0
2026-07-28,dinner,Bio Senner Extra,50.0g,190.0,14.0,16.0,0.2
2026-07-28,lunch,Poulet Brust filet,250.0g,257.5,55.0,4.2,0.0
2026-07-28,lunch,Lasagne Bolognese (Hackfleisch Light),500.0g,680.0,31.5,24.0,80.5
2026-07-29,lunch,Udon mit Hack Vegan,1.0 Portion(en),777.2,41.1,41.9,52.3
2026-07-29,breakfast,Ovomaltine Drink,500.0g,385.0,15.5,10.0,58.0
2026-07-29,breakfast,True Dates Sour Apple,80.0g,264.0,1.8,1.9,55.2
2026-07-29,breakfast,Focus water,1500.0g,255.0,0.0,0.0,60.0
2026-07-29,breakfast,ültje nüsse,100.0g,590.0,25.0,46.0,16.0
2026-07-29,breakfast,Raw bio energy,50.0g,196.0,1.8,8.6,25.5
2026-07-29,breakfast,Country Nuts,30.0g,170.7,5.4,12.3,7.5
2026-07-29,breakfast,Mini-Hähnchenbrust Filetstücke Curry,150.0g,208.5,35.9,5.5,3.3
2026-07-29,snack,Glace,65.0g,219.1,1.8,13.0,23.4
2026-07-29,dinner,Skandinavischenr Räucherlachs,125.0g,202.5,25.5,11.2,0.0
2026-07-30,breakfast,Buttergipfel,55.0g,216.2,5.0,11.0,23.6
2026-07-30,breakfast,Protein Mix,20.0g,117.2,6.2,9.2,1.4
